date,spot_mid,spot_sell,cost_rate,log_ret,myr_1m,usd_1m,vol_30d,vol_90d,rate_diff
2015-01-02,3.51,3.511,3.521533,,,0.02,,,
2015-01-05,3.5398,3.541,3.5516229999999998,0.008454190896742153,,0.02,,,
2015-01-06,3.555,3.556,3.5666679999999995,0.004284834880687871,,0.02,,,
2015-01-07,3.572,3.5735,3.5842205,0.004770599759048366,,0.02,,,
2015-01-08,3.568,3.5695,3.5802085,-0.0011204482964897178,,0.01,,,
2015-01-09,3.555,3.5565,3.5671695,-0.0036501514625586484,,0.02,,,
2015-01-12,3.5505,3.552,3.5626559999999996,-0.0012666246151931126,,0.02,,,
2015-01-13,3.5755,3.577,3.587731,0.007016587866302437,,0.02,,,
2015-01-14,3.594,3.595,3.605785,0.005160761855053542,,0.02,,,
2015-01-15,3.5715,3.573,3.5837189999999994,-0.0062801127484770625,,0.03,,,
2015-01-16,3.57,3.572,3.5827159999999996,-0.00042007982134251165,,0.02,,,
2015-01-19,3.5665,3.568,3.5787039999999997,-0.0009808730555918022,,0.02,,,
2015-01-20,3.5985,3.6,3.6108,0.008932369229766035,,0.01,,,
2015-01-21,3.6225,3.624,3.6348719999999997,0.0066473032469784865,,0.01,,,
2015-01-22,3.6115,3.613,3.623839,-0.003041196703935878,,0.02,,,
2015-01-23,3.595,3.5965,3.6072894999999994,-0.004579207335754454,,0.02,,,
2015-01-26,3.607,3.6085,3.6193254999999995,0.0033324107483920784,,0.02,,,
2015-01-27,3.61,3.6115,3.6223344999999996,0.0008313704233875452,,0.02,,,
2015-01-28,3.624,3.6255,3.6363765,0.0038706158359433918,,0.02,,,
2015-01-29,3.634,3.635,3.6459049999999995,0.002755581793246309,,0.01,,,
2015-01-30,3.6235,3.625,3.6358749999999995,-0.002893560406780349,,0.01,,,
2015-02-04,3.558,3.5595,3.5701784999999995,-0.018241820323555702,,0.01,,,
2015-02-05,3.573,3.574,3.5847219999999993,0.004206989797629568,,0.02,,,
2015-02-06,3.5525,3.5545,3.5651634999999997,-0.005753998052154152,,0.01,,,
2015-02-09,3.56,3.562,3.5726859999999996,0.002108963874820402,,0.02,,,
2015-02-10,3.5815,3.583,3.593749,0.006021162208429853,,0.02,,,
2015-02-11,3.597,3.5985,3.6092954999999995,0.004318457641117934,,0.02,,,
2015-02-12,3.6215,3.623,3.633869,0.00678813993975691,,0.02,,,
2015-02-13,3.5815,3.583,3.593749,-0.011106597580874844,,0.02,,,
2015-02-16,3.569,3.5705,3.5812114999999998,-0.0034962625643455425,,0.02,,,
2015-02-17,3.5925,3.594,3.6047819999999993,0.006562894463019386,,0.02,9.740386752065595,,
2015-02-18,3.594,3.5955,3.6062864999999995,0.0004174493903243981,,0.02,9.464356600012302,,
2015-02-23,3.641,3.6425,3.6534275,0.012992580831929113,,0.01,10.08271951574849,,
2015-02-24,3.627,3.6285,3.6393854999999995,-0.0038525088925309703,,0.02,10.09712769990686,,
2015-02-25,3.6245,3.626,3.6368779999999994,-0.0006895125419699166,,0.02,10.091854450663812,,
2015-02-26,3.598,3.5995,3.6102984999999994,-0.007338212230454166,,0.02,10.279267945741054,,
2015-02-27,3.6113,3.6125,3.6233374999999994,0.003689682795439131,,0.02,10.30973141109213,,
2015-03-02,3.627,3.6285,3.6393854999999995,0.004338041976984952,,0.02,10.192663439190474,,
2015-03-03,3.6275,3.629,3.6398869999999994,0.0001378454754406011,,0.01,10.095579900825243,,
2015-03-04,3.6285,3.63,3.6408899999999993,0.00027563395984864236,,0.01,9.900672001567834,,
2015-03-05,3.6565,3.658,3.6689739999999995,0.007687065992814324,,0.02,10.109834800853482,,
2015-03-06,3.6475,3.649,3.659947,-0.0024644043140651384,,0.02,10.141611396434055,,
2015-03-09,3.688,3.6895,3.7005684999999993,0.01104230427954378,,0.01,10.306656486403133,,
2015-03-10,3.6965,3.698,3.7090939999999994,0.00230212032067012,,0.03,10.169156871365608,,
2015-03-11,3.714,3.715,3.7261449999999994,0.00472303691549647,,0.03,10.171641135615602,,
2015-03-12,3.696,3.698,3.7090939999999994,-0.004858309151076323,,0.03,10.185096746535757,,
2015-03-13,3.6965,3.698,3.7090939999999994,0.00013527223557985302,,0.03,10.161514132789105,,
2015-03-16,3.7075,3.709,3.7201269999999997,0.0029713690149324457,,0.02,10.180687583386353,,
2015-03-17,3.6995,3.701,3.7121029999999995,-0.002160119646481551,,0.05,10.177216229800006,,
2015-03-18,3.7,3.701,3.7121029999999995,0.00013514426671035196,,0.02,10.159262390691964,,
2015-03-19,3.68,3.6815,3.6925445,-0.005420067469339207,,0.02,10.260641947600513,,
2015-03-20,3.7225,3.724,3.735172,0.011482733395187461,,0.0,9.088386584690381,,
2015-03-23,3.6883,3.6905,3.7015714999999996,-0.009229838287610814,,0.02,9.563405256862248,,
2015-03-24,3.6745,3.676,3.6870279999999998,-0.0037485783016273366,,0.03,9.456327911843996,,
2015-03-25,3.6575,3.659,3.6699769999999994,-0.004637215074646539,,0.02,9.596458879778686,,
2015-03-26,3.679,3.6805,3.6915414999999996,0.005861122210494729,,0.02,9.589147677541671,,
2015-03-27,3.6675,3.669,3.680007,-0.003130745087637443,,0.02,9.60110870830777,,
2015-03-30,3.7085,3.71,3.7211299999999996,0.011117251159475927,,0.02,9.918465372841188,,
2015-03-31,3.7165,3.718,3.7291539999999994,0.0021548829887354515,,0.05,9.258889409804077,,
2015-04-01,3.6855,3.687,3.6980609999999996,-0.008376163536004677,,0.02,9.57802265242102,,
2015-04-02,3.6835,3.685,3.696055,-0.0005428145064751977,,0.02,9.444433381176335,,
2015-04-03,3.6635,3.665,3.6759949999999995,-0.005444412522849662,,0.04,9.618101416883249,,
2015-04-06,3.6225,3.624,3.6348719999999997,-0.011254579405181264,,0.02,9.478045053629057,,
2015-04-07,3.635,3.6365,3.6474094999999993,0.0034447157727823807,,0.02,9.467621429698564,,
2015-04-08,3.644,3.646,3.6569379999999994,0.0024728684122292677,,0.02,9.489815107123645,,
2015-04-09,3.6295,3.631,3.6418929999999996,-0.00398708165495365,,0.02,9.307091497107391,,
2015-04-10,3.6445,3.646,3.6569379999999994,0.0041242840973723105,,0.01,9.32172495635672,,
2015-04-13,3.6975,3.699,3.7100969999999993,0.014437733762687088,,0.02,10.126293383360125,,
2015-04-14,3.704,3.7055,3.7166164999999993,0.001756401181115308,,0.02,10.130160053024518,,
2015-04-15,3.7225,3.724,3.735172,0.0049821687920941216,,0.02,10.204768760719203,,
2015-04-16,3.6575,3.66,3.6709799999999997,-0.01761563166388469,,0.03,11.307605620824514,,
2015-04-17,3.637,3.6385,3.6494154999999995,-0.0056206879072904226,,0.03,11.404191708124094,,
2015-04-20,3.6235,3.6255,3.6363765,-0.00371875643765307,,0.03,10.944593961690959,,
2015-04-21,3.6435,3.645,3.6559349999999995,0.005504348561000905,,0.02,11.056852731430828,,
2015-04-22,3.619,3.6205,3.6313614999999992,-0.006747013546594349,,0.01,11.08740822502901,,
2015-04-23,3.6205,3.622,3.6328659999999995,0.0004143932651328175,,0.01,11.027486685734376,,
2015-04-24,3.5995,3.601,3.6118029999999997,-0.005817190919517712,,0.03,11.123403099883753,,
2015-04-27,3.5645,3.566,3.5766979999999995,-0.00977115535167461,,0.01,11.350158804963428,,
2015-04-28,3.5575,3.559,3.569677,-0.0019657405936754913,,-0.02,11.349035133350933,,
2015-04-29,3.559,3.561,3.5716829999999997,0.0004215555461850595,,-0.02,11.3524956261846,,
2015-04-30,3.5705,3.572,3.5827159999999996,0.0032260354789721557,,-0.01,11.35606812192043,,
2015-05-05,3.606,3.6075,3.6183224999999997,0.00989348277409774,,0.01,11.212617702526122,,
2015-05-06,3.568,3.57,3.5807099999999994,-0.010593910063362522,,0.02,11.30557011740235,,
2015-05-07,3.5945,3.5965,3.6072894999999994,0.007399684724026301,,0.01,11.538393138838456,,
2015-05-08,3.6075,3.609,3.6198269999999995,0.003610112224099682,,0.01,11.543530591571969,,
2015-05-11,3.6015,3.603,3.613809,-0.0016645863186084409,,0.02,11.390547886874321,,
2015-05-12,3.625,3.6265,3.6373794999999998,0.006503862959357676,,0.01,11.553702688927833,,
2015-05-13,3.6045,3.606,3.6168179999999994,-0.0056712234441420595,,0.02,11.117239902346016,,
2015-05-14,3.5725,3.575,3.5857249999999996,-0.00891743404061085,,0.0,11.310170949671829,,
2015-05-15,3.5665,3.568,3.5787039999999997,-0.0016809080859294667,,0.02,11.111781266884801,,
2015-05-18,3.572,3.5735,3.5842205,0.0015409402782968762,,0.01,11.137146814382655,10.113861406039195,
2015-05-19,3.585,3.5865,3.5972595,0.0036328110373309297,,0.02,11.134845002890948,10.034238139047226,
2015-05-20,3.609,3.61,3.6208299999999993,0.006672251609067814,,0.02,10.870378699686242,10.070043056282662,
2015-05-21,3.606,3.607,3.6178209999999997,-0.00083160087952594,,0.02,10.818902131472734,10.041126159941873,
2015-05-22,3.5875,3.589,3.5997669999999995,-0.005143543695385944,,0.01,10.876339127000438,10.07753192404843,
2015-05-25,3.6055,3.607,3.6178209999999997,0.005004876288937643,,0.01,10.939370440135988,10.091352466336968,
2015-05-26,3.618,3.6195,3.6303584999999994,0.0034609295984262545,,0.01,10.91814176191118,10.103471277064168,
2015-05-27,3.6385,3.64,3.6509199999999997,0.005650121831900723,,0.02,10.162247667467215,10.079962794557911,
2015-05-28,3.65,3.6515,3.6624544999999995,0.003155658789395943,,0.01,10.19770837339632,10.057547785019361,
2015-05-29,3.6515,3.653,3.6639589999999997,0.0004108744836273104,,0.01,10.069832781858965,9.998157156369786,
2015-06-01,3.6725,3.674,3.6850219999999996,0.0057345869878677735,,0.02,8.849854308344849,10.039501235972157,
2015-06-02,3.7001,3.7016,3.7127047999999996,0.007487217246087141,,0.02,8.923984166633266,10.108324730473303,
2015-06-03,3.679,3.6805,3.6915414999999996,-0.005718870189345138,,0.02,9.02582381642793,10.055675791671614,
2015-06-04,3.7015,3.703,3.7141089999999997,0.006097166778378682,,0.02,9.05593251896909,10.046176355209067,
2015-06-05,3.7105,3.712,3.723136,0.0024284955270352793,,0.02,8.80246100664442,10.037285909753143,
2015-06-08,3.7635,3.765,3.7762949999999997,0.014182737064398543,3.4,0.01,9.612855735644905,10.267368676490635,3.39
2015-06-09,3.7635,3.765,3.7762949999999997,0.0,3.38,0.01,9.3841885007312,10.25655779764066,3.37
2015-06-10,3.7575,3.759,3.7702769999999997,-0.0015955328474572816,3.38,0.01,8.813847856054236,10.262187564689787,3.37
2015-06-11,3.7355,3.737,3.7482109999999995,-0.005872164211273567,3.4,0.01,9.027381896604167,10.299528031125863,3.39
2015-06-12,3.7385,3.74,3.75122,0.0008027830241144063,3.4,0.01,9.023632058727573,10.291722922505045,3.39
2015-06-15,3.7635,3.765,3.7762949999999997,0.006664914034616443,3.4,0.0,9.130559274893262,10.331553794062911,3.4
2015-06-16,3.7525,3.754,3.7652619999999994,-0.0029270909669696366,3.4,0.0,8.890439187346104,9.855071260596663,3.4
2015-06-17,3.7508,3.7525,3.7637574999999996,-0.00045313396214696766,3.4,0.0,8.165043102869358,9.83749667549401,3.4
2015-06-18,3.7235,3.725,3.736175,-0.007305064394769856,3.4,-0.01,8.377167653349531,9.868966784601502,3.4099999999999997
2015-06-19,3.7185,3.72,3.7311599999999996,-0.0013437250073453644,3.4,-0.01,8.375088752143684,9.870160975414594,3.4099999999999997
2015-06-22,3.7325,3.7345,3.7457035,0.003757889269990544,3.35,-0.02,8.372055631404352,9.8414339018471,3.37
2015-06-23,3.754,3.7555,3.7667664999999997,0.005743687733108738,3.35,-0.01,8.332943495781835,9.860132082558625,3.36
2015-06-24,3.7525,3.754,3.7652619999999994,-0.00039965363883709415,3.39,-0.01,8.093740207629105,9.803008966066248,3.4
2015-06-25,3.7585,3.76,3.7712799999999995,0.0015976571099065584,3.39,-0.01,7.48658334892909,9.609559953716971,3.4
2015-06-26,3.763,3.7645,3.7757934999999994,0.0011965699759135529,3.39,0.0,7.420093760491186,9.585859543873699,3.39
2015-06-29,3.783,3.7845,3.7958534999999998,0.005300834039591917,3.37,-0.01,7.488926622787242,9.565891888929613,3.38
2015-06-30,3.7855,3.787,3.7983609999999994,0.0006606329103322484,3.48,0.02,7.479153398164392,9.565865680572026,3.46
2015-07-01,3.739,3.7405,3.7517214999999995,-0.01235978256624759,3.48,0.01,8.384192919441725,9.574833243731376,3.47
2015-07-02,3.7735,3.775,3.7863249999999997,0.009184756747809164,3.4,0.01,8.673014411470295,9.663045821723843,3.39
2015-07-03,3.784,3.786,3.7973579999999996,0.002778698446845862,3.39,0.01,8.445567455758704,9.668992706384092,3.3800000000000003
2015-07-06,3.807,3.808,3.8194239999999993,0.006059826210728536,3.39,0.01,8.486035897438478,9.622106146005159,3.3800000000000003
2015-07-07,3.806,3.8075,3.8189224999999998,-0.0002627085264026441,3.39,0.02,8.491811729460906,9.609209986953104,3.37
2015-07-08,3.807,3.808,3.8194239999999993,0.0002627085264026441,3.39,0.02,8.41663398465685,9.588297846613441,3.37
2015-07-09,3.8045,3.806,3.8174179999999995,-0.0006569007659198434,3.39,0.02,8.42434850678684,9.590159441101209,3.37
2015-07-10,3.7885,3.79,3.8013699999999995,-0.004214414245149456,3.39,0.01,8.57596921121399,9.622897853210794,3.3800000000000003
2015-07-13,3.8005,3.802,3.8134059999999996,0.003162474634667012,3.39,0.02,8.490485308421077,9.556495874880486,3.37
2015-07-14,3.8065,3.808,3.8194239999999993,0.001577494740172325,3.39,0.03,8.276777749060326,9.545770614087134,3.3600000000000003
2015-07-15,3.8048,3.806,3.8174179999999995,-0.0004467042498046414,3.39,0.03,8.04574450251627,9.377730997099953,3.3600000000000003
2015-07-16,3.8075,3.808,3.8194239999999993,0.000709378272854222,3.39,0.03,7.90649462861366,9.372111572325705,3.3600000000000003
2015-07-20,3.807,3.808,3.8194239999999993,-0.000131328386819618,3.39,0.03,7.899455456202655,9.342820958414306,3.3600000000000003
2015-07-21,3.807,3.808,3.8194239999999993,0.0,3.4,0.04,6.815350961750812,9.302524372394156,3.36
2015-07-22,3.7925,3.794,3.805382,-0.003816045159809933,3.4,0.04,6.922881376032687,9.328312857073707,3.36
2015-07-23,3.807,3.808,3.8194239999999993,0.003816045159809933,3.4,0.04,6.974597316522174,9.33626809803596,3.36
2015-07-24,3.807,3.808,3.8194239999999993,0.0,3.4,0.04,6.7159152761540915,9.327181715055362,3.36
2015-07-27,3.8145,3.816,3.8274479999999995,0.0019681171477865522,3.4,0.04,6.726974047594844,9.331204906737595,3.36
2015-07-28,3.814,3.815,3.8264449999999997,-0.00013108736991962466,3.4,0.05,6.48476527304451,9.280616653382252,3.35
2015-07-29,3.814,3.815,3.8264449999999997,0.0,3.4,0.05,6.407559946915893,9.089191594728945,3.35
2015-07-30,3.814,3.815,3.8264449999999997,0.0,3.4,0.05,6.402789532080286,8.94614212944183,3.35
2015-07-31,3.8175,3.8185,3.829955499999999,0.0009172509324231193,3.45,0.04,5.953145532599432,8.919314606536275,3.41
2015-08-03,3.842,3.844,3.8555319999999993,0.0063973062357145505,3.4,0.02,6.12761832510789,8.933124236454137,3.38
2015-08-04,3.8675,3.869,3.880607,0.006615239118719307,3.35,0.05,6.289579701081162,8.946707764094999,3.3000000000000003
2015-08-05,3.8775,3.879,3.8906369999999995,0.0025823126034725252,3.35,0.05,6.155754234476357,8.93112401027252,3.3000000000000003
2015-08-06,3.8905,3.892,3.9036759999999995,0.003347068006291032,3.39,0.04,6.1733048388776846,8.76560998609432,3.35
2015-08-07,3.923,3.925,3.9367749999999995,0.00831898315256785,3.39,0.03,6.508802758360713,8.858114342538475,3.3600000000000003
2015-08-10,3.9265,3.928,3.9397839999999995,0.0008917766053766485,3.39,0.02,6.510343321056901,8.726957843834702,3.37
2015-08-11,3.9535,3.955,3.966865,0.006852818696052365,3.4,0.06,6.605623683698285,8.784598441282618,3.34
2015-08-12,4.018,4.021,4.033062999999999,0.016183003863897927,3.4,0.06,7.854399547601333,9.090401798531532,3.34
2015-08-13,4.002,4.004,4.016011999999999,-0.003990030231201036,3.4,0.06,6.83427381584555,8.891619498932567,3.34
2015-08-14,4.076,4.08,4.092239999999999,0.018321879198936797,3.4,0.04,8.044077763867122,9.339572911876576,3.36
2015-08-17,4.1165,4.12,4.132359999999999,0.00988717239586534,3.36,0.02,8.319196213256523,9.44832861179184,3.34
2015-08-18,4.123,4.128,4.140384,0.001577765968419298,3.36,0.05,8.268192039851453,9.40503263759181,3.31
2015-08-19,4.11,4.1125,4.124837499999999,-0.0031580252166196754,3.35,0.05,8.398619677627682,9.424588798167367,3.3000000000000003
2015-08-20,4.114,4.118,4.130354,0.0009727627226221447,3.35,0.01,8.384240557938364,9.160180551452953,3.3400000000000003
2015-08-21,4.1855,4.188,4.200563999999999,0.017230379887208658,3.4,0.02,9.332373498327335,9.545322512834474,3.38
2015-08-24,4.23,4.233,4.245698999999999,0.01057582194021256,3.35,0.02,9.298269548796945,9.650767048708861,3.33
2015-08-25,4.2395,4.243,4.255729,0.002243344703733996,3.35,0.04,9.306479089701615,9.097933631408825,3.31
2015-08-26,4.2435,4.246,4.258738,0.0009430626656738994,3.35,0.03,9.320525160286468,9.015522557612908,3.3200000000000003
2015-08-27,4.249,4.251,4.2637529999999995,0.0012952607050797926,3.35,0.02,9.267962689697189,8.96889615936494,3.33
2015-08-28,4.214,4.217,4.229651,-0.008271345750676895,3.35,0.02,9.864460526409058,9.101701438532677,3.33
2015-09-01,4.156,4.16,4.172479999999999,-0.013859242145016548,3.35,0.01,11.023537606088652,9.360861353146204,3.3400000000000003
2015-09-02,4.219,4.223,4.235669,0.015045059905220759,3.35,0.01,11.527678504274556,9.627510883775939,3.3400000000000003
2015-09-03,4.2285,4.232,4.244695999999999,0.002249187097938421,3.52,0.02,11.328922985316623,9.54343230249231,3.5
2015-09-04,4.2605,4.263,4.275789,0.007539204045733605,3.36,0.02,11.385559435117433,9.388008347421712,3.34
2015-09-07,4.3045,4.308,4.320924,0.010274462829998665,3.41,0.02,11.480400352101933,9.465383106495912,3.39
2015-09-08,4.3425,4.345,4.358034999999999,0.008789232017250681,3.4,0.02,11.540700837585502,9.526290090135964,3.38
2015-09-09,4.331,4.335,4.348005,-0.0026517569006332398,3.42,0.02,11.647832250943821,9.55926922941049,3.4
2015-09-10,4.3455,4.35,4.363049999999999,0.0033423646628880643,3.42,0.02,11.582271489900762,9.471373531395495,3.4
2015-09-11,4.3195,4.324,4.336971999999999,-0.0060011720785762,3.41,0.04,11.904191302111448,9.327548412488543,3.37
2015-09-14,4.3165,4.32,4.33296,-0.00069476612336139,3.41,0.02,11.95129151061431,9.296198794515597,3.39
2015-09-15,4.306,4.31,4.3229299999999995,-0.002435489751268838,3.41,0.0,12.07694655963673,9.322179051351055,3.41
2015-09-17,4.2585,4.263,4.275789,-0.011092413343172902,3.36,-0.01,12.787870275083133,9.556695559266839,3.3699999999999997
2015-09-18,4.2495,4.253,4.265759,-0.0021156566424545,3.36,-0.01,12.880074152635371,9.546982664297426,3.3699999999999997
2015-09-21,4.2455,4.25,4.26275,-0.0009417304992629383,3.36,-0.01,12.931462244856927,9.47519241136444,3.3699999999999997
2015-09-22,4.2925,4.295,4.307885,0.011009715332212622,3.36,-0.02,13.052200737184899,9.422453147558889,3.38
2015-09-23,4.3465,4.35,4.363049999999999,0.012501609747488152,3.36,-0.03,13.32019231427147,9.561704298809435,3.3899999999999997
2015-09-25,4.391,4.394,4.407182,0.010186068042598473,3.45,-0.02,13.430126680150432,9.653878437744492,3.47
2015-09-28,4.4025,4.405,4.418215,0.0026155698086438584,3.45,-0.02,12.881054108191064,9.651383392937593,3.47
2015-09-29,4.4725,4.475,4.488424999999999,0.015774975012513126,3.65,-0.01,13.212370931734817,9.885957789082218,3.6599999999999997
2015-09-30,4.4455,4.448,4.4613439999999995,-0.006055187821680574,3.6,-0.02,12.74982798529454,9.972322838420784,3.62
2015-10-01,4.4095,4.413,4.426239,-0.008131044232958295,3.4,-0.01,12.958624460828636,10.047921938445121,3.4099999999999997
2015-10-02,4.4425,4.445,4.458335,0.007455976700570854,3.4,-0.02,13.042194665652772,10.074992525914851,3.42
2015-10-05,4.401,4.4035,4.4167105,-0.009385493217714869,3.4,-0.02,13.396528724402387,10.261382700775016,3.42
2015-10-06,4.369,4.372,4.385115999999999,-0.007297637859655648,3.4,-0.01,13.678154271600224,10.365485676542976,3.4099999999999997
2015-10-07,4.332,4.336,4.3490079999999995,-0.008504820830554705,3.4,0.0,13.214627321283348,10.512325669996248,3.4
2015-10-08,4.2255,4.229,4.241687,-0.02489173213634399,3.4,-0.01,14.905473434327742,11.426886420175364,3.4099999999999997
2015-10-09,4.1305,4.133,4.145398999999999,-0.02273913198197719,3.4,0.01,16.269769706813136,12.109658993258792,3.39
2015-10-12,4.1735,4.177,4.189530999999999,0.010356547288231432,3.4,0.01,16.586507392306395,12.160541314985926,3.39
2015-10-13,4.195,4.2,4.2126,0.0051383276105152476,3.4,0.0,16.660979975576083,12.117785762997155,3.4
2015-10-15,4.1175,4.122,4.134365999999999,-0.018647156849511237,3.4,0.0,17.342950600762922,12.549282024599872,3.4
2015-10-16,4.175,4.18,4.192539999999999,0.013868175233160418,3.4,0.03,17.386595034394368,12.726166670366398,3.37
2015-10-19,4.207,4.211,4.2236329999999995,0.007635446305565008,3.4,0.07,16.9625221093185,12.58503051811358,3.33
2015-10-20,4.245,4.25,4.26275,0.00899201515492698,3.37,0.08,17.154977832942038,12.649769894817661,3.29
2015-10-21,4.295,4.299,4.311897,0.011709735672907895,3.4,0.01,17.352944991526208,12.757877330492724,3.39
2015-10-22,4.2945,4.299,4.311897,-0.00011642121207611211,3.37,0.02,17.09167678652679,12.700111956747403,3.35
2015-10-23,4.2251,4.23,4.24269,-0.01629220505604989,3.37,0.01,17.501941884583072,13.046010385318649,3.3600000000000003
2015-10-26,4.2595,4.264,4.2767919999999995,0.008108853332665422,3.37,0.01,17.685977080433158,13.064860577197852,3.3600000000000003
2015-10-27,4.2625,4.267,4.279801,0.0007040601088772469,3.63,0.01,17.65195497486721,13.045114554532516,3.62
2015-10-28,4.278,4.283,4.295849,0.0036297680505785745,3.64,0.03,17.618575288100143,13.046441179698093,3.6100000000000003
2015-10-29,4.2875,4.29,4.3028699999999995,0.002218201831844402,3.64,0.02,17.633438477681896,12.962305594517042,3.62
2015-10-30,4.304,4.3065,4.3194194999999995,0.003841010367425124,3.64,0.01,17.658871211957123,12.958372019964765,3.6300000000000003
2015-11-02,4.2925,4.295,4.307885,-0.002675509069989701,3.37,0.01,17.366154531916713,12.973092640519363,3.3600000000000003
2015-11-03,4.283,4.287,4.299860999999999,-0.002215615156259787,3.45,0.07,17.367369429013074,12.968661745273428,3.3800000000000003
2015-11-04,4.2625,4.266,4.278797999999999,-0.004797856023598612,3.35,0.07,17.426448498171567,13.007390105304154,3.2800000000000002
2015-11-05,4.298,4.3005,4.3134015,0.008293955610683357,3.37,0.04,17.29644875379351,13.058202080010838,3.33
2015-11-06,4.301,4.304,4.316911999999999,0.0006977555812806013,3.38,0.04,16.891191316626173,13.058786560415689,3.34
2015-11-09,4.3615,4.365,4.378095,0.013968481089537077,3.38,0.05,17.130107293957668,13.210169132878042,3.33
2015-11-11,4.3655,4.368,4.381104,0.000916695377588983,3.38,0.08,17.112697559336045,13.209733423995775,3.3
2015-11-12,4.368,4.372,4.385115999999999,0.0005725081738787718,3.38,0.08,16.42668496124481,12.998779562068236,3.3
2015-11-13,4.3775,4.38,4.39314,0.00217254673526579,3.4,0.03,16.370425905234555,12.937691732852901,3.37
2015-11-16,4.3925,4.395,4.408184999999999,0.0034207559012453537,3.38,0.04,16.24523404155639,12.93972406127094,3.34
2015-11-17,4.3825,4.385,4.398154999999999,-0.002279203265862728,3.38,0.07,16.094593943299994,12.934617702996457,3.31
2015-11-18,4.396,4.399,4.412197,0.0030756987281224113,3.38,0.07,15.897651763122669,12.933329610236838,3.31
2015-11-19,4.344,4.348,4.361044,-0.011899453909740565,3.38,0.06,16.134443223863816,13.127629325787552,3.32
2015-11-20,4.2825,4.285,4.297854999999999,-0.014258631415496437,3.38,0.05,16.474662298079306,13.384698209699938,3.33
2015-11-23,4.297,4.3,4.312899999999999,0.0033801535767201685,3.38,0.05,14.769339949796947,13.356161281638709,3.33
2015-11-24,4.265,4.2675,4.2803024999999995,-0.0074749238492157755,3.38,0.13,13.262677591732261,13.434780059698422,3.25
2015-11-25,4.194,4.198,4.2105939999999995,-0.016787248463914217,3.35,0.14,13.927360153035268,13.770569284030925,3.21
2015-11-26,4.2115,4.215,4.227644999999999,0.004163946293553211,3.45,0.14,13.899951161657487,13.777733007746237,3.31
2015-11-27,4.2365,4.24,4.25272,0.005918577883100573,3.45,0.13,12.795725116150242,13.800801480451646,3.3200000000000003
2015-11-30,4.2615,4.264,4.2767919999999995,0.005883754323833257,3.45,0.1,12.294694711170264,13.821229380323125,3.35
2015-12-01,4.238,4.2429,4.255628699999999,-0.005529751134107697,3.4,0.19,12.239793589735392,13.866325210438266,3.21
2015-12-02,4.2255,4.228,4.240683999999999,-0.0029538628437073555,3.4,0.19,11.984962640908853,13.858257063028844,3.21
2015-12-03,4.251,4.2535,4.2662605,0.006016652374253084,3.4,0.18,11.602766459699057,13.874895904696698,3.2199999999999998
2015-12-04,4.2155,4.218,4.2306539999999995,-0.008386040996059885,3.49,0.17,11.833962784115371,13.966529024404133,3.3200000000000003
2015-12-07,4.2065,4.209,4.221626999999999,-0.0021372603718621264,3.41,0.2,10.877329053538332,13.97646540014554,3.21
2015-12-08,4.2645,4.268,4.280803999999999,0.01369399276829597,3.46,0.23,11.355626145845244,14.132930873640914,3.23
2015-12-09,4.2655,4.2675,4.2803024999999995,0.00023446658958525823,3.4,0.19,11.35405215383541,14.132402599008454,3.21
2015-12-10,4.2585,4.261,4.273783,-0.0016424217676138664,3.4,0.19,11.31127769965557,14.13916391153331,3.21
2015-12-11,4.2785,4.282,4.294846,0.004685495276973928,3.4,0.15,11.378612339562949,14.150897591988793,3.25
2015-12-14,4.3185,4.322,4.334966,0.009305638862230792,3.4,0.12,11.64884659395344,14.189070595235592,3.28
2015-12-15,4.328,4.331,4.343993,0.002197421805977262,3.4,0.21,11.633119164916796,14.161434036386414,3.19
2015-12-16,4.309,4.312,4.324936,-0.004399682910479541,3.4,0.2,11.6908236466837,14.19099633029797,3.1999999999999997
2015-12-17,4.3325,4.335,4.348005,0.005438883973923003,3.4,0.18,11.68687877889627,14.20438326245283,3.2199999999999998
2015-12-18,4.3185,4.322,4.334966,-0.0032366228694207244,3.35,0.16,11.498643698546603,14.17187315523624,3.19
2015-12-21,4.307,4.31,4.3229299999999995,-0.0026665136662296085,3.35,0.13,11.52624456882139,14.185621765018762,3.22
2015-12-22,4.2985,4.302,4.314905999999999,-0.0019754814396120146,3.35,0.19,10.753173379342318,14.159870989537646,3.16
2015-12-23,4.3085,4.312,4.324936,0.0023236910653230414,3.35,0.19,10.776816675693974,13.925110328258238,3.16
2015-12-28,4.304,4.308,4.320924,-0.001044992838201253,3.35,0.12,10.773831995721608,13.905278024819372,3.23
2015-12-29,4.2925,4.295,4.307885,-0.002675509069989701,3.45,0.18,10.761259844936198,13.596945939119449,3.27
2015-12-30,4.29,4.294,4.306881999999999,-0.0005825808495680818,3.45,0.08,10.691875569177235,13.506482530056166,3.37
2015-12-31,4.292,4.294,4.306881999999999,0.00046609182852641595,3.45,0.14,10.688187874028587,13.505155488530093,3.31
2016-01-04,4.3235,4.326,4.338977999999999,0.007312434649895838,3.45,0.17,10.886780213233413,13.539635207009738,3.2800000000000002
2016-01-05,4.3425,4.346,4.359038,0.0043849597147751496,3.45,0.2,10.425412329414236,13.554592066745657,3.25
2016-01-06,4.3695,4.373,4.386119,0.006198366952339107,3.38,0.21,9.65348160409111,13.294567508391083,3.17
2016-01-07,4.414,4.418,4.431254,0.01013272174908253,3.38,0.2,10.00999075604958,13.285241609559245,3.1799999999999997
2016-01-08,4.3705,4.374,4.387121999999999,-0.009903888796139126,3.38,0.2,10.20925861444822,13.39445647777653,3.1799999999999997
2016-01-11,4.3985,4.402,4.4152059999999995,0.006386154672186617,3.41,0.19,8.857121238866197,13.43233000236484,3.22
2016-01-12,4.404,4.408,4.421224,0.001249645149841383,3.41,0.22,8.823650753485012,13.432245953606456,3.19
2016-01-13,4.3945,4.398,4.411193999999999,-0.002159459837870692,3.41,0.22,8.781835196813695,13.359288166887257,3.19
2016-01-14,4.393,4.395,4.408184999999999,-0.00034139402892030546,3.35,0.22,8.6793298035147,13.1385320383998,3.13
2016-01-15,4.3775,4.38,4.39314,-0.003534579815772654,3.41,0.19,8.567172963911585,12.926925120580806,3.22
2016-01-18,4.4085,4.412,4.425235999999999,0.007056710367074892,3.41,0.19,8.648527628993657,12.9712493722099,3.22
2016-01-19,4.389,4.393,4.406178999999999,-0.004433084838847856,3.41,0.2,8.695363073083238,12.94099320962152,3.21
2016-01-20,4.3795,4.383,4.396148999999999,-0.002166848085090267,3.35,0.26,8.285121547201616,12.83733413140116,3.09
2016-01-21,4.376,4.379,4.392136999999999,-0.0007994975013265737,3.35,0.27,8.246264885260242,12.755517135439245,3.08
2016-01-22,4.337,4.34,4.353019999999999,-0.00895220026645105,3.35,0.25,7.897261651588522,12.837105481109523,3.1
2016-01-26,4.2915,4.295,4.307885,-0.01054654267709143,3.35,0.29,8.528987827130763,12.945106984347635,3.06
2016-01-27,4.2615,4.265,4.277794999999999,-0.007015111195922463,3.45,0.27,8.768756468772724,12.959212242210368,3.18
2016-01-28,4.235,4.24,4.25272,-0.006237882876197309,3.35,0.25,8.835359009457092,12.998940456264519,3.1
2016-01-29,4.1475,4.15,4.16245,-0.020877585021555234,3.5,0.21,10.197498531543522,13.446854587530593,3.29
2016-02-02,4.2045,4.208,4.220624,0.013649637208353216,3.36,0.26,11.048070516118406,13.527773516059433,3.0999999999999996
2016-02-03,4.2375,4.241,4.253722999999999,0.007818092415752709,3.36,0.27,11.282987485614749,13.58871966401312,3.09
2016-02-04,4.1485,4.153,4.165458999999999,-0.021226649584365598,3.36,0.24,12.61919036513422,14.043517178821249,3.12
2016-02-05,4.1395,4.142,4.154426,-0.0021718155254795146,3.36,0.22,12.609835471819428,13.91673257435005,3.1399999999999997
2016-02-10,4.161,4.165,4.1774949999999995,0.005180422404080787,3.36,0.27,12.746299217242246,13.777734415281381,3.09
2016-02-11,4.1085,4.112,4.124336,-0.012697431611698562,3.36,0.27,13.178158574850032,13.807984072582984,3.09
2016-02-12,4.165,4.169,4.181506999999999,0.013658277229700477,3.36,0.25,13.856458197680357,14.00615766890127,3.11
2016-02-15,4.146,4.1495,4.161948499999999,-0.004572261605218175,3.36,0.25,13.892262605270384,13.743291342638694,3.11
2016-02-16,4.1475,4.1505,4.162951499999999,0.00036172906887466105,3.1,0.22,13.89300698470089,13.716293555466596,2.88
2016-02-17,4.2065,4.21,4.22263,0.014125204926268564,3.1,0.28,14.581673373998939,13.882720863239218,2.8200000000000003
2016-02-18,4.167,4.171,4.183513,-0.00943459556841475,3.37,0.28,14.796277217459336,13.895523286161604,3.09
2016-02-19,4.225,4.23,4.24269,0.013822908368820608,3.37,0.26,15.227568866381668,14.027366094898285,3.1100000000000003
2016-02-22,4.2095,4.212,4.224635999999999,-0.0036753850135553545,3.37,0.27,15.169625906385617,13.99037054291182,3.1
2016-02-23,4.186,4.189,4.201567,-0.0055982517717736435,3.37,0.28,15.065640331853528,13.951170770386462,3.09
2016-02-24,4.241,4.244,4.2567319999999995,0.01305346646864547,3.37,0.28,15.28265194332758,13.501172377559756,3.09
2016-02-25,4.212,4.214,4.226642,-0.006861496220724517,3.37,0.26,15.159320553287872,12.994546485523259,3.1100000000000003
2016-02-26,4.221,4.225,4.237674999999999,0.002134472528632747,3.38,0.25,15.023141950450192,12.885266203644107,3.13
2016-02-29,4.2195,4.222,4.234666,-0.00035542918447761807,3.41,0.22,15.005985375916122,12.85751582409644,3.19
2016-03-01,4.194,4.201,4.213602999999999,-0.006061705136156004,3.41,0.29,15.065050747879827,12.50658674067828,3.12
2016-03-02,4.162,4.165,4.1774949999999995,-0.0076592045082855,3.34,0.27,15.162732857116588,12.35854583050272,3.07
2016-03-03,4.143,4.146,4.158437999999999,-0.004575564876177829,3.34,0.25,15.176073511995803,12.31279127559065,3.09
2016-03-04,4.129,4.132,4.1443959999999995,-0.00338491619131176,3.34,0.25,14.944411290571846,12.225884648582149,3.09
2016-03-07,4.097,4.1,4.112299999999999,-0.007780248339218865,3.34,0.26,15.019495646665145,12.117940458746471,3.08
2016-03-08,4.1045,4.107,4.119320999999999,0.0018289342414496979,3.35,0.27,15.067027821921009,12.12416552251721,3.08
2016-03-09,4.1355,4.1385,4.150915499999999,0.007524307343640402,3.35,0.27,15.32337755922396,11.898839386802557,3.08
2016-03-10,4.1195,4.123,4.135369,-0.0038764433763165407,3.35,0.27,15.189968267807274,11.82959147382699,3.08
2016-03-11,4.105,4.108,4.120323999999999,-0.003526053869115975,3.35,0.27,14.9699643810421,11.83987560311395,3.08
2016-03-14,4.092,4.094,4.106282,-0.0031718948150116777,3.35,0.27,14.887719241791658,11.82872725815031,3.08
2016-03-15,4.1175,4.1195,4.1318585,0.006212334980278289,3.35,0.29,14.969800791962843,11.873454129780749,3.06
2016-03-16,4.1355,4.138,4.150414,0.004362057080165904,3.35,0.28,13.789174498077013,11.879104063071395,3.0700000000000003
2016-03-17,4.083,4.086,4.0982579999999995,-0.012776227812385521,3.35,0.29,13.626055858479214,12.051819880299963,3.06
2016-03-18,4.0575,4.061,4.073182999999999,-0.006264991930829522,3.35,0.27,13.446261025675597,12.086607023180946,3.08
2016-03-21,4.071,4.074,4.086221999999999,0.0033216491142324944,3.35,0.25,12.125799381116712,12.083139954173214,3.1
2016-03-22,4.0435,4.048,4.060143999999999,-0.006778015967102036,3.35,0.28,12.249596949041829,12.03527884286263,3.0700000000000003
2016-03-23,3.982,3.986,3.9979579999999997,-0.015326447911734986,3.35,0.27,12.81120534765944,12.279618625189029,3.08
2016-03-24,4.027,4.0295,4.0415885,0.011237476227312415,3.35,0.24,12.865770002784396,12.194472242251098,3.1100000000000003
2016-03-25,4.047,4.051,4.063153,0.00495418402441139,3.39,0.24,12.256453200995255,12.230040722668859,3.1500000000000004
2016-03-28,4.0375,4.04,4.0521199999999995,-0.0023501773449536856,3.39,0.18,12.21636801810507,12.230249498207652,3.21
2016-03-29,4.0025,4.005,4.017015,-0.008706522660042015,3.4,0.18,12.417087215049188,12.288852247725192,3.2199999999999998
2016-03-30,3.959,3.963,3.9748889999999997,-0.01092769776473923,3.4,0.14,11.842305860055705,12.377092292411639,3.26
2016-03-31,3.922,3.927,3.9387809999999996,-0.00938974034983886,3.4,0.18,11.839872746972338,12.452347354914375,3.2199999999999998
2016-04-01,3.901,3.903,3.9147089999999998,-0.005368797249635238,3.4,0.2,10.875659965031518,12.449776143904078,3.1999999999999997
2016-04-04,3.88,3.883,3.894649,-0.005397776889337402,3.4,0.18,10.901066850776923,12.340504465830852,3.2199999999999998
2016-04-05,3.9205,3.924,3.9357719999999996,0.010384043053657477,3.36,0.19,11.501590051790114,12.294105308709533,3.17
2016-04-06,3.914,3.917,3.928750999999999,-0.0016593277149550278,3.35,0.19,10.559700100769872,12.272385326986644,3.16
2016-04-07,3.905,3.91,3.9217299999999997,-0.002302085682235333,3.38,0.2,10.48502920565034,12.225991827813283,3.1799999999999997
2016-04-08,3.935,3.939,3.950817,0.007653098577717454,3.38,0.2,10.814838382769148,12.013411893042141,3.1799999999999997
2016-04-11,3.8807,3.881,3.892642999999999,-0.01389533213540517,3.38,0.19,11.300151813810372,12.184875367229129,3.19
2016-04-12,3.892,3.8955,3.9071865,0.0029076145897972694,3.36,0.21,11.373267988117988,12.147464163508651,3.15
2016-04-13,3.865,3.87,3.88161,-0.0069614822843733215,3.36,0.21,11.347485691986034,12.133237442921633,3.15
2016-04-14,3.9035,3.907,3.9187209999999997,0.00991190453882318,3.36,0.21,11.87808682921207,12.247664614252809,3.15
2016-04-15,3.9055,3.909,3.9207269999999994,0.0005122294900063995,3.36,0.19,11.891866164331665,12.245047749639218,3.17
2016-04-18,3.934,3.937,3.9488109999999996,0.007270903898652481,3.36,0.15,12.039367521082003,12.266814550394042,3.21
2016-04-19,3.8955,3.899,3.9106969999999994,-0.009834679178091665,3.36,0.18,12.24431309417394,12.294340583116258,3.1799999999999997
2016-04-20,3.874,3.878,3.8896339999999996,-0.005534475803971706,3.36,0.18,11.967355725204506,12.31732019573277,3.1799999999999997
2016-04-21,3.881,3.884,3.8956519999999997,0.0018052874019651721,3.36,0.19,12.010476257328326,12.076361516096556,3.17
2016-04-22,3.9035,3.9055,3.9172164999999994,0.0057807341914393184,3.36,0.19,12.208174258970425,12.128574076619165,3.17
2016-04-25,3.9135,3.916,3.9277479999999994,0.0025585276845472293,3.36,0.16,12.260091639873085,12.142493518213374,3.1999999999999997
2016-04-26,3.937,3.94,3.9518199999999997,0.00598689769884464,3.36,0.19,12.247957837501103,12.161499129125485,3.17
2016-04-27,3.9315,3.935,3.9468049999999995,-0.0013979795121668026,3.36,0.18,12.121755344212222,12.037824715502653,3.1799999999999997
2016-04-28,3.917,3.922,3.933766,-0.003694977765739349,3.36,0.17,11.67739220349798,12.033289686824137,3.19
2016-04-29,3.9045,3.909,3.9207269999999994,-0.0031963205631015956,3.4,0.16,11.599532085055271,12.025653360139446,3.2399999999999998
2016-05-03,3.9225,3.925,3.9367749999999995,0.0045994715044579415,3.4,0.18,11.64939901745225,12.013553353897377,3.2199999999999998
2016-05-04,3.9765,3.98,3.9919399999999996,0.013672829790002172,3.36,0.18,12.294401410718388,12.259280159207778,3.1799999999999997
2016-05-05,4.003,4.0055,4.017516499999999,0.006642044595383867,3.36,0.2,11.631956673172168,12.32046090538172,3.1599999999999997
2016-05-06,4.0095,4.012,4.024035999999999,0.0016224652545095974,3.36,0.2,11.161674915985511,12.32556007261279,3.1599999999999997
2016-05-09,4.0005,4.003,4.015009,-0.002247191956904704,3.36,0.21,11.070551750792559,12.316768434001569,3.15
2016-05-10,4.059,4.062,4.074186,0.014517284548719145,3.36,0.25,11.861529534917151,12.581307404611605,3.11
2016-05-11,4.0545,4.057,4.069171,-0.0011092624542856644,3.36,0.25,11.567835223185655,12.576900932266199,3.11
2016-05-12,4.0265,4.029,4.041086999999999,-0.00692986314901245,3.36,0.25,11.281218149396329,12.620938586531102,3.11
2016-05-13,4.0275,4.03,4.04209,0.0002483238155297496,3.36,0.24,10.881029784744227,12.620419368367086,3.12
2016-05-16,4.0355,4.038,4.050114,0.001984373713297627,3.36,0.2,10.721331487595128,12.555886173902223,3.1599999999999997
2016-05-17,4.014,4.016,4.028047999999999,-0.005341959408143415,3.36,0.25,10.718390154071827,12.548393481437975,3.11
2016-05-18,4.035,4.0375,4.049612499999999,0.00521805134776554,3.36,0.25,10.431625813498137,12.533812961222807,3.11
2016-05-19,4.08,4.0825,4.0947474999999995,0.011090686694158247,3.36,0.24,10.80143392971972,12.558656632239137,3.12
2016-05-20,4.0795,4.082,4.094245999999999,-0.00012255652935233563,3.36,0.25,10.755163695760906,12.465839439504826,3.11
2016-05-23,4.068,4.071,4.083212999999999,-0.002822953700404529,3.36,0.25,10.65888034666414,12.411369829904482,3.11
2016-05-24,4.1185,4.122,4.134365999999999,0.01233754121285302,3.36,0.27,10.149670297128841,12.602145576114122,3.09
2016-05-25,4.106,4.109,4.121327,-0.003039700802424772,3.36,0.23,10.24844772768423,12.605803804888934,3.13
2016-05-26,4.0825,4.085,4.097255,-0.005739772734258741,3.36,0.16,10.163618039520319,12.633130740750431,3.1999999999999997
2016-05-27,4.0855,4.088,4.100263999999999,0.0007345739801420947,3.36,0.22,9.872969173831384,12.627299871277236,3.1399999999999997
2016-05-30,4.1095,4.112,4.124336,0.005857246763792512,3.55,0.22,9.946863875413792,12.607837253407011,3.3299999999999996
2016-05-31,4.1195,4.122,4.134365999999999,0.002430430167090103,3.43,0.27,9.809148586817223,12.603842998576475,3.16
2016-06-01,4.1345,4.138,4.150414,0.003634605406576563,3.43,0.27,9.210967867931437,12.622150907883228,3.16
2016-06-02,4.1625,4.166,4.178498,0.006749453126477789,3.37,0.19,9.025766372718396,12.682507042960278,3.18
2016-06-03,4.15,4.153,4.165458999999999,-0.0030075210639550765,3.37,0.18,9.159847754358552,12.60987260523242,3.19
2016-06-06,4.1055,4.108,4.120323999999999,-0.010780796075900545,3.36,0.18,9.835332436987514,12.615222284749139,3.1799999999999997
2016-06-07,4.077,4.08,4.092239999999999,-0.006966114329590045,3.37,0.2,10.144105619168982,12.614507601322918,3.17
2016-06-08,4.0625,4.065,4.077195,-0.003562876181260499,3.35,0.2,10.143544145682503,12.58791960222215,3.15
2016-06-09,4.0355,4.0375,4.049612499999999,-0.0066683378735659105,3.35,0.21,10.366449841410809,12.15242628280975,3.14
2016-06-10,4.0705,4.073,4.085219,0.008635632249605507,3.35,0.18,10.509599652262919,12.017626988917398,3.17
2016-06-13,4.0945,4.097,4.109291,0.00587876769621043,3.35,0.22,10.502742603972449,11.984595973583847,3.13
2016-06-14,4.0925,4.095,4.107284999999999,-0.000488579464952954,3.35,0.24,10.479292903647638,11.453916917693261,3.1100000000000003
2016-06-15,4.101,4.1035,4.1158105,0.0020748161467691872,3.39,0.23,9.818637313474122,11.454745345050563,3.16
2016-06-16,4.096,4.0985,4.110795499999999,-0.0012199586727155154,3.39,0.23,9.691565621349605,11.421161940421854,3.16
2016-06-17,4.0985,4.101,4.113302999999999,0.0006101653737415891,3.36,0.22,9.688228287596518,11.22339455794104,3.1399999999999997
2016-06-20,4.077,4.08,4.092239999999999,-0.005259629273831834,3.36,0.22,9.807327951029707,11.014727507838785,3.1399999999999997
2016-06-21,4.0555,4.058,4.070174,-0.005287439308854003,3.37,0.25,9.01868060161124,11.023343875011612,3.12
2016-06-23,4.02,4.023,4.035068999999999,-0.008792081897332826,3.37,0.27,9.366828489530826,11.115109802922118,3.1
2016-06-24,4.115,4.125,4.137375,0.023356931498103695,3.37,0.24,11.39354618321141,11.554124004961992,3.13
2016-06-27,4.109,4.113,4.125339,-0.0014591442277605005,3.36,0.21,11.410484572495387,11.451117354494205,3.15
2016-06-28,4.0915,4.094,4.106282,-0.004268038915973493,3.36,0.25,11.491401705194763,11.223689368053776,3.11
2016-06-29,4.0575,4.06,4.0721799999999995,-0.00834463057869006,3.36,0.18,11.654915368100223,11.289780947262768,3.1799999999999997
2016-06-30,4.0225,4.025,4.037075,-0.008663420522208032,3.44,0.19,11.844900939111486,11.341209171260164,3.25
2016-07-01,3.993,3.996,4.007987999999999,-0.007360771803316846,3.44,0.23,11.532712202684076,11.166452020738836,3.21
2016-07-04,3.995,3.998,4.009994,0.0005007511371537543,3.37,0.23,11.536925035636456,11.118712847909055,3.14
2016-07-05,4.0005,4.003,4.015009,0.0013757740898034942,3.36,0.27,11.533892639661378,11.114177234160751,3.09
2016-07-08,4.0425,4.045,4.057135,0.010443959161083427,3.36,0.26,11.361696512525498,11.26666302685519,3.0999999999999996
2016-07-11,3.9855,3.988,3.9999639999999994,-0.0142005375832841,3.36,0.27,12.010134118763341,11.461535303375072,3.09
2016-07-12,4.0015,4.004,4.016011999999999,0.004006515939122934,3.36,0.29,12.007582418350712,11.423298580860354,3.07
2016-07-13,3.9865,3.989,4.000966999999999,-0.003755637864550687,3.37,0.29,12.032502377236671,11.415708973652778,3.08
2016-07-14,3.9595,3.962,3.973886,-0.006795898292083047,3.13,0.29,11.981290557045904,11.454928034327489,2.84
2016-07-15,3.9585,3.962,3.973886,-0.0002525890389786234,3.13,0.26,11.935023004673969,11.38788613065751,2.87
2016-07-18,3.9785,3.981,3.9929429999999995,0.005039698206100951,3.13,0.25,11.992609244983557,11.418170664212832,2.88
2016-07-19,3.9865,3.9885,4.0004655,0.0020087891249607193,3.13,0.29,11.793785215589665,11.347601709149153,2.84
2016-07-20,4.02,4.023,4.035068999999999,0.008368249670516414,3.11,0.27,12.118777302965006,11.426326395253717,2.84
2016-07-21,4.0505,4.053,4.0651589999999995,0.007558427657479383,3.11,0.28,12.005691622655826,11.487313783549556,2.83
2016-07-22,4.071,4.073,4.085219,0.0050483392324327525,3.11,0.28,11.943829374324613,11.508388091102418,2.83
2016-07-25,4.0815,4.084,4.096251999999999,0.002575898388432085,3.12,0.27,11.919387063775664,11.468312408154102,2.85
2016-07-26,4.076,4.0785,4.090735499999999,-0.0013484525487954535,3.12,0.24,11.753297933970588,11.44522190597847,2.88
2016-07-27,4.0765,4.079,4.091237,0.00012266176035025111,3.15,0.24,11.486672226337866,11.244418896925804,2.91
2016-07-28,4.054,4.057,4.069171,-0.005534729091020152,3.16,0.18,11.459602334861833,11.233589656045833,2.98
2016-07-29,4.0535,4.057,4.069171,-0.0001233425841837832,3.16,0.18,11.459655797244213,11.219445526540445,2.98
2016-08-01,4.0325,4.035,4.047104999999999,-0.005194174428397869,3.12,0.19,11.521188680327736,11.195649104164742,2.93
2016-08-02,4.052,4.0545,4.0666635,0.004824055369210045,3.12,0.28,11.623882453364297,10.920493418711793,2.84
2016-08-03,4.0585,4.061,4.073182999999999,0.001602860832656594,3.12,0.26,11.63463788815049,10.762470311927174,2.8600000000000003
2016-08-04,4.0475,4.05,4.062149999999999,-0.0027140406494401415,3.13,0.24,11.564033108951644,10.740739107180461,2.8899999999999997
2016-08-05,4.038,4.04,4.0521199999999995,-0.0023498866790074846,3.13,0.23,11.483724146168328,10.740737305415097,2.9
2016-08-08,4.043,4.046,4.058138,0.0012374707679880803,3.13,0.26,11.191591245955717,10.640891202640319,2.87
2016-08-09,4.0325,4.0345,4.0466035,-0.0026004596414070935,3.12,0.27,8.794287622623639,10.486386220212449,2.85
2016-08-10,3.9965,3.999,4.010997,-0.00896755293328999,3.13,0.27,9.115823215146209,10.475681788164247,2.86
2016-08-11,4.0195,4.023,4.035068999999999,0.005738538701941742,3.13,0.27,9.257219626780554,10.473102071472617,2.86
2016-08-12,4.0105,4.013,4.025039,-0.002241594961036153,3.13,0.27,8.97784560529641,10.437461614785795,2.86
2016-08-15,4.0215,4.023,4.035068999999999,0.0027390455371441025,3.13,0.25,8.667448070853432,10.307310822515594,2.88
2016-08-16,3.9955,3.998,4.009994,-0.0064862395296061415,3.13,0.27,8.606475053441107,10.364547778857329,2.86
2016-08-17,4.0,4.002,4.014005999999999,0.0011256332875102526,3.13,0.27,8.611406905306819,10.356714041719002,2.86
2016-08-18,3.9945,3.997,4.008990999999999,-0.0013759461799309758,3.13,0.27,8.61129352455011,10.28434033818457,2.86
2016-08-19,4.011,4.0135,4.025540499999999,0.0041221718479562686,3.13,0.27,8.122922285136164,10.025443922073434,2.86
2016-08-22,4.034,4.036,4.048107999999999,0.00571785274410419,3.13,0.23,7.145150474570533,10.056588899754157,2.9
2016-08-23,4.0295,4.032,4.044096,-0.0011161407495912101,3.13,0.28,7.074566555376884,9.982760849323572,2.8499999999999996
2016-08-24,4.036,4.039,4.051117,0.0016118037089336568,3.13,0.28,6.982070889147414,9.856129314618213,2.8499999999999996
2016-08-25,4.0325,4.035,4.047104999999999,-0.0008675714741357421,3.13,0.27,6.654010517852827,9.858273144791967,2.86
2016-08-26,4.0205,4.023,4.035068999999999,-0.0029802580111599752,3.13,0.27,6.731214446283079,9.803749584002022,2.86
2016-08-29,4.037,4.039,4.051117,0.004095568864737054,3.14,0.24,6.681481523492522,9.674613403621574,2.9000000000000004
2016-08-30,4.0495,4.051,4.063153,0.003091574836103783,3.14,0.23,6.710225931294252,9.632466782891195,2.91
2016-09-01,4.0765,4.0785,4.090735499999999,0.006645360413920942,3.13,0.26,6.5518926434040825,9.685052013640599,2.87
2016-09-02,4.0845,4.087,4.099260999999999,0.0019605446789583425,3.15,0.24,6.21761701538128,9.647612232523345,2.91
2016-09-05,4.0745,4.077,4.089231,-0.00245128202164957,3.15,0.24,6.0964360737400956,9.65381740211365,2.91
2016-09-06,4.0795,4.081,4.093243,0.001226392108580665,3.15,0.24,6.059875512340982,9.609241871265727,2.91
2016-09-07,4.061,4.0635,4.0756905,-0.004545183182557366,3.13,0.25,6.190361630453762,9.640250432743679,2.88
2016-09-08,4.059,4.062,4.074186,-0.0004926108473999324,3.13,0.25,6.19080921291624,9.616974368177024,2.88
2016-09-09,4.0625,4.065,4.077195,0.000861909799095173,3.15,0.23,5.9807737811437915,9.59801243409543,2.92
2016-09-13,4.104,4.106,4.1183179999999995,0.010163560212612666,3.13,0.25,6.656818860506462,9.710770506888084,2.88
2016-09-14,4.1305,4.133,4.145398999999999,0.006436357151954342,3.13,0.24,6.65902534552375,9.506219943182966,2.8899999999999997
2016-09-15,4.1285,4.13,4.14239,-0.000484320145076822,3.13,0.19,6.557254019679622,9.448815242617908,2.94
2016-09-19,4.1315,4.134,4.146402,0.0007263922837559278,3.13,0.14,6.550795461045904,9.44656905805662,2.9899999999999998
2016-09-20,4.144,4.147,4.159441,0.003020967798079921,3.12,0.17,6.509864228994592,9.44695711714324,2.95
2016-09-21,4.1505,4.153,4.165458999999999,0.0015673039557713153,3.12,0.12,6.4445958337713884,9.142297753080552,3.0
2016-09-22,4.115,4.1175,4.129852499999999,-0.008589974783919985,3.12,0.1,7.0068774146262465,9.258691032569661,3.02
2016-09-23,4.1205,4.123,4.135369,0.001335681092268004,3.12,0.09,6.943799209757591,9.182352459273265,3.0300000000000002
2016-09-26,4.133,4.1355,4.1479065,0.003029020308294106,3.13,0.1,6.333126076199837,9.194064760982767,3.03
2016-09-27,4.1185,4.121,4.133363,-0.0035145161304288575,3.13,0.16,6.314467908948859,9.211352904063673,2.9699999999999998
2016-09-28,4.1405,4.143,4.155428999999999,0.005327534092451236,3.13,0.14,6.377254043334009,9.201748396693986,2.9899999999999998
2016-09-29,4.114,4.1165,4.128849499999999,-0.0064207622608523085,3.13,0.11,6.711899275031276,9.233262550195251,3.02
2016-09-30,4.1455,4.148,4.160443999999999,0.007627617343370918,3.13,0.19,6.634235069087585,9.135435540479516,2.94
2016-10-04,4.125,4.127,4.139380999999999,-0.0049573887874920786,3.13,0.28,6.872414300470584,9.175658282229941,2.8499999999999996
2016-10-05,4.1415,4.1435,4.1559305,0.00399202126953746,3.13,0.26,6.885491312558618,9.184558725408735,2.87
2016-10-06,4.1335,4.136,4.148408,-0.0019335353455884885,3.13,0.25,6.886210238254203,8.95816879228743,2.88
2016-10-07,4.1535,4.156,4.168467999999999,0.004826846586396094,3.13,0.25,6.837868718777809,8.97827323943332,2.88
2016-10-10,4.1475,4.15,4.16245,-0.001445609214526744,3.13,0.25,6.847276477931579,8.927421699350196,2.88
2016-10-11,4.155,4.157,4.169471,0.0018066852249489784,3.1,0.26,6.849115982331925,8.931124463190198,2.84
2016-10-12,4.183,4.185,4.1975549999999995,0.006716264152649698,3.1,0.25,7.022926102572731,8.947706792580064,2.85
2016-10-13,4.208,4.211,4.2236329999999995,0.005958782975347576,3.15,0.26,7.036061794094005,8.992013084358993,2.8899999999999997
2016-10-14,4.2125,4.215,4.227644999999999,0.0010688202430713112,3.13,0.25,6.9943231225564935,8.974789346053115,2.88
2016-10-17,4.2195,4.222,4.234666,0.0016603419374039419,3.12,0.23,6.976851823241305,8.909922785077223,2.89
2016-10-18,4.2105,4.213,4.225638999999999,-0.0021352321279743958,3.12,0.26,6.863214136952295,8.902359316601228,2.8600000000000003
2016-10-19,4.19,4.1925,4.2050775,-0.004880671553863181,3.12,0.24,7.070070269117183,8.750481068472569,2.88
2016-10-20,4.1785,4.181,4.193543,-0.00274840347469274,3.12,0.24,7.082639489262436,8.680502289549434,2.88
2016-10-21,4.1925,4.195,4.207585,0.003344884255872982,3.12,0.24,7.1191982565951095,8.67101997533126,2.88
2016-10-24,4.1823,4.1845,4.197053499999999,-0.0024358802702117988,3.13,0.21,7.004046056907744,8.60267481874788,2.92
2016-10-25,4.175,4.177,4.189530999999999,-0.0017469761421962104,3.17,0.22,7.0363408001724315,8.49590509819955,2.9499999999999997
2016-10-26,4.1605,4.163,4.175489,-0.0034790989444712928,3.17,0.25,7.152018716361148,8.465593974386481,2.92
2016-10-27,4.1825,4.185,4.1975549999999995,0.005273894520494649,3.16,0.18,6.722947765100659,8.507563553392,2.98
2016-10-28,4.197,4.1995,4.212098499999999,0.003460830472611809,3.15,0.17,6.552857012453789,8.519172834210917,2.98
2016-10-31,4.204,4.206,4.218618,0.0016664686632508197,3.3,0.18,6.553508515429159,8.518694279140867,3.1199999999999997
2016-11-01,4.1885,4.191,4.203573,-0.0036937784029775766,3.3,0.24,6.670509437078318,8.544506256717904,3.0599999999999996
2016-11-02,4.196,4.1985,4.2110955,0.0017890159223235003,3.3,0.23,6.638837973164493,8.49729104692646,3.07
2016-11-03,4.187,4.1905,4.2030715,-0.0021472034970442255,3.3,0.23,6.670061696337751,8.454759509023647,3.07
2016-11-04,4.1965,4.199,4.211596999999999,0.002266357503738936,3.3,0.24,6.13450196264845,8.317400059232456,3.0599999999999996
2016-11-07,4.2095,4.212,4.224635999999999,0.003093031254836287,3.13,0.26,6.172504112216385,7.377111884247244,2.87
2016-11-08,4.206,4.208,4.220624,-0.0008317985150734231,3.14,0.28,6.147961531834683,7.373737135993102,2.8600000000000003
2016-11-09,4.22,4.225,4.237674999999999,0.003323050767412239,3.13,0.29,6.070809095197427,7.351143483806048,2.84
2016-11-10,4.2515,4.254,4.266761999999999,0.007436733795789685,3.13,0.29,6.235689171658005,7.297136726859526,2.84
2016-11-11,4.2775,4.2825,4.295347499999999,0.006096864940501323,3.13,0.29,6.013252823092955,7.188410967345452,2.84
2016-11-14,4.33,4.335,4.348005,0.012198815230187066,3.12,0.29,6.55302272459371,7.312718020854795,2.83
2016-11-15,4.3355,4.338,4.351013999999999,0.0012694018206795832,3.16,0.3,6.266062190524256,7.3126600789526135,2.8600000000000003
2016-11-16,4.3485,4.352,4.365056,0.00299401421260459,3.15,0.31,6.240396725769912,7.320595127503061,2.84
2016-11-17,4.3885,4.392,4.405176,0.009156525002352423,3.15,0.29,6.5125690913561405,7.276239459358244,2.86
2016-11-18,4.412,4.415,4.4282449999999995,0.005340618341220793,3.15,0.27,6.53364720892705,6.849202054508718,2.88
2016-11-21,4.4315,4.435,4.4483049999999995,0.00441002580505967,3.15,0.25,6.484559105713918,6.854331931408188,2.9
2016-11-22,4.426,4.43,4.443289999999999,-0.0012418855674576346,3.15,0.34,6.5606916530081385,6.816357828021018,2.81
2016-11-23,4.4445,4.448,4.4613439999999995,0.004171135070734522,3.15,0.34,6.445744125011288,6.69986200033445,2.81
2016-11-24,4.4635,4.466,4.479398,0.004265834937687174,3.15,0.34,6.374156220145838,6.713170507912662,2.81
2016-11-25,4.465,4.47,4.483409999999999,0.0003360026911827241,3.15,0.33,6.386634126139827,6.685738625994202,2.82
2016-11-28,4.461,4.465,4.478394999999999,-0.0008962581823346305,3.15,0.3,6.439144777618441,6.694461015723737,2.85
2016-11-29,4.463,4.465,4.478394999999999,0.00044822950100509296,3.18,0.34,6.3428356684008325,6.5863029483262965,2.8400000000000003
2016-11-30,4.466,4.468,4.4814039999999995,0.0006719677708333371,3.18,0.37,6.019812046413331,6.497123801361069,2.81
2016-12-01,4.468,4.47,4.483409999999999,0.00044772778898805043,3.18,0.31,5.864164495861089,6.463180219046182,2.87
2016-12-02,4.448,4.45,4.463349999999999,-0.004486324258672791,3.18,0.32,6.166572087573171,6.523228886453422,2.8600000000000003
2016-12-05,4.4495,4.452,4.465356,0.0003371733664983001,3.18,0.31,6.045517033562418,6.512461321064393,2.87
2016-12-06,4.444,4.446,4.459337999999999,-0.0012368585373963015,3.17,0.34,6.019322401050839,6.521461599803084,2.83
2016-12-07,4.436,4.439,4.452317,-0.0018018022892627439,3.21,0.37,5.903192016498163,6.445687929937309,2.84
2016-12-08,4.429,4.431,4.444292999999999,-0.0015792445470594885,3.18,0.38,5.920891752947012,6.457468836144227,2.8000000000000003
2016-12-09,4.4245,4.427,4.440280999999999,-0.001016547215793473,3.17,0.39,5.960975102836478,6.381683354673131,2.78
2016-12-13,4.4245,4.427,4.440280999999999,0.0,3.17,0.46,5.982764245657828,6.351474638424234,2.71
2016-12-14,4.4425,4.445,4.458335,0.004060003321401551,3.17,0.48,5.793945912752724,6.371604328193321,2.69
2016-12-15,4.4645,4.467,4.480400999999999,0.0049399449284648345,3.17,0.47,5.857371130241891,6.373846874185205,2.7
2016-12-16,4.4755,4.479,4.492437,0.0024608513537225374,3.17,0.45,5.719887672834109,6.351136807607939,2.7199999999999998
2016-12-19,4.4795,4.482,4.495445999999999,0.0008933557266392889,3.17,0.44,5.73277172622597,6.351252877398708,2.73
2016-12-20,4.4795,4.481,4.4944429999999995,0.0,3.17,0.47,5.759773497524446,6.322741190693941,2.7
2016-12-21,4.4795,4.482,4.495445999999999,0.0,3.17,0.45,5.7282892223735855,6.089467360536959,2.7199999999999998
2016-12-22,4.4745,4.476,4.489427999999999,-0.0011168194147201937,3.17,0.41,5.790112039125677,6.054903504588303,2.76
2016-12-23,4.4795,4.482,4.495445999999999,0.0011168194147201937,3.18,0.41,5.554840285776833,6.027001041503177,2.77
2016-12-27,4.4785,4.481,4.4944429999999995,-0.0002232641223829379,3.18,0.49,5.424706450682035,6.026367668504283,2.6900000000000004
2016-12-28,4.4815,4.483,4.496448999999999,0.0006696428821661993,3.18,0.47,4.383738795803729,5.885391655581107,2.71
2016-12-29,4.4845,4.486,4.499457999999999,0.0006691947606414228,3.18,0.38,4.385725725794595,5.886216133490218,2.8000000000000003
2016-12-30,4.486,4.4875,4.500962499999999,0.000334429522095947,3.22,0.43,4.354937563872077,5.871382886410399,2.79
2017-01-03,4.4925,4.495,4.508484999999999,0.0014479035775603055,3.16,0.51,3.6166482260768005,5.851869793407356,2.6500000000000004
2017-01-04,4.4995,4.501,4.5145029999999995,0.0015569398162893489,3.16,0.48,3.3592004149800028,5.803332437145203,2.68
2017-01-05,4.4875,4.49,4.50347,-0.00267052567746906,3.16,0.5,3.2976150887219355,5.826780833298921,2.66
2017-01-06,4.4725,4.475,4.488424999999999,-0.003348217413659871,3.17,0.49,3.4430778650076626,5.8756681085140645,2.6799999999999997
2017-01-09,4.4785,4.481,4.4944429999999995,0.0013406325323757073,3.17,0.49,3.26301599345191,5.865904363621617,2.6799999999999997
2017-01-10,4.4745,4.477,4.490431,-0.0008935552923372558,3.17,0.5,3.047300630883521,5.834453630122953,2.67
2017-01-11,4.475,4.477,4.490431,0.0001117380860429229,3.16,0.5,3.0463696075925504,5.816309383916839,2.66
2017-01-12,4.4625,4.465,4.478394999999999,-0.0027972046210611445,3.17,0.51,3.147164473582102,5.84389636418082,2.66
2017-01-13,4.4635,4.466,4.479398,0.0002240645315221279,3.16,0.51,3.1451294931247356,5.7690173369694,2.6500000000000004
2017-01-16,4.466,4.468,4.4814039999999995,0.0005599417806865237,3.17,0.51,3.1432282201600747,5.767227640862815,2.66
2017-01-17,4.467,4.469,4.482407,0.00022388895201541636,3.16,0.51,3.1411263930772972,5.7393067491145455,2.6500000000000004
2017-01-18,4.4455,4.4475,4.460842499999999,-0.004824693790924872,3.17,0.47,3.184286078172231,5.821924024002591,2.7
2017-01-19,4.4515,4.4535,4.466860499999999,0.0013487694525320393,3.17,0.46,3.207523948831049,5.747330310375682,2.71
2017-01-20,4.447,4.449,4.462346999999999,-0.0010114065030293329,3.17,0.45,3.200535885430453,5.751850547438992,2.7199999999999998
2017-01-23,4.44,4.442,4.4553259999999995,-0.0015753350844258662,3.14,0.45,3.1899743911412455,5.76811506218847,2.69
2017-01-24,4.435,4.4365,4.449809499999999,-0.0011267606825908771,3.17,0.49,3.172787857786355,5.565374086698515,2.6799999999999997
2017-01-25,4.4385,4.441,4.454323,0.0007888657646943908,3.17,0.47,3.163425769222463,5.484853855881904,2.7
2017-01-26,4.4355,4.437,4.450311,-0.0006761325477324664,3.36,0.48,3.1714409878963687,5.4862184266861895,2.88
2017-01-27,4.4295,4.432,4.445296,-0.0013536381085546,3.35,0.48,2.9627477288582424,5.4980039391199265,2.87
2017-01-31,4.4295,4.432,4.445296,0.0,3.36,0.49,2.5500553056851416,5.4862697572264585,2.87
2017-02-02,4.438,4.44,4.45332,0.001917113640452106,3.18,0.49,2.5040527071930327,5.488074799605775,2.6900000000000004
2017-02-03,4.4255,4.4275,4.4407825,-0.002820558083607372,3.17,0.48,2.5828768618353504,5.291630187741402,2.69
2017-02-06,4.4225,4.425,4.438274999999999,-0.0006781193749914038,3.17,0.47,2.58113065493015,5.296673981750817,2.7
2017-02-07,4.436,4.438,4.451313999999999,0.003047922436317352,3.17,0.5,2.7692419489771116,5.296901579395762,2.67
2017-02-08,4.44,4.442,4.4553259999999995,0.0009013069560128706,3.17,0.51,2.780862615375673,5.2466864662489225,2.66
2017-02-10,4.4455,4.448,4.4613439999999995,0.0012379721349231598,3.17,0.5,2.7862838194735016,5.191880665096871,2.67
2017-02-13,4.4485,4.45,4.463349999999999,0.0006746121236282931,3.17,0.49,2.799265653456028,5.046588018964908,2.6799999999999997
2017-02-14,4.4495,4.451,4.464352999999999,0.0002247696120947218,3.17,0.5,2.7898775784064025,4.91619769711723,2.67
2017-02-15,4.45,4.4515,4.4648544999999995,0.00011236586336904608,3.17,0.52,2.778774135896631,4.820754276279733,2.65
2017-02-16,4.457,4.46,4.47338,0.001571797786269924,3.17,0.5,2.8244421707829765,4.792915860530955,2.67
2017-02-17,4.458,4.46,4.47338,0.0002243409992583878,3.17,0.49,2.783768574556945,4.771421437611243,2.6799999999999997
2017-02-20,4.4575,4.459,4.472376999999999,-0.00011216420851867248,3.18,0.49,2.7307887135726077,4.725920439940431,2.6900000000000004
2017-02-21,4.4595,4.461,4.4743829999999996,0.0004485813689667495,3.17,0.48,2.645042476174654,4.711213533991173,2.69
2017-02-22,4.457,4.459,4.472376999999999,-0.0005607581597064648,3.18,0.46,2.4754760197966386,4.713628662424449,2.72
2017-02-23,4.45,4.452,4.465356,-0.001571797786269924,3.17,0.38,2.470494282306361,4.621181173760411,2.79
2017-02-24,4.446,4.4485,4.4618455,-0.0008992806361440842,3.18,0.39,2.4706319269968238,4.541481165448151,2.79
2017-02-27,4.443,4.445,4.458335,-0.0006749915882333646,3.17,0.43,2.4721677629895407,4.545878984328259,2.7399999999999998
2017-02-28,4.445,4.447,4.460341,0.000450045012096556,3.17,0.39,2.3566424100892314,4.542334591378628,2.78
2017-03-01,4.4475,4.45,4.463349999999999,0.0005622715919852972,3.17,0.45,2.363099721652229,4.519071398562058,2.7199999999999998
2017-03-02,4.45,4.452,4.465356,0.0005619556202955955,3.18,0.5,2.363150123198002,4.4226253935151565,2.68
2017-03-03,4.4555,4.458,4.471374,0.001235191892488663,3.18,0.54,2.393901642856146,4.3855490109265975,2.64
2017-03-06,4.452,4.454,4.467362,-0.0007858546573391578,3.18,0.53,1.9428700119575413,4.369805103579429,2.6500000000000004
2017-03-07,4.452,4.4535,4.466860499999999,0.0,3.17,0.54,1.903368179679204,4.339732405738188,2.63
2017-03-08,4.449,4.4505,4.4638515,-0.000674081589393527,3.17,0.52,1.890199909705723,4.326335602608923,2.65
2017-03-09,4.4595,4.462,4.475385999999999,0.0023573003002204107,3.17,0.48,1.9455173709665714,4.276405915835936,2.69
2017-03-10,4.4575,4.46,4.47338,-0.0004485813689667495,3.18,0.58,1.9166772117599435,4.212527998852858,2.6
2017-03-13,4.4465,4.449,4.462346999999999,-0.0024708008976006557,3.18,0.67,2.0530096150311072,4.2196815175265,2.5100000000000002
2017-03-14,4.448,4.45,4.463349999999999,0.00033728709072367025,3.18,0.76,2.042415697045367,4.216401396393363,2.42
2017-03-15,4.451,4.453,4.466359,0.0006742330854356826,3.19,0.7,2.0016914736385316,4.152532370923688,2.49
2017-03-16,4.438,4.4395,4.452818499999999,-0.002924965523315004,3.19,0.67,2.1925947056829442,4.191473738243516,2.52
2017-03-17,4.442,4.444,4.457331999999999,0.000900900961833706,3.24,0.7,2.137035460943362,4.165384094152586,2.54
2017-03-20,4.4325,4.435,4.4483049999999995,-0.0021409665060099226,3.24,0.68,2.066164881408379,4.182417360252531,2.56
2017-03-21,4.429,4.431,4.444292999999999,-0.0007899340251646958,3.18,0.75,2.0698523936250073,4.167533286966905,2.43
2017-03-22,4.431,4.4325,4.445797499999999,0.0004514672762911953,3.18,0.73,1.8701096117293936,4.160883760223974,2.45
2017-03-23,4.431,4.433,4.446299,0.0,3.33,0.72,1.8489125496986776,4.135912809571917,2.6100000000000003
2017-03-24,4.43,4.4325,4.445797499999999,-0.00022570816030809127,3.33,0.72,1.8072958900874534,3.96963962084511,2.6100000000000003
2017-03-27,4.4145,4.417,4.430250999999999,-0.0035050066975441663,3.18,0.72,2.0393948634593104,3.9080499960557846,2.46
2017-03-28,4.4175,4.42,4.43326,0.0006793478522144625,3.17,0.74,2.052912871627798,3.3554661142454942,2.4299999999999997
2017-03-29,4.422,4.424,4.437272,0.0010181572235399283,3.16,0.75,2.083010488675469,3.3535089496852417,2.41
2017-03-30,4.4225,4.425,4.438274999999999,0.00011306461654880806,3.16,0.74,2.0163971799972793,3.3205072289859383,2.42
2017-03-31,4.4265,4.429,4.442286999999999,0.000904057017163451,3.16,0.73,2.0400408682994415,2.956544106584642,2.43
2017-04-03,4.426,4.428,4.441284,-0.0001129624401088325,3.18,0.71,2.0400366583616094,2.8203098452460638,2.47
2017-04-04,4.4315,4.433,4.446299,0.0012418855674576346,3.18,0.76,2.0758255131098977,2.7295242559142263,2.42
2017-04-05,4.4295,4.431,4.444292999999999,-0.0004514163263655835,3.18,0.76,2.074461253675026,2.72253684940863,2.42
2017-04-06,4.4365,4.438,4.451313999999999,0.0015790664233052976,3.18,0.77,2.095136210277148,2.6437389194161836,2.41
2017-04-07,4.4375,4.439,4.452317,0.000225377508278779,3.18,0.76,2.083234897501968,2.5427989888725104,2.42
2017-04-10,4.4395,4.441,4.454323,0.00045060268871033315,3.18,0.76,2.0800790023618716,2.543382834685602,2.42
2017-04-11,4.4345,4.436,4.449307999999999,-0.0011268876558745422,3.18,0.73,2.0988268764481544,2.5458122242627677,2.45
2017-04-12,4.4325,4.435,4.4483049999999995,-0.00045111086814397794,3.18,0.76,2.0924690860618167,2.5451143886109153,2.42
2017-04-13,4.4235,4.425,4.438274999999999,-0.0020325210249223513,3.18,0.75,2.1539945505728033,2.562776483294041,2.43
2017-04-14,4.4025,4.405,4.418215,-0.004758676553079377,3.18,0.75,2.4826252586491573,2.6764677283027347,2.43
2017-04-17,4.404,4.4055,4.4187164999999995,0.00034065747220934917,3.18,0.74,2.4888284147033457,2.5757325906361017,2.4400000000000004
2017-04-18,4.4085,4.41,4.423229999999999,0.0010212766845112409,3.18,0.75,2.5191296146190645,2.5816358570589197,2.43
2017-04-19,4.407,4.409,4.4222269999999995,-0.00034030968509490833,3.18,0.74,2.516993435919488,2.5748351256034594,2.4400000000000004
2017-04-20,4.401,4.4025,4.415707499999999,-0.0013623980308954398,3.18,0.72,2.401917061563656,2.5676174075430924,2.46
2017-04-21,4.395,4.397,4.410191,-0.0013642566918141696,3.17,0.71,2.4168111508338153,2.564331917483529,2.46
2017-04-25,4.38,4.3815,4.394644499999999,-0.0034188067487854745,3.33,0.72,2.499200095341196,2.6199280143997177,2.6100000000000003
2017-04-26,4.355,4.357,4.370070999999999,-0.005724114083888621,3.23,0.73,2.9065065206885,2.782992710169815,2.5
2017-04-27,4.346,4.348,4.361044,-0.0020687284702283204,3.18,0.69,2.902173329787036,2.7067739095514645,2.49
2017-04-28,4.3475,4.349,4.362047,0.0003450854120632396,3.18,0.66,2.8479448693276033,2.562986154313171,2.52
2017-05-02,4.3275,4.329,4.341987,-0.004610959178073859,3.18,0.71,3.02355772888962,2.620214792656095,2.47
2017-05-03,4.3145,4.316,4.328948,-0.003008565102002203,3.18,0.72,3.06540309995646,2.647992676266526,2.46
2017-05-04,4.323,4.325,4.337975,0.001968162719269806,3.18,0.69,3.176187752565107,2.6770888579443244,2.49
2017-05-05,4.3365,4.338,4.351013999999999,0.00311796545687848,3.18,0.68,3.356909856094434,2.7402153438207106,2.5
2017-05-08,4.3335,4.335,4.348005,-0.0006920415501108224,3.18,0.69,3.350021912251603,2.7378164476670133,2.49
2017-05-09,4.3405,4.342,4.355025999999999,0.001614019257462962,3.18,0.73,3.416419008433215,2.7466384780907913,2.45
2017-05-11,4.3515,4.353,4.366058999999999,0.0025310643977058955,3.18,0.66,3.4306309788825686,2.7885920567941618,2.52
2017-05-12,4.348,4.3495,4.362548499999999,-0.0008046439884683565,3.18,0.66,3.4140058069975625,2.7846923262232726,2.52
2017-05-15,4.3365,4.339,4.352017,-0.0026483981165896786,3.18,0.69,3.4349779566650738,2.806036119963085,2.49
2017-05-16,4.3135,4.315,4.327945,-0.005317931607876858,3.17,0.71,3.681807884402822,2.922672279840726,2.46
2017-05-17,4.3175,4.32,4.33296,0.0009268915042002224,3.17,0.7,3.682749245248515,2.914453561299242,2.4699999999999998
2017-05-18,4.3275,4.329,4.341987,0.002313477029530553,3.17,0.71,3.7894635522884643,2.931839294798632,2.46
2017-05-19,4.329,4.3315,4.3444945,0.0003465603916161797,3.17,0.68,3.757312419740888,2.910030801885022,2.4899999999999998
2017-05-22,4.307,4.309,4.321927,-0.0050949623878697725,3.17,0.66,3.957705648036921,2.974118969567505,2.51
2017-05-23,4.298,4.3,4.312899999999999,-0.00209180785165497,3.18,0.75,3.897635081584842,2.972077979224422,2.43
2017-05-24,4.302,4.3035,4.316410499999999,0.0009302326252196291,3.18,0.74,3.923060857826198,2.980151589747086,2.4400000000000004
2017-05-25,4.2785,4.28,4.29284,-0.0054775499695658425,3.18,0.7,4.100387561800108,3.0955446596179144,2.4800000000000004
2017-05-26,4.2775,4.28,4.29284,-0.00023375409176096262,3.18,0.72,4.110522141400115,3.0712800348488996,2.46
2017-05-29,4.2685,4.27,4.282809999999999,-0.002106249315987352,3.18,0.72,4.112255736277285,3.0810972912440393,2.46
2017-05-30,4.283,4.285,4.297854999999999,0.0033912211650097834,3.13,0.76,4.318609322376772,3.144355215021827,2.37
2017-05-31,4.276,4.278,4.290833999999999,-0.0016357054704352336,3.13,0.85,4.1798102643439785,3.1482159286182947,2.28
2017-06-01,4.289,4.291,4.303873,0.003035612371944607,3.16,0.8,4.323841461568544,3.116050762960358,2.3600000000000003
2017-06-02,4.2815,4.284,4.2968519999999994,-0.0017501900506335932,3.05,0.8,4.292328255187385,3.1099986777399318,2.25
2017-06-05,4.2675,4.269,4.281807,-0.003275239797650986,3.05,0.8,4.338689559799364,3.1448032254587006,2.25
2017-06-06,4.257,4.259,4.271777,-0.0024634888404435618,3.17,0.82,4.356787989489401,3.1572268517395434,2.35
2017-06-07,4.2715,4.273,4.285818999999999,0.0034003667635209567,3.19,0.82,4.547207002496167,3.2207090579233917,2.37
2017-06-08,4.263,4.265,4.277794999999999,-0.0019919158264627423,3.19,0.78,4.49843455071893,3.2248309855308452,2.41
2017-06-09,4.267,4.269,4.281807,0.0009378664227897016,3.19,0.78,4.287368390973426,3.2329007389489144,2.41
2017-06-13,4.2605,4.263,4.275789,-0.0015244799199893855,3.19,0.88,4.274938221409506,3.2344083123715768,2.31
2017-06-14,4.2615,4.263,4.275789,0.00023468669434145717,3.19,0.89,4.272796755476739,3.2355345191787137,2.3
2017-06-15,4.254,4.256,4.268768,-0.0017614942021697555,3.15,0.84,4.1213116443708175,3.2184966899595135,2.31
2017-06-16,4.2785,4.28,4.29284,0.005742764097927067,3.14,0.83,4.43971681348254,3.3574314928202007,2.31
2017-06-19,4.2695,4.2715,4.284314499999999,-0.002105756510448753,3.14,0.82,4.417462226860138,3.3695537823480093,2.3200000000000003
2017-06-20,4.2825,4.284,4.2968519999999994,0.003040226850614225,3.16,0.87,4.412113662318433,3.3693316245306164,2.29
2017-06-21,4.288,4.2895,4.3023685,0.0012834725523629409,3.16,0.84,4.4385105426409615,3.3740864036377167,2.3200000000000003
2017-06-22,4.286,4.288,4.300864,-0.0004665267171157783,3.16,0.78,4.399222779513344,3.362878851422732,2.38
2017-06-23,4.289,4.291,4.303873,0.0006997084833582079,3.16,0.74,4.323800577811935,3.363109800776959,2.42
2017-06-28,4.2975,4.3,4.312899999999999,0.001979852740124022,3.16,0.87,4.3806981187135,3.385176291447846,2.29
2017-06-29,4.296,4.297,4.3098909999999995,-0.00034910106830365883,3.16,0.86,4.328037792985278,3.3841324318793933,2.3000000000000003
2017-06-30,4.294,4.2955,4.308386499999999,-0.0004656577499744241,3.16,0.82,4.0606460212594095,3.3678007448451455,2.3400000000000003
2017-07-03,4.298,4.2995,4.3123985,0.0009310987637294321,3.16,0.95,4.060743252922838,3.3736649509490477,2.21
2017-07-04,4.298,4.2995,4.3123985,0.0,3.16,0.95,3.993542167569355,3.373993861603919,2.21
2017-07-05,4.297,4.299,4.311897,-0.00023269342746057298,3.16,0.95,3.9898273272187237,3.371039035394458,2.21
2017-07-06,4.2985,4.3,4.312899999999999,0.0003490198395035282,3.17,0.93,3.717759772108107,3.373342301453419,2.2399999999999998
2017-07-07,4.2985,4.3,4.312899999999999,0.0,3.33,0.92,3.6678021518800485,3.3681626680851258,2.41
2017-07-10,4.2995,4.301,4.313903,0.00023261223645265616,3.33,0.92,3.6580514588214728,3.3685931497605384,2.41
2017-07-11,4.2965,4.298,4.310893999999999,-0.0006979990976736516,3.33,0.95,3.2812188807118337,3.368653888370975,2.38
2017-07-12,4.2955,4.2975,4.3103925,-0.00023277467516646944,3.14,0.92,3.2812092000872615,3.3658693181242003,2.22
2017-07-13,4.2885,4.29,4.3028699999999995,-0.001630941647634998,3.14,0.93,3.255727432568917,3.3684885217997755,2.21
2017-07-14,4.2955,4.297,4.3098909999999995,0.001630941647634998,3.14,0.91,3.141695928595725,3.3818954262332146,2.23
2017-07-17,4.292,4.294,4.306881999999999,-0.0008151383275221136,3.14,0.92,3.1112205890289624,3.371338193749882,2.22
2017-07-18,4.2875,4.289,4.301867,-0.001049012276393757,3.14,0.93,3.002435613895734,3.372444345107378,2.21
2017-07-19,4.285,4.2865,4.2993595,-0.0005832604423150478,3.14,0.97,2.9625028342239843,3.3718079753217354,2.17
2017-07-20,4.2895,4.291,4.303873,0.0010496239811397245,3.17,0.97,2.8045231889833535,3.3805250459444416,2.2
2017-07-21,4.2905,4.292,4.304875999999999,0.0002331002341555699,3.17,0.97,2.69097141746698,3.349915043971264,2.2
2017-07-24,4.2835,4.285,4.297854999999999,-0.0016328438430768255,3.17,0.96,2.573605641089158,3.3559642367379183,2.21
2017-07-25,4.282,4.284,4.2968519999999994,-0.00035024225447055635,3.14,0.94,2.500967196858018,3.338386736281879,2.2
2017-07-26,4.2855,4.287,4.299860999999999,0.0008170411893091423,3.16,1.0,2.497895527644239,3.342426300438719,2.16
2017-07-27,4.2765,4.278,4.290833999999999,-0.0021023133181008458,3.16,0.99,2.5367507403059797,3.349125133182039,2.17
2017-07-28,4.28,4.2815,4.2943445,0.0008180915550060064,3.16,0.98,2.5445670389075343,3.3291336698539666,2.18
2017-07-31,4.279,4.2805,4.2933414999999995,-0.0002336721590256996,3.14,0.98,2.482908967594607,3.3219590974581577,2.16
2017-08-01,4.2775,4.279,4.291836999999999,-0.0003506106504682638,3.14,0.98,1.8463540684840085,3.3091106023301475,2.16
2017-08-02,4.287,4.2885,4.301365499999999,0.002218460831628466,3.13,1.0,1.844740242114296,3.337128761540837,2.13
2017-08-03,4.2855,4.287,4.299860999999999,-0.0003499562590396632,3.17,0.98,1.6302055195436345,3.3342900997078284,2.19
2017-08-04,4.277,4.279,4.291836999999999,-0.001985402112028689,3.11,0.98,1.685012113286313,3.34457048240651,2.13
2017-08-07,4.2805,4.282,4.294846,0.0008179959556318117,3.22,0.97,1.7008326164669925,3.35060330965889,2.25
2017-08-08,4.2835,4.285,4.297854999999999,0.0007006072215582915,3.15,0.98,1.7008667299948659,3.313287444527306,2.17
2017-08-09,4.288,4.29,4.3028699999999995,0.0010499913465391586,3.15,0.99,1.6244119786705635,3.3170777207229643,2.16
2017-08-10,4.2945,4.296,4.308888,0.0015147104556416657,3.15,1.0,1.685623812957341,3.3238282961327843,2.15
2017-08-11,4.2955,4.297,4.3098909999999995,0.00023282887183162515,3.33,0.98,1.6814267027149405,3.324335678824638,2.35
2017-08-14,4.2915,4.293,4.305879,-0.0009316409198365516,3.14,0.93,1.6795838709625384,3.319326210765093,2.21
2017-08-15,4.294,4.2955,4.308386499999999,0.0005823772804516292,3.17,0.96,1.6895555094086665,3.3227349450019092,2.21
2017-08-16,4.2985,4.3,4.312899999999999,0.0010474251757723874,3.12,0.95,1.7167950284470577,3.320277976550439,2.17
2017-08-17,4.293,4.294,4.306881999999999,-0.0012803353899379921,3.12,0.94,1.7535251507003895,3.3239707563746794,2.18
2017-08-18,4.296,4.2975,4.3103925,0.0006985679641400289,3.12,0.95,1.7666418930165892,3.31276510923007,2.17
2017-08-21,4.2885,4.29,4.3028699999999995,-0.0017473357582244997,3.12,0.93,1.8340133061447792,3.3193755921211134,2.19
2017-08-22,4.2835,4.285,4.297854999999999,-0.0011665890263774514,3.12,0.92,1.8525492348933188,3.31895507767687,2.2
2017-08-23,4.283,4.284,4.2968519999999994,-0.00011673378872778528,3.12,0.97,1.8521372681561126,3.316972704746373,2.1500000000000004
2017-08-24,4.2785,4.28,4.29284,-0.001051217757261469,3.12,0.97,1.817721038474328,3.318824524157635,2.1500000000000004
2017-08-25,4.2765,4.278,4.290833999999999,-0.0004675628372730056,3.12,0.97,1.7466619914391135,3.307244179241632,2.1500000000000004
2017-08-28,4.2655,4.267,4.279801,-0.0025755106720870558,3.12,0.98,1.874916592184011,3.244907316237544,2.14
2017-08-29,4.2685,4.27,4.282809999999999,0.0007030701016117469,3.12,0.95,1.875263687961482,3.247660905500392,2.17
2017-08-30,4.2695,4.271,4.283812999999999,0.0002342468972995615,3.35,0.94,1.8737444855652243,3.24093384291977,2.41
2017-09-05,4.2675,4.269,4.281807,-0.000468548679064984,3.1,1.28,1.8427461055346341,3.2409873305083576,1.82
2017-09-06,4.2465,4.248,4.260744,-0.004933061448531673,3.15,1.02,2.2966128132876995,3.326289701534477,2.13
2017-09-07,4.2165,4.218,4.2306539999999995,-0.007089714205367859,3.3,0.96,2.9997342129902087,3.506516102171773,2.34
2017-09-08,4.1845,4.187,4.199561,-0.0076181775417674125,3.17,0.94,3.6351279403299372,3.6732666900919932,2.23
2017-09-11,4.1995,4.201,4.213602999999999,0.003578248092752867,3.33,0.95,3.822971138461083,3.6287357483329674,2.38
2017-09-12,4.205,4.2065,4.2191195,0.0013088228413666858,3.18,0.98,3.8401553107218547,3.6288747256445695,2.2
2017-09-13,4.2035,4.205,4.2176149999999994,-0.0003567818316967397,3.18,0.98,3.8184999963294413,3.6268779639885977,2.2
2017-09-14,4.1995,4.201,4.213602999999999,-0.0009520410096699461,3.18,0.97,3.818168131384741,3.5568592746822683,2.21
2017-09-15,4.192,4.194,4.206581999999999,-0.0017875235648034948,3.18,0.96,3.831878133679017,3.5366693230469126,2.22
2017-09-18,4.1855,4.188,4.200563999999999,-0.0015517759007670495,3.18,0.94,3.739345189076527,3.5211984724083862,2.24
2017-09-19,4.1905,4.192,4.204575999999999,0.001193887438849739,3.18,0.96,3.781972346730647,3.4819008868735226,2.22
2017-09-20,4.1935,4.195,4.207585,0.0007156488855053489,3.18,0.97,3.786149518434519,3.486299704004766,2.21
2017-09-21,4.201,4.202,4.214606,0.0017868847449158398,3.17,0.97,3.829123412256255,3.4891968010114143,2.2
2017-09-25,4.193,4.195,4.207585,-0.0019061239986195577,3.18,0.95,3.8252411066546212,3.4638966792694155,2.2300000000000004
2017-09-26,4.204,4.206,4.218618,0.00261998482607928,3.18,0.95,3.9141066623229026,3.5001244992102567,2.2300000000000004
2017-09-27,4.2185,4.22,4.232659999999999,0.0034431616088395067,3.18,0.97,4.044910257093493,3.536293002443159,2.21
2017-09-28,4.2315,4.233,4.245698999999999,0.0030769255044793553,3.18,0.95,4.177324407522025,3.4779649286190857,2.2300000000000004
2017-09-29,4.2275,4.229,4.241687,-0.0009457383374251727,3.39,0.94,4.177452872459866,3.474697280400089,2.45
2017-10-02,4.2305,4.232,4.244695999999999,0.0007093875918200432,3.39,0.93,4.180475835062243,3.4516885357594402,2.46
2017-10-03,4.24,4.2415,4.254224499999999,0.002243079861447894,3.17,0.99,4.232884406423039,3.475505149049579,2.1799999999999997
2017-10-04,4.2265,4.228,4.240683999999999,-0.003189041857021069,3.17,0.98,4.300759433242119,3.414067322342383,2.19
2017-10-05,4.23,4.2315,4.244194499999999,0.0008277656713413517,3.17,1.0,4.30410313673958,3.403430621945854,2.17
2017-10-06,4.2365,4.238,4.250714,0.0015354635981952303,3.15,1.01,4.32759589125256,3.410506168356803,2.1399999999999997
2017-10-09,4.232,4.234,4.246701999999999,-0.0010627621003835852,3.15,1.01,4.326115938454787,3.294006874980368,2.1399999999999997
2017-10-10,4.2235,4.225,4.237674999999999,-0.002010526370584076,3.17,1.02,4.349972383893657,3.309105287509938,2.15
2017-10-11,4.2155,4.217,4.229651,-0.0018959598048209347,3.17,1.02,4.366700196656185,3.3057547863509438,2.15
2017-10-12,4.2175,4.219,4.231657,0.0004743270573930314,3.17,0.97,4.375728195525016,3.2531751000995257,2.2
2017-10-13,4.218,4.22,4.232659999999999,0.000118546618596449,3.18,0.95,4.332159526526821,3.2440456462430913,2.2300000000000004
2017-10-16,4.2185,4.22,4.232659999999999,0.00011853256696148229,3.17,0.94,4.3228420039947615,3.199307519830144,2.23
2017-10-17,4.223,4.2245,4.237173499999999,0.0010661613282623161,3.33,0.97,4.340017445692525,3.1949799113121164,2.3600000000000003
2017-10-19,4.226,4.227,4.239681,0.0007101432420584253,3.33,0.97,4.351005463194682,3.1540358129634933,2.3600000000000003
2017-10-20,4.224,4.2255,4.2381765,-0.00047337278990466913,3.33,0.97,4.126856689138321,3.129447640171253,2.3600000000000003
2017-10-23,4.2335,4.235,4.247705,0.002246527696234679,3.17,0.98,3.624442883166637,3.098852513433108,2.19
2017-10-24,4.234,4.2355,4.248206499999999,0.00011809861247846776,3.18,0.99,2.7822522389297517,3.0824341524774193,2.1900000000000004
2017-10-25,4.2335,4.235,4.247705,-0.00011809861247846776,3.18,0.99,2.615678171794534,3.0776620525391274,2.1900000000000004
2017-10-26,4.233,4.234,4.246701999999999,-0.00011811256140847881,3.18,0.97,2.599016797400908,3.068052635541029,2.21
2017-10-27,4.2415,4.243,4.255729,0.00200601872686601,3.18,0.96,2.643197880131225,3.0873222682732275,2.22
2017-10-30,4.2385,4.24,4.25272,-0.0007075471993291949,3.33,0.94,2.634068369466603,3.075816574581323,2.39
2017-10-31,4.2305,4.232,4.244695999999999,-0.001889243683904862,3.38,0.98,2.641255924153521,2.931221234109308,2.4
2017-11-01,4.2335,4.235,4.247705,0.0007088847177765256,3.38,1.04,2.5838189144057226,2.9151710512730693,2.34
2017-11-02,4.2275,4.229,4.241687,-0.0014182723095965688,3.18,1.0,2.622945496147203,2.8746229557520575,2.18
2017-11-03,4.2325,4.234,4.246701999999999,0.0011820332345549023,3.18,1.0,2.6329393876095644,2.8732468397415127,2.18
2017-11-06,4.24,4.2415,4.254224499999999,0.001770434218713035,3.17,1.0,2.6321409668556117,2.8904839642020876,2.17
2017-11-07,4.2265,4.228,4.240683999999999,-0.003189041857021069,3.17,1.03,2.7495619649375436,2.932206244182806,2.1399999999999997
2017-11-08,4.2285,4.23,4.24269,0.00047309285329477646,3.43,1.03,2.65869808101806,2.911795198862733,2.4000000000000004
2017-11-09,4.2275,4.229,4.241687,-0.00023651844954164503,3.43,1.05,2.4754789356726623,2.9116708426400706,2.38
2017-11-10,4.1935,4.195,4.207585,-0.008075094348269252,3.16,1.03,3.2785712874614092,3.1973154097020466,2.13
2017-11-13,4.188,4.1895,4.202068499999999,-0.0013124144340388444,3.17,1.04,3.286552833245186,3.195627169623685,2.13
2017-11-14,4.1895,4.191,4.203573,0.00035810206291375657,3.17,1.04,3.2786250984453797,3.197102668737814,2.13
2017-11-15,4.1825,4.184,4.196552,-0.0016722411923619784,3.17,1.06,3.2077827148152225,3.2055108275021915,2.11
2017-11-16,4.1785,4.18,4.192539999999999,-0.0009568234194883285,3.17,1.06,3.106094443754909,3.205471133785076,2.11
2017-11-17,4.162,4.164,4.176492,-0.003956602487911187,3.17,1.05,3.2504992681393134,3.2623439949206503,2.12
2017-11-20,4.158,4.1595,4.1719785,-0.0009615385356214201,3.17,1.05,3.1919781798936167,3.262336418772107,2.12
2017-11-21,4.143,4.145,4.1574349999999995,-0.003614026340556409,3.17,1.13,3.306095492270982,3.3067794405861606,2.04
2017-11-22,4.1245,4.126,4.1383779999999994,-0.004475362776615421,3.16,1.14,3.4638649407296276,3.376030984561064,2.0200000000000005
2017-11-23,4.1115,4.113,4.125339,-0.00315687488983607,3.17,1.14,3.5176880519126907,3.4006928970428083,2.0300000000000002
2017-11-24,4.1195,4.121,4.133363,0.0019438713446944256,3.18,1.12,3.590172217160015,3.4065605932287926,2.06
2017-11-27,4.117,4.119,4.1313569999999995,-0.0006070539857401247,3.19,1.12,3.5804728849756184,3.406132664811712,2.07
2017-11-28,4.1175,4.119,4.1313569999999995,0.00012144028189076117,3.19,1.14,3.5805383594224276,3.406057216701873,2.05
2017-11-29,4.107,4.108,4.120323999999999,-0.0025533480952366627,3.37,1.15,3.569584104133334,3.4241524926413227,2.22
2017-11-30,4.087,4.0885,4.1007655,-0.0048816303922814,3.37,1.12,3.711610301633846,3.4927013461445964,2.25
2017-12-04,4.082,4.084,4.096251999999999,-0.0012241401944872443,3.19,1.13,3.706710455320708,3.492111827536782,2.06
2017-12-05,4.0525,4.054,4.066161999999999,-0.007253089759958753,3.17,1.19,3.9660171017879406,3.6637145366775954,1.98
2017-12-06,4.067,4.069,4.081206999999999,0.003571652297393202,3.18,1.16,4.204312608413725,3.72994555003954,2.0200000000000005
2017-12-07,4.0825,4.084,4.096251999999999,0.003803918937395512,3.18,1.14,4.449962585622492,3.794378444052083,2.04
2017-12-08,4.088,4.0895,4.1017684999999995,0.001346307038920358,3.18,1.11,4.501151485594536,3.79803186469042,2.0700000000000003
2017-12-11,4.082,4.084,4.096251999999999,-0.0014687885137503187,3.17,1.14,4.400175500095134,3.7948213172551113,2.0300000000000002
2017-12-12,4.08,4.082,4.094245999999999,-0.0004900759715826819,3.17,1.24,4.403074455924879,3.7945040336215485,1.93
2017-12-13,4.0755,4.077,4.089231,-0.001103549863695319,3.16,1.2,4.39936576779063,3.795592505928294,1.9600000000000002
2017-12-14,4.079,4.081,4.093243,0.0008584217830462926,3.16,1.19,4.405344018834652,3.774394728685341,1.9700000000000002
2017-12-15,4.089,4.091,4.103273,0.0024485810470840086,3.17,1.22,4.5324116452382945,3.807553464530243,1.95
2017-12-18,4.087,4.0885,4.1007655,-0.000489236800365056,3.17,1.23,4.484589845805859,3.799488363538118,1.94
2017-12-19,4.074,4.076,4.088227999999999,-0.0031858867775262922,3.17,1.23,4.432335714052866,3.8190357187916324,1.94
2017-12-20,4.074,4.076,4.088227999999999,0.0,3.17,1.2,4.4125091232466,3.814339321742563,1.97
2017-12-21,4.077,4.079,4.091237,0.0007361060325024038,3.18,1.18,4.421952678909586,3.810954703313326,2.0
2017-12-22,4.0905,4.093,4.1052789999999995,0.0033057881344993323,3.14,1.12,4.605519495788771,3.8501555063024573,2.02
2017-12-26,4.079,4.081,4.093243,-0.0028153516361943964,3.18,1.22,4.142096016026532,3.8665648572998466,1.9600000000000002
2017-12-27,4.0835,4.085,4.097255,0.0011026034807719576,3.18,1.15,4.1813090072189825,3.876217797856344,2.0300000000000002
2017-12-28,4.077,4.079,4.091237,-0.0015930399790768934,3.18,1.16,4.1708609198346185,3.8752837061058267,2.0200000000000005
2017-12-29,4.062,4.064,4.076192,-0.003685960678923461,3.18,1.25,4.243159428721223,3.899994227988273,1.9300000000000002
2018-01-02,4.0325,4.034,4.046101999999999,-0.007288932140966153,3.18,1.27,4.6209336470392675,4.054940618784404,1.9100000000000001
2018-01-03,4.0255,4.027,4.0390809999999995,-0.0017374042593283345,3.18,1.27,4.549501305885731,4.0517132220969945,1.9100000000000001
2018-01-04,4.02,4.0215,4.033564499999999,-0.00136722412696888,3.18,1.25,4.549858247188865,4.049489848598217,1.9300000000000002
2018-01-05,3.9945,3.997,4.008990999999999,-0.006363487690969949,3.18,1.24,4.746106271552104,4.157702303043337,1.9400000000000002
2018-01-08,3.9875,3.99,4.00197,-0.0017539468289966553,3.18,1.26,4.648270792383698,4.15937565738215,1.9200000000000002
2018-01-09,4.0015,4.004,4.016011999999999,0.003504822714000877,3.17,1.25,4.7940530256097205,4.220821759353111,1.92
2018-01-10,4.0085,4.01,4.022029999999999,0.0017478156759054286,3.17,1.29,4.7842594901905136,4.241155582044768,1.88
2018-01-11,3.9895,3.991,4.002973,-0.004751196734670726,3.17,1.29,4.910519991056707,4.283534392100168,1.88
2018-01-12,3.9705,3.972,3.9839159999999993,-0.004773878413069976,3.16,1.28,5.013056243793558,4.328971545942043,1.8800000000000001
2018-01-15,3.9575,3.959,3.9708769999999998,-0.0032795185800984505,3.17,1.28,5.034315783301518,4.345006637341162,1.89
2018-01-16,3.955,3.957,3.9688709999999996,-0.0006319115534128006,3.17,1.31,4.9161807026294015,4.344693818321945,1.8599999999999999
2018-01-17,3.951,3.9525,3.9643574999999998,-0.001011889790363485,3.17,1.29,4.916078660025256,4.289418266682162,1.88
2018-01-18,3.9605,3.962,3.973886,0.0024015684929434844,3.17,1.26,4.653168604795955,4.188270348773263,1.91
2018-01-19,3.9365,3.938,3.949814,-0.006078276279812389,3.17,1.25,4.711732803001208,4.1236346434745315,1.92
2018-01-22,3.9415,3.943,3.9548289999999997,0.001269357875441024,3.17,1.23,4.537134740886808,4.073943239613322,1.94
2018-01-23,3.927,3.929,3.9407869999999994,-0.0036855859219533382,3.17,1.24,4.528855398788856,4.089746285105629,1.93
2018-01-24,3.9175,3.919,3.930757,-0.002422080347833644,3.17,1.23,4.539638161893265,4.098572989282138,1.94
2018-01-25,3.898,3.9,3.9116999999999993,-0.0049900941626699336,3.18,1.2,4.649762836364429,4.158549701388473,1.9800000000000002
2018-01-26,3.875,3.877,3.8886309999999993,-0.00591793828005871,3.38,1.21,4.818495253550768,4.242134659658336,2.17
2018-01-29,3.8695,3.8715,3.8831144999999996,-0.0014203630769336062,3.41,1.24,4.759007974654777,4.241596850739756,2.17
2018-01-30,3.8945,3.896,3.9076879999999994,0.006440001649489435,3.38,1.47,5.186917571591587,4.401767990500071,1.91
2018-02-02,3.8885,3.89,3.9016699999999997,-0.0015418222250052072,3.41,1.38,5.175857765056507,4.395760834435292,2.0300000000000002
2018-02-05,3.8975,3.899,3.9106969999999994,0.0023118427969335276,3.38,1.37,5.27921206534863,4.405507066980796,2.01
2018-02-06,3.9135,3.915,3.9267449999999995,0.004096792312961339,3.38,1.46,5.50736345148922,4.4780285433344975,1.92
2018-02-07,3.9075,3.91,3.9217299999999997,-0.0015343309492610313,3.4,1.34,5.472197809631414,4.4428915351986396,2.0599999999999996
2018-02-08,3.9255,3.927,3.9387809999999996,0.004595948342678513,3.42,1.3,5.580624474355219,4.478205038344049,2.12
2018-02-09,3.9385,3.94,3.9518199999999997,0.0033062085050685752,3.41,1.29,5.723291132881465,4.483985811606152,2.12
2018-02-12,3.932,3.934,3.9458019999999996,-0.0016517378763216684,3.4,1.31,5.683856388518708,4.486203263381052,2.09
2018-02-13,3.9335,3.935,3.9468049999999995,0.0003814125022398862,3.4,1.32,5.702585774287544,4.483402986275184,2.08
2018-02-14,3.9265,3.928,3.9397839999999995,-0.0017811709543678056,3.4,1.3,5.656805517796696,4.456328220710469,2.0999999999999996
2018-02-15,3.8945,3.897,3.9086909999999992,-0.008183142454926129,3.4,1.28,5.746618213203338,4.606270740956876,2.12
2018-02-19,3.888,3.89,3.9016699999999997,-0.001670414779673557,3.4,1.33,5.746066808305863,4.598562487755309,2.07
2018-02-20,3.8945,3.897,3.9086909999999992,0.001670414779673557,3.4,1.37,5.803634173456591,4.600671684751358,2.03
2018-02-21,3.9085,3.91,3.9217299999999997,0.0035883673003820338,3.4,1.38,5.7292191844684215,4.662436882909301,2.02
2018-02-22,3.9185,3.92,3.9317599999999997,0.0025552588325339354,3.4,1.32,5.797719299122392,4.693680185644603,2.08
2018-02-23,3.9055,3.908,3.9197239999999995,-0.0033231114425671393,3.39,1.35,5.716663671454068,4.708883419582631,2.04
2018-02-26,3.913,3.915,3.9267449999999995,0.001918527160060357,3.39,1.35,5.723509557265797,4.726540471725765,2.04
2018-02-27,3.9105,3.912,3.9237359999999994,-0.0006391001687462428,3.4,1.47,5.5998119287044155,4.723922813137531,1.93
2018-02-28,3.9255,3.9275,3.9392824999999996,0.0038284885966441973,3.4,1.48,5.606565254372353,4.785648968739375,1.92
2018-03-01,3.9305,3.932,3.9437959999999994,0.0012729125955008858,3.42,1.47,5.557009409287559,4.788056017260124,1.95
2018-03-02,3.916,3.918,3.9297539999999995,-0.003695919583410312,3.42,1.47,5.646586394184972,4.805504030912671,1.95
2018-03-05,3.899,3.901,3.9127029999999996,-0.004350614667803621,3.4,1.48,5.763312126548509,4.840647364757495,1.92
2018-03-06,3.9045,3.906,3.917718,0.0014096241201324577,3.4,1.54,5.727850618938554,4.827302357032926,1.8599999999999999
2018-03-07,3.903,3.905,3.9167149999999995,-0.0003842459221148342,3.39,1.54,5.475992988403071,4.825037142860969,1.85
2018-03-08,3.9055,3.908,3.9197239999999995,0.0006403278697371118,3.39,1.54,5.4634993223177695,4.830203202376094,1.85
2018-03-09,3.9145,3.916,3.9277479999999994,0.002301791297616873,3.42,1.54,5.417036235584296,4.858130676033028,1.88
2018-03-12,3.9085,3.91,3.9217299999999997,-0.0015339386875836691,3.42,1.56,5.390091717896996,4.834867075460475,1.8599999999999999
2018-03-13,3.908,3.91,3.9217299999999997,-0.00012793449771186793,3.42,1.61,5.18526808549092,4.836521634648888,1.8099999999999998
2018-03-14,3.8965,3.898,3.9096939999999996,-0.002947019879057766,3.41,1.68,4.952650031251374,4.845864722774676,1.7300000000000002
2018-03-15,3.9145,3.917,3.928750999999999,0.004608893064353303,3.41,1.67,5.089275755705936,4.926120432394168,1.7400000000000002
2018-03-16,3.924,3.926,3.937778,0.0024239343372847166,3.39,1.68,4.798922270003242,4.955887458608768,1.7100000000000002
2018-03-19,3.914,3.916,3.9277479999999994,-0.0025516727292320684,3.42,1.67,4.840460965392755,4.952394355598383,1.75
2018-03-20,3.9155,3.917,3.928750999999999,0.00038316623497092195,3.42,1.73,4.800067505206738,4.936873755813846,1.69
2018-03-21,3.9245,3.926,3.937778,0.002295919375876032,3.42,1.68,4.698822357419512,4.949680587049813,1.74
2018-03-22,3.9095,3.911,3.9227329999999996,-0.0038294660022997196,3.42,1.65,4.813600023809613,4.970080870410339,1.77
2018-03-23,3.913,3.915,3.9267449999999995,0.0008948546458436013,3.42,1.66,4.62343267089362,4.977773448285987,1.76
2018-03-26,3.9035,3.905,3.9167149999999995,-0.0024307566500667566,3.42,1.68,4.5539394918371245,4.83360561597736,1.74
2018-03-27,3.8755,3.877,3.8886309999999993,-0.007198899838779527,3.42,1.66,4.9627261070736095,4.950356192475692,1.76
2018-03-28,3.858,3.8595,3.8710785,-0.004525772255891569,3.42,1.62,5.090646003957327,4.983627365580575,1.7999999999999998
2018-03-29,3.868,3.87,3.88161,0.0025886631075104916,3.42,1.6,5.1630039745117156,5.01621325502347,1.8199999999999998
2018-03-30,3.862,3.864,3.8755919999999993,-0.0015523935847252535,3.42,1.6,4.636416031170247,5.0174997276834254,1.8199999999999998
2018-04-02,3.864,3.866,3.877598,0.0005177323439489179,3.42,1.65,4.622719853067249,4.9955071958439925,1.77
2018-04-03,3.8675,3.869,3.880607,0.0009053871148125836,3.38,1.67,4.600996266337619,5.003828409676145,1.71
2018-04-04,3.865,3.867,3.8786009999999997,-0.0006466214256988234,3.42,1.65,4.456899778056648,4.981242178703779,1.77
2018-04-05,3.867,3.869,3.880607,0.0005173305857746335,3.42,1.64,4.379003587253858,4.946069288728894,1.78
2018-04-06,3.8715,3.873,3.884619,0.0011630162194811167,3.42,1.65,4.314989860811657,4.938529757654649,1.77
2018-04-09,3.863,3.865,3.876595,-0.0021979451604969835,3.42,1.64,4.296683589879434,4.925112181740386,1.78
2018-04-10,3.8645,3.866,3.877598,0.0003882238806445226,3.41,1.61,4.302624011883024,4.92854047491493,1.8
2018-04-11,3.8705,3.872,3.8836159999999995,0.0015513900978423312,3.41,1.61,4.156553028081611,4.941107692203673,1.8
2018-04-12,3.8765,3.8785,3.8901354999999995,0.001548987014245773,3.41,1.62,4.1673703948745615,4.944923689389805,1.79
2018-04-13,3.8795,3.881,3.892642999999999,0.0007735946749902745,3.42,1.61,4.065995383001343,4.8979524279861515,1.8099999999999998
2018-04-16,3.8865,3.888,3.8996639999999996,0.0018027303362702085,3.41,1.6,3.9235307243539075,4.9128280816699865,1.81
2018-04-17,3.889,3.891,3.9026729999999996,0.0006430454854728929,3.41,1.65,3.904023125927631,4.783539957373488,1.7600000000000002
2018-04-18,3.8915,3.893,3.9046789999999993,0.0006426322436956511,3.4,1.64,3.9096113681698346,4.738581049721066,1.76
2018-04-19,3.8885,3.89,3.9016699999999997,-0.0007712082644448781,3.39,1.64,3.907840084418144,4.682703845336205,1.7500000000000002
2018-04-20,3.892,3.894,3.9056819999999997,0.0008996851708977793,3.41,1.62,3.852275226115049,4.6782013767858786,1.79
2018-04-23,3.8985,3.9,3.9116999999999993,0.0016686994437589142,3.4,1.64,3.8671394369764154,4.690120030959693,1.76
2018-04-24,3.9075,3.909,3.9207269999999994,0.002305919545977142,3.42,1.67,3.9286587221643776,4.713750163819679,1.75
2018-04-25,3.9085,3.91,3.9217299999999997,0.0002558853647534054,3.42,1.62,3.8285791749826887,4.714147061502931,1.7999999999999998
2018-04-26,3.9205,3.923,3.9347689999999997,0.003065528010591345,3.42,1.59,3.6945055624136796,4.74604838992024,1.8299999999999998
2018-04-27,3.9195,3.921,3.9327629999999996,-0.00025510204219969523,3.42,1.58,3.6259412904990005,4.720946276547121,1.8399999999999999
2018-04-30,3.9195,3.921,3.9327629999999996,0.0,3.42,1.6,3.546796582812845,4.721600772147624,1.8199999999999998
2018-05-02,3.9265,3.928,3.9397839999999995,0.0017843491861524452,3.42,1.66,3.581423327871623,4.713743033941104,1.76
2018-05-03,3.9378,3.9395,3.9513184999999993,0.0028737478928027027,3.42,1.65,3.6160490589988483,4.745238681263376,1.77
2018-05-04,3.9345,3.937,3.9488109999999996,-0.0008383827326940985,3.39,1.63,3.4319134501463164,4.742086385338166,1.7600000000000002
2018-05-07,3.9415,3.943,3.9548289999999997,0.0017775525249250634,3.39,1.64,3.4566111027340805,4.715132484948914,1.7500000000000002
2018-05-08,3.95,3.952,3.9638559999999994,0.002154217395204716,3.42,1.66,3.4035768511422266,4.716747028271366,1.76
2018-05-14,3.955,3.96,3.9718799999999996,0.0012650223065866495,3.42,1.64,2.5361209514527765,4.7182482691804815,1.78
2018-05-15,3.952,3.954,3.9658619999999996,-0.0007588213339959626,3.42,1.66,2.0537410901276467,4.714114827726436,1.76
2018-05-16,3.9645,3.966,3.9778979999999997,0.003157963844695244,3.41,1.66,2.1028095802248443,4.71592219464185,1.7500000000000002
2018-05-17,3.968,3.97,3.9819099999999996,0.0008824456923097745,3.41,1.66,1.9787128502843416,4.567446578112935,1.7500000000000002
2018-05-18,3.977,3.9785,3.9904354999999994,0.0022655768029271606,3.41,1.64,2.013708668476254,4.577882093388501,1.7700000000000002
2018-05-21,3.976,3.978,3.989934,-0.0002514774312258883,3.44,1.65,2.044159858673561,4.573181017637317,1.79
2018-05-22,3.9765,3.978,3.989934,0.00012574662072517562,3.44,1.7,2.0045210481212345,4.449668569050844,1.74
2018-05-23,3.9755,3.977,3.9889309999999996,-0.00025150905565163306,3.44,1.73,2.031084794791401,4.440472476732431,1.71
2018-05-24,3.987,3.989,4.000966999999999,0.0028885420398168105,3.44,1.7,2.108926808121753,4.427747172279308,1.74
2018-05-25,3.9845,3.987,3.9989609999999995,-0.0006272345435520688,3.41,1.66,1.946105609354257,4.418414623734622,1.7500000000000002
2018-05-28,3.982,3.984,3.9959519999999995,-0.0006276282136612465,3.42,1.66,1.9969262267749404,4.34794237865621,1.76
2018-05-30,3.995,3.997,4.008990999999999,0.003259373576233404,3.42,1.74,2.0968805471415255,4.306892717961559,1.68
2018-05-31,3.9765,3.979,3.9909369999999997,-0.004641543803185266,3.42,1.73,2.6617475942453863,4.342751498872051,1.69
2018-06-01,3.9835,3.985,3.9969549999999994,0.0017587944232309027,3.41,1.7,2.674607438388125,4.350490614567717,1.7100000000000002
2018-06-04,3.979,3.981,3.9929429999999995,-0.0011302983934919908,3.41,1.72,2.7215294144088986,4.351376935373208,1.6900000000000002
2018-06-05,3.9735,3.975,3.986925,-0.0013832130466946424,3.4,1.79,2.793073235763122,4.34023734851443,1.6099999999999999
2018-06-06,3.972,3.974,3.985922,-0.0003775722151708738,3.41,1.78,2.8110114516208253,4.215877419204104,1.6300000000000001
2018-06-07,3.9745,3.977,3.9889309999999996,0.000629207848104052,3.43,1.75,2.777177596224787,4.212208091814399,1.6800000000000002
2018-06-08,3.983,3.9845,3.9964535,0.002136350168477019,3.42,1.75,2.806746350938857,4.176853572851898,1.67
2018-06-11,3.9875,3.989,4.000966999999999,0.0011291639114556773,3.42,1.78,2.7960769759061637,4.156981281996072,1.64
2018-06-12,3.9895,3.992,4.003976,0.0005014416552355794,3.42,1.78,2.7576032730222044,4.063479455619879,1.64
2018-06-13,3.9955,3.997,4.008990999999999,0.0015028180661817991,3.41,1.79,2.764129899934832,3.931732059554738,1.62
2018-06-14,3.9915,3.993,4.004979,-0.0010016277286637454,3.41,1.78,2.716943040116112,3.9270443760818043,1.6300000000000001
2018-06-18,3.9985,4.0,4.012,0.0017521906860908931,3.41,1.8,2.7244329054567245,3.797228891850969,1.61
2018-06-19,3.998,4.0,4.012,-0.0001250547115991818,3.41,1.82,2.7273256029996475,3.7852285794831007,1.59
2018-06-20,4.0075,4.009,4.021027,0.002373369423362748,3.39,1.82,2.7536235128784625,3.7861644479209797,1.57
2018-06-21,4.012,4.014,4.0260419999999995,0.001122264598117928,3.4,1.82,2.678162744268539,3.734271877538351,1.5799999999999998
2018-06-22,4.0135,4.016,4.028047999999999,0.00037380848980550496,3.41,1.8,2.6435340883564793,3.7217059420164156,1.61
2018-06-25,4.0135,4.015,4.027044999999999,0.0,3.41,1.76,2.6285485924184,3.650173988023679,1.6500000000000001
2018-06-26,4.02,4.022,4.034066,0.001618224041435079,3.41,1.76,2.6055593047967736,3.6209196525897567,1.6500000000000001
2018-06-27,4.0275,4.03,4.04209,0.0018639334380627925,3.43,1.76,2.624841751940317,3.617040955707438,1.6700000000000002
2018-06-28,4.0385,4.04,4.0521199999999995,0.002727499831221669,3.39,1.73,2.6616013394187252,3.640377602127877,1.6600000000000001
2018-06-29,4.0385,4.04,4.0521199999999995,0.0,3.38,1.73,2.5660750722249057,3.62380967021861,1.65
2018-07-02,4.04,4.042,4.054125999999999,0.0003713560728446641,3.38,1.87,2.5657468007868376,3.3264754719187017,1.5099999999999998
2018-07-03,4.049,4.051,4.063153,0.002225245076965532,3.4,1.88,2.563496546167092,3.3214388448558165,1.52
2018-07-04,4.0465,4.049,4.061147,-0.0006176270964046715,3.4,1.88,2.576205843034422,3.3197166577636015,1.52
2018-07-05,4.0455,4.047,4.059140999999999,-0.00024715768786243153,3.42,1.84,2.584247856219345,3.278022412669715,1.5799999999999998
2018-07-06,4.0465,4.049,4.061147,0.00024715768786243153,3.41,1.82,2.574438055121253,3.2573980647330467,1.59
2018-07-09,4.032,4.034,4.046101999999999,-0.0035897791845520555,3.4,1.83,2.750502613016206,3.266222522515298,1.5699999999999998
2018-07-10,4.0085,4.01,4.022029999999999,-0.005845424268198229,3.4,1.85,3.280343366524226,3.415879311133075,1.5499999999999998
2018-07-11,4.03,4.032,4.044096,0.005349269457722405,3.4,1.86,3.591870573515247,3.516353499942605,1.5399999999999998
2018-07-12,4.0405,4.042,4.054125999999999,0.0026020707327736314,3.43,1.86,3.5512136783392934,3.487720243366081,1.57
2018-07-13,4.04,4.042,4.054125999999999,-0.00012375471830661233,3.42,1.84,3.222552065556756,3.4847538302850394,1.5799999999999998
2018-07-16,4.0485,4.05,4.062149999999999,0.002101750170973249,3.42,1.86,3.2354406139648337,3.4308888644839852,1.5599999999999998
2018-07-17,4.045,4.047,4.059140999999999,-0.0008648916335769474,3.42,1.9,3.224433462407747,3.3435668425609424,1.52
2018-07-18,4.0575,4.06,4.0721799999999995,0.0030854698961542137,3.42,1.87,3.2518090022256847,3.3694344254074546,1.5499999999999998
2018-07-19,4.0575,4.06,4.0721799999999995,0.0,3.42,1.86,3.242792444230311,3.3674275496102983,1.5599999999999998
2018-07-20,4.0655,4.067,4.079200999999999,0.0019697162591461037,3.42,1.82,3.2631038355018585,3.37709701524644,1.5999999999999999
2018-07-23,4.058,4.06,4.0721799999999995,-0.0018464952621324304,3.42,1.84,3.32022640042391,3.3838872463334084,1.5799999999999998
2018-07-24,4.0675,4.07,4.08221,0.0023383187074328404,3.42,1.89,3.3545980813055207,3.3832601699601392,1.53
2018-07-25,4.0635,4.066,4.0781979999999995,-0.0009838888999331719,3.43,1.87,3.3882342654886273,3.3903747263900037,1.56
2018-07-26,4.055,4.057,4.069171,-0.0020939836437463555,3.43,1.86,3.4655993881282834,3.36923009828308,1.57
2018-07-27,4.0625,4.065,4.077195,0.0018478600884797025,3.43,1.87,3.457222165042749,3.3036053995096117,1.56
2018-07-30,4.065,4.067,4.079200999999999,0.0006151953439181845,3.43,1.87,3.4396037741787233,3.2862394222062807,1.56
2018-07-31,4.0605,4.063,4.075188999999999,-0.0011076242594454389,3.43,1.91,3.468027489053223,3.258376480555858,1.5200000000000002
2018-08-01,4.0655,4.067,4.079200999999999,0.0012306179254266691,3.43,1.9,3.4304871140277684,3.2612758835858195,1.5300000000000002
2018-08-02,4.0725,4.075,4.087225,0.001720324828307751,3.39,1.86,3.444582667175778,3.253302300811202,1.53
2018-08-03,4.0825,4.085,4.097255,0.0024524843684199382,3.41,1.87,3.4904028409495607,3.190660512551158,1.54
2018-08-06,4.0775,4.08,4.092239999999999,-0.001225490349451075,3.42,1.88,3.525631961261385,3.202580072736931,1.54
2018-08-07,4.0845,4.086,4.0982579999999995,0.0017152662867550017,3.42,1.93,3.5283522682030157,3.1717015503942148,1.49
2018-08-08,4.076,4.0775,4.089732499999999,-0.0020832064393085936,3.42,1.9,3.583758013550481,2.9259285076085377,1.52
2018-08-09,4.072,4.074,4.086221999999999,-0.0009818361122566621,3.39,1.87,3.535253076796907,2.809264234950738,1.52
2018-08-10,4.0795,4.081,4.093243,0.0018401526384963507,3.39,1.88,3.5629185563158043,2.797025487139735,1.5100000000000002
2018-08-13,4.0925,4.095,4.107284999999999,0.0031815983764349465,3.39,1.89,3.6571436831510575,2.8064399675923726,1.5000000000000002
2018-08-14,4.0965,4.098,4.110294,0.0009769203365792567,3.38,1.93,3.6216296762054796,2.8069062442086854,1.45
2018-08-15,4.103,4.104,4.116312,0.0015854628603166887,3.38,1.93,3.6247171327063135,2.8109674839122514,1.45
2018-08-16,4.1005,4.103,4.115308999999999,-0.0006094959657199084,3.38,1.92,3.632392102280657,2.810486886239006,1.46
2018-08-17,4.104,4.106,4.1183179999999995,0.0008531903741395563,3.42,1.92,3.633695927387834,2.810575547232332,1.5
2018-08-20,4.103,4.105,4.117315,-0.00024369440841964796,3.38,1.89,3.4326629545372085,2.8133156767720666,1.49
2018-08-21,4.094,4.096,4.108288,-0.0021959262209509944,3.38,1.91,2.970757747458358,2.813257922967582,1.47
2018-08-23,4.105,4.1065,4.118819499999999,0.0026832556652938155,3.38,1.9,2.696275513195099,2.833458625823814,1.48
2018-08-24,4.1095,4.112,4.124336,0.001095623702025872,3.38,1.91,2.6344262743515037,2.8304728722278507,1.47
2018-08-27,4.0995,4.101,4.113302999999999,-0.0024363515523222468,3.42,1.91,2.7687602739052086,2.8734933814468415,1.51
2018-08-28,4.097,4.099,4.1112969999999995,-0.0006100164893612092,3.42,1.93,2.7427896216147203,2.8807373152579316,1.49
2018-08-29,4.103,4.105,4.117315,0.001463414895314763,3.42,1.93,2.7327024962033186,2.877303902524907,1.49
2018-08-30,4.1075,4.11,4.12233,0.0010961574692371912,3.42,1.93,2.626293116608771,2.8784841946790056,1.49
2018-09-03,4.124,4.126,4.1383779999999994,0.004008995225427414,3.42,1.91,2.821882986725522,2.934229423926711,1.51
2018-09-04,4.1355,4.137,4.149410999999999,0.0027846739951107313,3.42,1.97,2.867235990543471,2.9459485030690504,1.45
2018-09-05,4.1435,4.145,4.1574349999999995,0.0019326011571358936,3.43,1.97,2.7989658856169823,2.9531485303402913,1.4600000000000002
2018-09-06,4.1465,4.148,4.160443999999999,0.0007237636021610871,3.4,1.94,2.7553716652465785,2.9485630704511645,1.46
2018-09-07,4.1435,4.146,4.158437999999999,-0.0007237636021610871,3.4,1.94,2.743043898563938,2.944992379774938,1.46
2018-09-12,4.1495,4.151,4.163453,0.0014470037494054289,3.4,1.98,2.624683750597834,2.9472045068227173,1.42
2018-09-13,4.1425,4.144,4.156432,-0.0016883747377847147,3.4,1.97,2.697344959254574,2.9449125671851593,1.43
2018-09-14,4.1415,4.143,4.155428999999999,-0.00024142926239911766,3.4,1.98,2.709703977724388,2.9447994637613264,1.42
2018-09-18,4.146,4.148,4.160443999999999,0.0010859729574062005,3.41,2.02,2.6622366394964714,2.944014121104705,1.3900000000000001
2018-09-19,4.144,4.1455,4.1579365,-0.00048250905640601083,3.4,2.0,2.6785141392458587,2.9431573462465397,1.4
2018-09-20,4.1375,4.14,4.152419999999999,-0.0015697642540006829,3.4,1.99,2.7321335286411346,2.939836289145381,1.41
2018-09-21,4.131,4.133,4.145398999999999,-0.0015722322885536322,3.4,2.01,2.7347715155227887,2.952185597307695,1.3900000000000001
2018-09-24,4.1345,4.137,4.149410999999999,0.0008468937654566577,3.39,2.02,2.6938024156976,2.9452518916620245,1.37
2018-09-25,4.1345,4.1365,4.148909499999999,0.0,3.4,2.09,2.6702682705930623,2.9336748998372353,1.31
2018-09-26,4.1415,4.143,4.155428999999999,0.0016916388760974677,3.4,2.08,2.587381956562548,2.937660958482914,1.3199999999999998
2018-09-27,4.1375,4.139,4.1514169999999995,-0.0009663003530004932,3.4,2.07,2.58659620364824,2.9404061383916,1.33
2018-09-28,4.1405,4.143,4.155428999999999,0.0007248127884365019,3.41,2.09,2.5576137137146238,2.906346918181959,1.3200000000000003
2018-10-01,4.1415,4.143,4.155428999999999,0.00024148756456399134,3.39,2.09,2.427879124292356,2.9058292320855728,1.3000000000000003
2018-10-02,4.138,4.14,4.152419999999999,-0.0008454617328303993,3.39,2.11,2.447409290354683,2.8981851084504613,1.2800000000000002
2018-10-03,4.139,4.141,4.153422999999999,0.00024163344324401592,3.39,2.12,2.4186138894544675,2.8960231167418145,1.27
2018-10-04,4.147,4.149,4.161447,0.001930968497648955,3.39,2.13,2.4482969083478925,2.9060996176580742,1.2600000000000002
2018-10-05,4.1455,4.148,4.160443999999999,-0.0003617726901079532,3.39,2.12,2.4530322087303476,2.9069294171325124,1.27
2018-10-08,4.152,4.154,4.166461999999999,0.0015667372894512255,3.42,2.12,2.4719408282369333,2.8840543591858605,1.2999999999999998
2018-10-09,4.1575,4.16,4.172479999999999,0.001323786221357981,3.42,2.14,2.359194309573675,2.8818865918029886,1.2799999999999998
2018-10-10,4.153,4.1545,4.1669635,-0.0010829674363290742,3.42,2.14,2.310150431802133,2.8878082470016038,1.2799999999999998
2018-10-11,4.159,4.161,4.173482999999999,0.0014436961121579994,3.42,2.1,2.3215959538752653,2.8538832942245396,1.3199999999999998
2018-10-12,4.156,4.158,4.170474,-0.0007215875237935876,3.42,2.1,2.1890169137611495,2.7286116022181113,1.3199999999999998
2018-10-15,4.158,4.16,4.172479999999999,0.00048111619884028123,3.38,2.12,2.165548869684345,2.72015973640368,1.2599999999999998
2018-10-16,4.1555,4.158,4.170474,-0.0006014314248772301,3.41,2.16,2.1678041748920087,2.712744358152407,1.25
2018-10-17,4.154,4.156,4.168467999999999,-0.00036103255702335524,3.42,2.17,2.1696703522648892,2.6981947975905496,1.25
2018-10-18,4.156,4.158,4.170474,0.0004813477830603041,3.42,2.16,1.8774993643167976,2.6941674002170557,1.2599999999999998
2018-10-19,4.16,4.163,4.175489,0.0009620010361910403,3.43,2.15,1.7330848536628345,2.6951836145704218,1.2800000000000002
2018-10-22,4.158,4.16,4.172479999999999,-0.00048088483735075904,3.38,2.14,1.6627803805579384,2.6859449754953175,1.2399999999999998
2018-10-23,4.1625,4.165,4.1774949999999995,0.0010816658707408777,3.38,2.18,1.6773116252688594,2.6856305525190223,1.1999999999999997
2018-10-24,4.1625,4.165,4.1774949999999995,0.0,3.38,2.17,1.6583696702538528,2.68681309097842,1.21
2018-10-25,4.1695,4.171,4.183513,0.001680269238341081,3.43,2.16,1.675481934880675,2.688904654295881,1.27
2018-10-26,4.1775,4.18,4.192539999999999,0.00191685694250876,3.41,2.13,1.6555202805908589,2.687913762206732,1.2800000000000002
2018-10-29,4.179,4.181,4.193543,0.0003590019783665799,3.38,2.14,1.6482027551830494,2.6797228220540035,1.2399999999999998
2018-10-30,4.18,4.182,4.194546,0.00023926307088650844,3.38,2.17,1.6313197212342625,2.6780458324533916,1.21
2018-10-31,4.1825,4.184,4.196552,0.0005979073421771286,3.4,2.16,1.6178808920525194,2.6591914422759775,1.2399999999999998
2018-11-01,4.1845,4.187,4.199561,0.0004780686119496558,3.4,2.17,1.517042195336898,2.656934881313091,1.23
2018-11-02,4.1725,4.174,4.186522,-0.0028718459369385663,3.38,2.15,1.698070827978827,2.7150559181622795,1.23
2018-11-05,4.1695,4.172,4.1845159999999995,-0.0007192520089500665,3.38,2.15,1.7174573323191136,2.720955078424107,1.23
2018-11-07,4.1715,4.173,4.185518999999999,0.00047955881508898734,3.39,2.19,1.7162630423963612,2.713461777796816,1.2000000000000002
2018-11-08,4.167,4.169,4.181506999999999,-0.001079330919675714,3.4,2.17,1.7084784002370939,2.713535157731096,1.23
2018-11-09,4.1785,4.18,4.192539999999999,0.002755978019037375,3.4,2.16,1.8235347076544388,2.7142373230506767,1.2399999999999998
2018-11-12,4.1845,4.186,4.198557999999999,0.0014348920314379843,3.4,2.16,1.8483823770308,2.719184718488868,1.2399999999999998
2018-11-13,4.195,4.197,4.209591,0.0025061174283778076,3.4,2.2,1.9503026307029134,2.742035284207744,1.1999999999999997
2018-11-14,4.1925,4.195,4.207585,-0.00059612520394281,3.39,2.19,1.937453595572629,2.730008219780764,1.2000000000000002
2018-11-15,4.189,4.191,4.203573,-0.0008351727503288497,3.4,2.14,1.971681609812438,2.732516437473865,1.2599999999999998
2018-11-16,4.192,4.194,4.206581999999999,0.0007159050538432243,3.4,2.15,1.9204960957280397,2.730963915394833,1.25
2018-11-19,4.191,4.193,4.205578999999999,-0.00023857807580673907,3.42,2.16,1.9168025077819462,2.7329185583288442,1.2599999999999998
2018-11-21,4.1995,4.202,4.214606,0.002026101640610234,3.43,2.2,1.946249642791201,2.662009746248947,1.23
2018-11-22,4.1925,4.195,4.207585,-0.0016682558683178694,3.43,2.2,2.0121354771576065,2.4668088684052023,1.23
2018-11-23,4.196,4.198,4.2105939999999995,0.0008344758188238988,3.4,2.19,1.9757315639444002,2.3271722386332043,1.21
2018-11-26,4.1925,4.194,4.206581999999999,-0.0008344758188238988,3.4,2.16,1.975809501855675,2.3080951188715386,1.2399999999999998
2018-11-27,4.1935,4.195,4.207585,0.00023849272710241287,3.4,2.27,1.953517241789577,2.306517166524034,1.13
2018-11-28,4.195,4.197,4.209591,0.0003576324768403971,3.42,2.27,1.952846941462124,2.2887844477306416,1.15
2018-11-29,4.19,4.192,4.204575999999999,-0.001192605985123052,3.42,2.27,1.9837088157410883,2.2945417940024537,1.15
2018-11-30,4.188,4.19,4.20257,-0.00047744092575618957,3.42,2.27,1.9872389440969047,2.2531709936319797,1.15
2018-12-03,4.178,4.18,4.192539999999999,-0.00239062987391625,3.42,2.25,2.130103298020451,2.298786751556826,1.17
2018-12-04,4.1575,4.16,4.172479999999999,-0.004918731049428526,3.42,2.33,2.576622157825691,2.4436704143993686,1.0899999999999999
2018-12-05,4.1565,4.158,4.170474,-0.00024055809593970245,3.42,2.33,2.57382693290633,2.419338889172453,1.0899999999999999
2018-12-06,4.1655,4.167,4.179500999999999,0.002162942443820981,3.42,2.32,2.6321701122315715,2.4152609681895774,1.1
2018-12-07,4.162,4.164,4.176492,-0.0008405884613842396,3.39,2.28,2.644084216028272,2.4132819171256146,1.1100000000000003
2018-12-10,4.1705,4.172,4.1845159999999995,0.0020402047280867475,3.4,2.28,2.6659749433786533,2.3979061041054983,1.12
2018-12-11,4.1805,4.183,4.195549,0.0023949239084462004,3.4,2.24,2.6991142713847167,2.4095460806130795,1.1599999999999997
2018-12-12,4.1825,4.185,4.1975549999999995,0.0004782972708665678,3.41,2.25,2.700622196551496,2.4091770667624983,1.1600000000000001
2018-12-13,4.1825,4.185,4.1975549999999995,0.0,3.4,2.32,2.699885231027693,2.3977388412885885,1.08
2018-12-14,4.1815,4.183,4.195549,-0.0002391200393987436,3.4,2.32,2.695209420028086,2.394699769631596,1.08
2018-12-17,4.187,4.189,4.201567,0.0013144531975630702,3.42,2.32,2.719111020967179,2.3889001403154233,1.1
2018-12-18,4.1775,4.18,4.192539999999999,-0.0022715055495945435,3.42,2.3,2.6687314922411134,2.399590108658167,1.12
2018-12-19,4.18,4.182,4.194546,0.0005982650492530883,3.42,2.3,2.663476589478089,2.387090253709365,1.12
2018-12-20,4.184,4.186,4.198557999999999,0.0009564802259567351,3.42,2.38,2.6732028185228587,2.3774924706208624,1.04
2018-12-21,4.1795,4.182,4.194546,-0.0010761046055478563,3.42,2.37,2.6730793231860286,2.355166596773274,1.0499999999999998
2018-12-24,4.1825,4.184,4.196552,0.0007175317217682498,3.43,2.38,2.5599631929318027,2.3465658480319846,1.0500000000000003
2018-12-26,4.1795,4.181,4.193543,-0.0007175317217682498,3.43,2.37,2.5333276705747294,2.337969799535662,1.06
2018-12-27,4.1765,4.178,4.1905339999999995,-0.0007180469432499503,3.45,2.39,2.4216411629035277,2.291009092639983,1.06
2018-12-28,4.156,4.158,4.170474,-0.004920501976843017,3.45,2.35,2.7879131323020854,2.4437032766458344,1.1
2018-12-31,4.1385,4.141,4.153422999999999,-0.004219669893667621,3.45,2.4,3.0090647989708947,2.5390431771882795,1.0500000000000003
2019-01-02,4.139,4.141,4.153422999999999,0.00012080942328207556,3.38,2.36,2.9947227458293604,2.5362390476307777,1.02
2019-01-03,4.1425,4.144,4.156432,0.000845257551985501,3.43,2.38,3.0169503148232515,2.536173029775049,1.0500000000000003
2019-01-04,4.1395,4.142,4.154426,-0.000724462721857444,3.4,2.36,2.9297594960304907,2.5393118797842966,1.04
2019-01-07,4.1105,4.113,4.125339,-0.007030331986672245,3.38,2.38,3.479406440382408,2.7803997039606574,1.0
2019-01-08,4.113,4.115,4.127345,0.0006080136382360379,3.41,2.36,3.471573197094676,2.74611103228328,1.0500000000000003
2019-01-09,4.114,4.116,4.128347999999999,0.00024310198247823323,3.37,2.36,3.481063261271234,2.740369732412401,1.0100000000000002
2019-01-10,4.0955,4.098,4.110294,-0.004506981257245579,3.38,2.38,3.6459744491547452,2.813678090816271,1.0
2019-01-11,4.096,4.098,4.110294,0.0001220777636867787,3.4,2.37,3.640176017993156,2.811930120278222,1.0299999999999998
2019-01-14,4.0975,4.1,4.112299999999999,0.0003661438986410914,3.41,2.38,3.653430980958488,2.80170688775591,1.0300000000000002
2019-01-15,4.0975,4.1,4.112299999999999,0.0,3.4,2.37,3.659075559324338,2.7953955997209614,1.0299999999999998
2019-01-16,4.1125,4.115,4.127345,0.0036540844556425256,3.4,2.37,3.835577035859864,2.781482534037269,1.0299999999999998
2019-01-17,4.109,4.111,4.123333,-0.0008514261902174969,3.4,2.37,3.6050909179121655,2.7435487534798844,1.0299999999999998
2019-01-18,4.116,4.118,4.130354,0.0017021280705302733,3.4,2.36,3.6557543362405958,2.7390493701513514,1.04
2019-01-22,4.128,4.1305,4.142891499999999,0.0029112102074586588,3.41,2.34,3.7061156654799134,2.7812208859737524,1.0700000000000003
2019-01-23,4.1335,4.136,4.148408,0.0013314775313315597,3.38,2.33,3.7320332758655623,2.7883701684901805,1.0499999999999998
2019-01-24,4.136,4.138,4.150414,0.000604631495534802,3.43,2.34,3.678997859933192,2.779311023648132,1.0900000000000003
2019-01-25,4.136,4.138,4.150414,0.0,3.4,2.32,3.5923187031721495,2.7652162569142784,1.08
2019-01-28,4.11,4.112,4.124336,-0.006306108697984758,3.4,2.35,3.9732304407586962,2.958579727938597,1.0499999999999998
2019-01-29,4.1135,4.116,4.128347999999999,0.0008512191187046714,3.45,2.35,3.991697876718188,2.9562091359748153,1.1
2019-01-30,4.109,4.111,4.123333,-0.001094557725575207,3.39,2.36,3.9935240216936423,2.9602963229732997,1.0300000000000002
2019-01-31,4.089,4.091,4.103273,-0.004879248518767421,3.41,2.38,4.138618516467857,3.057214783780994,1.0300000000000002
2019-02-04,4.0925,4.095,4.107284999999999,0.0008555888806476286,3.4,2.37,4.140547863504394,3.051795597020161,1.0299999999999998
2019-02-07,4.0785,4.081,4.093243,-0.0034267565046548487,3.38,2.39,4.196089937823016,3.0975332693443063,0.9899999999999998
2019-02-08,4.0725,4.075,4.087225,-0.0014722122644350577,3.41,2.39,4.165701360074673,3.1052805420732894,1.02
2019-02-11,4.0725,4.075,4.087225,0.0,3.41,2.4,4.173424420908682,3.0894592197452284,1.0100000000000002
2019-02-12,4.077,4.079,4.091237,0.0011043623430533334,3.4,2.38,4.187648219345885,3.0940901300377863,1.02
2019-02-13,4.065,4.067,4.079200999999999,-0.0029476808373423147,3.4,2.38,4.231101248119116,3.1251011846494676,1.02
2019-02-14,4.063,4.065,4.077195,-0.0004921259941843559,3.41,2.41,4.232572190131123,3.124547907114186,1.0
2019-02-15,4.0805,4.082,4.094245999999999,0.004297912921570779,3.41,2.39,4.317541008262078,3.2123507451954088,1.02
2019-02-18,4.0785,4.081,4.093243,-0.0004902561686623841,3.42,2.39,4.179785497959657,3.2121234457577295,1.0299999999999998
2019-02-19,4.088,4.09,4.102269999999999,0.0023265791429052385,3.43,2.4,4.255846489530833,3.220100052977531,1.0300000000000002
2019-02-20,4.0695,4.072,4.084216,-0.004535711116444352,3.43,2.37,4.400850216813393,3.302231316373825,1.06
2019-02-21,4.0695,4.072,4.084216,0.0,3.4,2.39,4.403972400011344,3.288801570612848,1.0099999999999998
2019-02-22,4.0825,4.084,4.096251999999999,0.003189404077523994,3.4,2.39,4.085485362469552,3.3282256858291217,1.0099999999999998
2019-02-25,4.0705,4.073,4.085219,-0.0029437038305875074,3.43,2.4,4.151491813459696,3.3566102718436666,1.0300000000000002
2019-02-26,4.072,4.074,4.086221999999999,0.00036843721632617843,3.43,2.39,4.15319646209865,3.34629974779515,1.04
2019-02-27,4.0655,4.067,4.079200999999999,-0.0015975425824663603,3.43,2.39,3.9817244569647006,3.3531102917643003,1.04
2019-02-28,4.0705,4.072,4.084216,0.0012291053661401818,3.43,2.4,4.003462160326503,3.360023110214358,1.0300000000000002
2019-03-01,4.073,4.075,4.087225,0.0006139866343801703,3.43,2.4,4.007194355819562,3.362437769525299,1.0300000000000002
2019-03-04,4.072,4.074,4.086221999999999,-0.0002455494180539919,3.43,2.4,4.006761830255141,3.3623588799063824,1.0300000000000002
2019-03-05,4.077,4.079,4.091237,0.0012271445888947241,3.38,2.39,3.862627849570427,3.3690824179947136,0.9899999999999998
2019-03-06,4.0895,4.092,4.104276,0.0030612893557753207,3.38,2.38,3.9778662938700395,3.407906484812547,1.0
2019-03-07,4.087,4.089,4.101267,-0.0006115086107514323,3.38,2.41,3.940163832159759,3.4082923436137227,0.9699999999999998
2019-03-08,4.0925,4.095,4.107284999999999,0.0013448256810126846,3.43,2.41,3.856724028141883,3.4113585553155135,1.02
2019-03-11,4.0875,4.09,4.102269999999999,-0.0012224940397811412,3.42,2.4,3.8345080272504646,3.4155771543616398,1.02
2019-03-12,4.0815,4.083,4.095249,-0.0014689683140980403,3.42,2.39,3.83566271710409,3.407077413174427,1.0299999999999998
2019-03-13,4.09,4.092,4.104276,0.0020804021454365884,3.42,2.39,3.9032974530231,3.410113397698679,1.0299999999999998
2019-03-14,4.0895,4.091,4.103273,-0.00012225686181865925,3.43,2.43,3.474378796684908,3.408689556591355,1.0
2019-03-15,4.0905,4.0925,4.1047775,0.0002444987787240116,3.43,2.42,3.4633651788926003,3.408710536510355,1.0100000000000002
2019-03-18,4.0825,4.085,4.097255,-0.0019576661091327274,3.43,2.43,3.4919371740365004,3.417724597764176,1.0
2019-03-19,4.0745,4.076,4.088227999999999,-0.0019615060843456433,3.38,2.41,3.24713916414144,3.426994550202018,0.9699999999999998
2019-03-20,4.077,4.079,4.091237,0.0006133840589790385,3.42,2.41,3.2415800571171935,3.4023546349659144,1.0099999999999998
2019-03-21,4.0605,4.063,4.075188999999999,-0.0040553050967877535,3.39,2.46,3.3017480725036528,3.460478802540318,0.9300000000000002
2019-03-22,4.0605,4.063,4.075188999999999,0.0,3.43,2.44,3.277902625572321,3.458371910103941,0.9900000000000002
2019-03-25,4.072,4.074,4.086221999999999,0.0028281605078930294,3.43,2.42,3.3859809025754464,3.495043665127416,1.0100000000000002
2019-03-26,4.0675,4.07,4.08221,-0.0011057191371659503,3.45,2.42,3.383697259204179,3.460369676114003,1.0300000000000002
2019-03-27,4.0775,4.08,4.092239999999999,0.0024554954019762043,3.4,2.41,3.347652315171549,3.4790149149226774,0.9899999999999998
2019-03-28,4.077,4.079,4.091237,-0.00012263167591552993,3.41,2.4,3.3436611672655103,3.4468997885061095,1.0100000000000002
2019-03-29,4.081,4.083,4.095249,0.0009806325865524546,3.41,2.39,3.1133108743306095,3.4533765263368537,1.02
2019-04-01,4.076,4.078,4.090234,-0.0012259410631905165,3.43,2.38,3.1307144503686892,3.455711046966312,1.0500000000000003
2019-04-02,4.0835,4.085,4.097255,0.0018383484557149554,3.43,2.39,3.1019749971202173,3.470163372483491,1.04
2019-04-03,4.0805,4.083,4.095249,-0.000734933889032785,3.43,2.38,2.8042640699453565,3.4709434194586746,1.0500000000000003
2019-04-04,4.0795,4.082,4.094245999999999,-0.00024509804044248185,3.38,2.39,2.805846737224555,3.4486385517310842,0.9899999999999998
2019-04-05,4.082,4.084,4.096251999999999,0.0006126325009350175,3.4,2.38,2.6530842793848723,3.4445468973357998,1.02
2019-04-08,4.094,4.096,4.108288,0.00293542285144488,3.38,2.39,2.6341375004318253,3.481822194572505,0.9899999999999998
2019-04-09,4.097,4.099,4.1112969999999995,0.0007325113256362314,3.39,2.38,2.6383679530486273,3.4845449045656243,1.0100000000000002
2019-04-10,4.0975,4.1,4.112299999999999,0.00012203307111358086,3.42,2.36,2.5828220193573697,3.484131398295383,1.06
2019-04-11,4.1175,4.12,4.132359999999999,0.0048691514338106145,3.4,2.38,2.8976171150683077,3.586946907560541,1.02
2019-04-12,4.12,4.122,4.134365999999999,0.0006069802917767486,3.4,2.37,2.8975692252561527,3.5855883161229936,1.0299999999999998
2019-04-15,4.113,4.115,4.127345,-0.0017004741131478873,3.4,2.38,2.9550822423552043,3.5942215433515288,1.02
2019-04-16,4.1155,4.118,4.130354,0.0006076441822744361,3.4,2.39,2.9442456784164,3.5774746672234436,1.0099999999999998
2019-04-17,4.1435,4.145,4.1574349999999995,0.0067805078763985005,3.4,2.38,3.4068683782206857,3.6719133004407967,1.02
2019-04-18,4.145,4.147,4.159441,0.00036194728029803613,3.42,2.4,3.3924798424382505,3.672353836032637,1.02
2019-04-19,4.1325,4.135,4.147404999999999,-0.003020237874215903,3.43,2.4,3.527827336019947,3.687073544179335,1.0300000000000002
2019-04-22,4.1365,4.138,4.150414,0.0009674689350582799,3.4,2.4,3.5013919263556517,3.689041482067159,1.0
2019-04-23,4.1265,4.128,4.140384,-0.0024204295974985524,3.39,2.39,3.555893171116554,3.692362517507926,1.0
2019-04-24,4.1325,4.134,4.146402,0.0014529606624402724,3.41,2.38,3.5341822494681248,3.6775463720802573,1.0300000000000002
2019-04-25,4.1355,4.137,4.149410999999999,0.0007256894367819733,3.4,2.39,3.532993620258745,3.67893454717179,1.0099999999999998
2019-04-26,4.133,4.135,4.147404999999999,-0.0006047046202288797,3.43,2.38,3.544229557487429,3.6797415985219755,1.0500000000000003
2019-04-29,4.1325,4.134,4.146402,-0.00012098481655309357,3.43,2.41,3.4799507533656104,3.6796975798789404,1.02
2019-04-30,4.1355,4.1375,4.1499125,0.0007256894367819733,3.4,2.38,3.4075017921324795,3.6744643179075367,1.02
2019-05-02,4.1365,4.138,4.150414,0.00024177949827630663,3.38,2.4,3.408085160607497,3.657161706208594,0.98
2019-05-03,4.1415,4.143,4.155428999999999,0.0012080214080811835,3.38,2.38,3.1290226976189084,3.661923595922477,1.0
2019-05-06,4.1485,4.15,4.16245,0.0016887820660211883,3.38,2.39,3.136416905089476,3.66996300178612,0.9899999999999998
2019-05-07,4.1475,4.149,4.161447,-0.00024108003974032677,3.16,2.39,3.0823787450379636,3.66629831216105,0.77
2019-05-08,4.1465,4.148,4.160443999999999,-0.0002411381733413709,3.18,2.38,3.0505228944421616,3.6638622507741365,0.8000000000000003
2019-05-09,4.152,4.1535,4.1659605,0.0013255409544663532,3.19,2.39,3.00942734524611,3.6699943868646896,0.7999999999999998
2019-05-10,4.1555,4.157,4.169471,0.0008426121473563697,3.19,2.38,3.0021823261616105,3.6715227851713106,0.81
2019-05-13,4.1625,4.164,4.176492,0.0016830972956181078,3.16,2.37,3.016066694330449,3.5891476468836836,0.79
2019-05-14,4.1705,4.172,4.1845159999999995,0.0019200773929672899,3.16,2.37,2.9828459473579145,3.5304832988912107,0.79
2019-05-15,4.1735,4.175,4.187524999999999,0.000719079609124984,3.16,2.36,2.9654033915512286,3.532071307251499,0.8000000000000003
2019-05-16,4.171,4.173,4.185518999999999,-0.0005991970938461488,3.16,2.36,2.9598454636287985,3.5316217226185596,0.8000000000000003
2019-05-17,4.1735,4.175,4.187524999999999,0.0005991970938461488,3.16,2.35,2.945726910701086,3.5300701906841065,0.81
2019-05-21,4.1845,4.186,4.198557999999999,0.00263221018213744,3.16,2.33,2.9947320761819443,3.3435015584424272,0.8300000000000001
2019-05-23,4.193,4.1945,4.2070834999999995,0.0020292456978336926,3.17,2.34,2.950473830945343,3.3568644530460205,0.8300000000000001
2019-05-24,4.1925,4.194,4.206581999999999,-0.00011925347339869496,3.19,2.33,2.962381705886162,3.357323202963541,0.8599999999999999
2019-05-27,4.1865,4.1885,4.2010654999999995,-0.001432152052877278,3.18,2.33,3.025410148928581,3.273377355489447,0.8500000000000001
2019-05-28,4.1925,4.195,4.207585,0.001432152052877278,3.17,2.31,2.7685315426518606,3.27932873300416,0.8599999999999999
2019-05-29,4.1955,4.197,4.209591,0.0007153076127603963,3.17,2.31,2.7687275085031207,3.2801729086160405,0.8599999999999999
2019-05-30,4.1965,4.198,4.2105939999999995,0.00023832221275821297,3.17,2.33,2.6841514358664815,3.2798750535318297,0.8399999999999999
2019-05-31,4.197,4.199,4.211596999999999,0.00011913981070854618,3.15,2.31,2.688866509382178,3.2294095283040702,0.8399999999999999
2019-06-03,4.1805,4.182,4.194546,-0.003939127743478377,3.15,2.32,2.33841256777666,3.2991552442212795,0.8300000000000001
2019-06-04,4.177,4.179,4.191536999999999,-0.0008375710929373614,3.15,2.3,2.361219591087404,3.2935987735244288,0.8500000000000001
2019-06-07,4.1585,4.16,4.172479999999999,-0.004438853188432956,3.15,2.26,2.5597331010235767,3.3491428551717695,0.8900000000000001
2019-06-10,4.1635,4.165,4.1774949999999995,0.001201634367131721,3.17,2.26,2.566652277433478,3.3478412597292793,0.9100000000000001
2019-06-11,4.1645,4.166,4.178498,0.00024015369952135046,3.17,2.23,2.441895196217407,3.346780472391581,0.94
2019-06-12,4.164,4.166,4.178498,-0.00012006964053590252,3.17,2.15,2.4201288742670766,3.346918284447449,1.02
2019-06-13,4.1625,4.1645,4.1769935,-0.00036029544616034137,3.17,2.2,2.422168261334944,3.1690986749314427,0.9699999999999998
2019-06-14,4.1685,4.17,4.18251,0.0014404035619690614,3.17,2.19,2.434378703216527,3.1743663515225937,0.98
2019-06-17,4.1755,4.177,4.189530999999999,0.001677852742616004,3.17,2.18,2.4639518362013404,3.1775466054327737,0.9899999999999998
2019-06-18,4.1815,4.183,4.195549,0.0014359222282962492,3.19,2.14,2.4820181815658895,3.0667173293083723,1.0499999999999998
2019-06-19,4.1765,4.179,4.191536999999999,-0.0011964586256194565,3.19,2.1,2.5230738828415613,3.074429867075112,1.0899999999999999
2019-06-20,4.1565,4.158,4.170474,-0.004800201224818057,3.2,2.13,2.9106279045370926,3.1287406732275933,1.0700000000000003
2019-06-21,4.15,4.152,4.1644559999999995,-0.0015650397463988774,3.2,2.12,2.911056230442756,3.130192488530924,1.08
2019-06-24,4.1445,4.146,4.158437999999999,-0.0013261801931632178,3.2,2.08,2.936135147836342,3.1405541832260555,1.12
2019-06-25,4.1435,4.145,4.1574349999999995,-0.00024131274248362367,3.17,2.07,2.936136269491993,3.137589126387516,1.1
2019-06-26,4.1525,4.155,4.167465,0.002169721198352681,3.17,2.07,2.9797266964785583,3.1098883815584264,1.1
2019-06-27,4.149,4.151,4.163453,-0.0008432211545819079,3.17,2.15,2.9785574220790543,3.1127715262271747,1.02
2019-06-28,4.142,4.1435,4.1559305,-0.001688578377338379,3.17,2.14,2.9681484438023817,3.0519950844803447,1.0299999999999998
2019-07-01,4.1335,4.135,4.147404999999999,-0.002054257262799286,3.17,2.13,2.9490375899845214,3.0726710046110965,1.04
2019-07-02,4.142,4.144,4.156432,0.002054257262799286,3.19,2.18,3.0136947999281407,3.0675396929373306,1.0099999999999998
2019-07-03,4.1405,4.142,4.154426,-0.00036220948177478896,3.19,2.21,3.0121083009857244,2.9649732518306497,0.98
2019-07-04,4.1325,4.134,4.146402,-0.001934002778575472,3.18,2.21,3.0397911956995487,2.9861086161112,0.9700000000000002
2019-07-05,4.1355,4.137,4.149410999999999,0.0007256894367819733,3.18,2.22,2.9265099474490066,2.943745308191132,0.96
2019-07-08,4.1435,4.146,4.158437999999999,0.0019326011571358936,3.19,2.19,2.919686079303756,2.911868085883924,1.0
2019-07-09,4.1425,4.144,4.156432,-0.00024137098837928583,3.18,2.18,2.9188951881260334,2.912642276478445,1.0
2019-07-10,4.1405,4.142,4.154426,-0.000482916826963109,3.18,2.14,2.9026453503043075,2.899206077369085,1.04
2019-07-11,4.1225,4.124,4.136371999999999,-0.004356778040000897,3.18,2.13,3.0706609123845414,2.9924082368217917,1.0500000000000003
2019-07-12,4.112,4.114,4.126341999999999,-0.0025502472987528613,3.18,2.12,3.0984249182619386,3.0249145210285615,1.06
2019-07-15,4.1065,4.108,4.120323999999999,-0.0013384439547541316,3.16,2.13,3.091947799051341,3.0340240278829897,1.0300000000000002
2019-07-16,4.1085,4.11,4.12233,0.0004869141909957797,3.16,2.12,3.1024680181709705,3.028718118094416,1.04
2019-07-17,4.1155,4.117,4.129351,0.0017023350414560046,3.16,2.09,3.022102324912445,2.9993061866483597,1.0700000000000003
2019-07-18,4.1125,4.114,4.126341999999999,-0.0007292173390713863,3.16,2.07,3.0212832887379384,3.0001285147618417,1.0900000000000003
2019-07-19,4.1095,4.111,4.123333,-0.0007297494850726505,3.17,2.07,2.7851046069014282,2.995230573959818,1.1
2019-07-22,4.1145,4.117,4.129351,0.001215953457212926,3.17,2.09,2.7858209683562625,2.993780843522643,1.08
2019-07-23,4.1185,4.12,4.132359999999999,0.0009716993355359804,3.17,2.07,2.8082834690752865,2.9860298737465922,1.1
2019-07-24,4.121,4.123,4.135369,0.0006068329575139586,3.17,2.05,2.8217804261863106,2.968490812769221,1.12
2019-07-25,4.1185,4.12,4.132359999999999,-0.0006068329575139586,3.16,2.12,2.822793375378504,2.9705503943686344,1.04
2019-07-26,4.12,4.1215,4.1338645,0.0003641439622685816,3.16,2.09,2.7802487366049395,2.970807142264811,1.0700000000000003
2019-07-29,4.12,4.122,4.134365999999999,0.0,3.16,2.08,2.7135299180448835,2.9507835020698003,1.08
2019-07-31,4.1275,4.13,4.14239,0.0018187334507111519,3.14,1.96,2.738751657923341,2.9437385861903302,1.1800000000000002
2019-08-01,4.1445,4.146,4.158437999999999,0.004110257237297521,3.14,2.07,3.0269520856709935,3.016788634769738,1.0700000000000003
2019-08-02,4.154,4.156,4.168467999999999,0.002289571404476831,3.18,2.07,2.7903411532320725,2.9505208728211363,1.1100000000000003
2019-08-05,4.1755,4.1775,4.1900325,0.005162386157226528,3.15,2.03,3.127512087843922,3.0623245520819053,1.12
2019-08-06,4.1905,4.192,4.204575999999999,0.00358594694567671,3.15,2.01,3.2406322679586976,3.082524693665354,1.1400000000000001
2019-08-07,4.196,4.198,4.2105939999999995,0.0013116319772268348,3.16,1.98,3.2465128685756546,3.0774310891476664,1.1800000000000002
2019-08-08,4.1825,4.184,4.196552,-0.003222536655208552,3.15,2.05,3.367826070750345,3.113660117403175,1.1
2019-08-09,4.1875,4.189,4.201567,0.001194743272342702,3.16,2.01,3.3626606150950957,3.116608573210285,1.1500000000000004
2019-08-13,4.193,4.195,4.207585,0.0013125710374406463,3.16,2.01,3.3200530439195166,3.119163677262992,1.1500000000000004
2019-08-14,4.1865,4.188,4.200563999999999,-0.001551405526275973,3.16,1.95,3.2907168122028896,3.124145891705419,1.2100000000000002
2019-08-15,4.1935,4.195,4.207585,0.0016706447799796909,3.16,2.04,3.2760549728589377,3.121928725081205,1.12
2019-08-16,4.183,4.185,4.1975549999999995,-0.0025070149822679078,3.14,2.01,3.3774994713567534,3.1524207954927586,1.1300000000000003
2019-08-19,4.168,4.17,4.18251,-0.0035923880089954174,3.14,2.03,3.5062862670024404,3.217171141301854,1.1100000000000003
2019-08-20,4.1815,4.183,4.195549,0.0032337293883775153,3.14,2.03,3.6075557914831204,3.255471119752676,1.1100000000000003
2019-08-21,4.1735,4.176,4.188528,-0.0019150215307890406,3.14,2.01,3.6348677822070288,3.2440793128104835,1.1300000000000003
2019-08-22,4.1805,4.182,4.194546,0.0016758442993212164,3.14,2.06,3.655198241340629,3.25218118122565,1.08
2019-08-23,4.19,4.192,4.204575999999999,0.0022698773260709793,3.14,2.03,3.6905771980546502,3.270080927203839,1.1100000000000003
2019-08-26,4.205,4.207,4.219620999999999,0.003573559490864797,3.14,2.06,3.5146109485651507,3.225117929272734,1.08
2019-08-27,4.2075,4.209,4.221626999999999,0.0005943536579127162,3.14,2.04,3.3805959237861782,3.225077235352096,1.1
2019-08-28,4.2105,4.212,4.224635999999999,0.0007127584050856672,3.14,2.03,3.3214302352425853,3.209344159764009,1.1100000000000003
2019-08-29,4.225,4.227,4.239681,0.003437855321227312,3.16,2.06,3.4037533240458226,3.2526664919650243,1.1
2019-08-30,4.222,4.224,4.2366719999999995,-0.0007103113830080332,3.16,2.06,3.4280467202666838,3.0656918574688956,1.1
2019-09-03,4.225,4.227,4.239681,0.0007103113830080332,3.16,2.03,3.3955969202948384,3.066739480180573,1.1300000000000003
2019-09-04,4.2125,4.215,4.227644999999999,-0.0029629651306568583,3.16,2.01,3.547025304093631,3.0650446030774057,1.1500000000000004
2019-09-05,4.193,4.195,4.207585,-0.004639827489854698,3.15,2.01,3.8812445062600496,3.167855684890517,1.1400000000000001
2019-09-06,4.177,4.179,4.191536999999999,-0.0038231826735872776,3.14,2.01,4.087851060966521,3.208527863966563,1.1300000000000003
2019-09-10,4.171,4.173,4.185518999999999,-0.0014374703002300038,3.14,2.01,4.124683355102221,3.2113668398696618,1.1300000000000003
2019-09-11,4.1805,4.182,4.194546,0.002275041393167365,3.15,1.98,4.147936391503057,3.2302819455826457,1.17
2019-09-12,4.173,4.175,4.187524999999999,-0.0017956549985600478,3.15,1.95,4.200890465352987,3.2439680186518256,1.2
2019-09-13,4.1645,4.167,4.179500999999999,-0.0020389812161571985,3.15,1.95,4.260010309776899,3.2636018274202656,1.2
2019-09-17,4.1795,4.181,4.193543,0.0035954017638155644,3.15,2.06,4.34325237712018,3.314466328521222,1.0899999999999999
2019-09-18,4.185,4.187,4.199561,0.001315081784364791,3.14,1.91,4.210246132024586,3.3204654043226602,1.2300000000000002
2019-09-19,4.198,4.2,4.2126,0.0031015174570026005,3.15,1.97,4.249575465372722,3.352838272380753,1.18
2019-09-20,4.1795,4.1815,4.1940444999999995,-0.004416599241367392,3.15,1.92,4.213908629382048,3.4283251421991636,1.23
2019-09-23,4.1625,4.165,4.1774949999999995,-0.004075766850511808,3.15,1.91,4.237405191413279,3.497922699928027,1.24
2019-09-24,4.1775,4.179,4.191536999999999,0.003597126180849841,3.14,1.87,4.359371981116957,3.5477929538313635,1.27
2019-09-25,4.185,4.187,4.199561,0.0017937224540267582,3.15,1.76,4.293813119002414,3.553297316673242,1.39
2019-09-26,4.1935,4.1955,4.208086499999999,0.002029003500890525,3.15,1.88,4.320373893747246,3.5659547453375113,1.27
2019-09-27,4.1945,4.196,4.208587999999999,0.0002384358618829907,3.19,1.87,4.304233881586085,3.555988031342262,1.3199999999999998
2019-09-30,4.187,4.189,4.201567,-0.0017896562672057303,3.19,1.88,4.31229974833269,3.555966523909325,1.31
2019-10-01,4.192,4.194,4.206581999999999,0.0011934599817347014,3.15,1.76,4.298469209633653,3.5594012922532636,1.39
2019-10-02,4.19,4.192,4.204575999999999,-0.00047721308469461654,3.15,1.72,4.235887612824669,3.5588306443914557,1.43
2019-10-03,4.189,4.191,4.203573,-0.0002386919691486078,3.15,1.75,4.094045624985823,3.5579345147500634,1.4
2019-10-04,4.184,4.1855,4.1980565,-0.0011943152022761971,3.15,1.7,4.0060712129748355,3.5365839293914023,1.45
2019-10-07,4.193,4.195,4.207585,0.002148741426003742,3.15,1.73,4.008644964762207,3.538582554509192,1.42
2019-10-08,4.191,4.193,4.205578999999999,-0.00047709924569105944,3.15,1.65,3.9861863875401804,3.5394305489350972,1.5
2019-10-09,4.1978,4.1995,4.212098499999999,0.0016212095864442944,3.14,1.66,3.9596162395233536,3.541421740567136,1.4800000000000002
2019-10-10,4.193,4.1945,4.2070834999999995,-0.001144110340753235,3.14,1.71,3.830009471278417,3.538776326993646,1.4300000000000002
2019-10-11,4.1855,4.187,4.199561,-0.00179029707065137,3.15,1.73,3.854976334896534,3.5492838909554987,1.42
2019-10-14,4.1795,4.181,4.193543,-0.0014345489609002282,3.14,1.73,3.8622472842392397,3.556780166991254,1.4100000000000001
2019-10-15,4.189,4.1905,4.2030715,0.0022704198078240534,3.14,1.71,3.779410844920763,3.577747640361707,1.4300000000000002
2019-10-16,4.1935,4.195,4.207585,0.0010736654774312626,3.15,1.69,3.7973006655523966,3.520181874088999,1.46
2019-10-17,4.1885,4.19,4.20257,-0.0011930328306020144,3.15,1.71,3.7965977679219027,3.523176499967918,1.44
2019-10-18,4.188,4.19,4.20257,-0.00011938160343683002,3.15,1.72,3.711067718230686,3.4412118948225205,1.43
2019-10-21,4.185,4.1865,4.199059499999999,-0.0007165890668516806,3.15,1.73,3.4689946427367753,3.4384544458096093,1.42
2019-10-22,4.1845,4.186,4.198557999999999,-0.00011948145064688553,3.15,1.73,3.281198542535303,3.4384393280083936,1.42
2019-10-23,4.194,4.1955,4.208086499999999,0.0022677099889363284,3.15,1.72,3.3098796242353443,3.4581892772221865,1.43
2019-10-24,4.184,4.1855,4.1980565,-0.0023872057171063776,3.15,1.72,3.3296108750789895,3.482042271746566,1.43
2019-10-25,4.188,4.19,4.20257,0.0009555662456686154,3.15,1.7,3.2939648486076605,3.4775313470260194,1.45
2019-10-29,4.1815,4.183,4.195549,-0.0015532591688469655,3.15,1.63,3.2692208556437765,3.4767843376288345,1.52
2019-10-30,4.1845,4.186,4.198557999999999,0.0007171886513483994,3.15,1.59,3.106948241840886,3.47054735798643,1.5599999999999998
2019-10-31,4.1775,4.179,4.191536999999999,-0.0016742410033798727,3.15,1.56,3.1210966439816703,3.4761585420882457,1.5899999999999999
2019-11-01,4.172,4.174,4.186522,-0.001317444348885921,3.15,1.55,2.9922722929750014,3.3876332158034934,1.5999999999999999
2019-11-04,4.1525,4.154,4.166461999999999,-0.004684974633213157,3.15,1.55,3.025901962178708,3.4687790360788133,1.5999999999999999
2019-11-05,4.1515,4.153,4.165458999999999,-0.00024084778536437312,3.15,1.53,2.7962464084402714,3.461717808383211,1.6199999999999999
2019-11-06,4.136,4.138,4.150414,-0.003740577513820398,3.13,1.52,2.76442098792107,3.5182212012503884,1.6099999999999999
2019-11-07,4.146,4.148,4.160443999999999,0.002414876807459887,3.14,1.54,2.8114046077434875,3.5227780080793747,1.6
2019-11-08,4.1335,4.135,4.147404999999999,-0.003019508302994689,3.14,1.53,2.826813831784547,3.5558900213338838,1.61
2019-11-11,4.1415,4.143,4.155428999999999,0.0019335353455884885,3.14,1.53,2.9058557485346754,3.5600391854717124,1.61
2019-11-12,4.144,4.146,4.158437999999999,0.0006034639010001897,3.14,1.53,2.8908522194187483,3.544387546955167,1.61
2019-11-13,4.153,4.155,4.167465,0.002169459691434561,3.15,1.53,2.9492112195100053,3.546304047759937,1.6199999999999999
2019-11-14,4.1585,4.16,4.172479999999999,0.0013234676779887433,3.12,1.56,2.9863647077827107,3.552245142043227,1.56
2019-11-15,4.1495,4.151,4.163453,-0.0021665872702396616,3.12,1.56,3.037478852901637,3.55613103692918,1.56
2019-11-18,4.154,4.156,4.168467999999999,0.001083880397555026,3.12,1.56,3.0519535478160567,3.558574864304609,1.56
2019-11-19,4.161,4.1625,4.174987499999999,0.001683704546883602,3.12,1.55,3.023166956357617,3.5550877640191327,1.57
2019-11-20,4.159,4.161,4.173482999999999,-0.00048076924002971033,3.12,1.54,3.0231905335246565,3.55586288230202,1.58
2019-11-21,4.1735,4.175,4.187524999999999,0.0034803515478798452,3.12,1.54,3.168026582083563,3.600787877594113,1.58
2019-11-22,4.168,4.17,4.18251,-0.0013187078575884748,3.12,1.55,3.1729793104989903,3.5297845747609413,1.57
2019-11-25,4.1765,4.178,4.1905339999999995,0.002037270762758059,3.12,1.57,3.2000168151708754,3.5148885654111792,1.55
2019-11-26,4.1805,4.182,4.194546,0.0009572813941516323,3.12,1.6,3.1865604255951516,3.5079231332536036,1.52
2019-11-27,4.1825,4.185,4.1975549999999995,0.0004782972708665678,3.12,1.62,3.117577986412477,3.5079033655741805,1.5
2019-11-28,4.174,4.176,4.188528,-0.002034345223832945,3.12,1.62,3.150049012080309,3.5182512535493324,1.5
2019-11-29,4.1713,4.173,4.185518999999999,-0.0006470708288996985,3.12,1.59,3.1383735204472636,3.5176922894612948,1.53
2019-12-02,4.1795,4.181,4.193543,0.001963884330964394,3.12,1.58,3.1969339289616525,3.527313620843462,1.54
2019-12-03,4.173,4.1745,4.1870235,-0.001556420547658366,3.16,1.54,3.2209221897621383,3.5349275987234954,1.62
2019-12-04,4.1815,4.183,4.195549,0.002034832230027872,3.16,1.58,3.279526154110802,3.5463243994642664,1.58
2019-12-05,4.173,4.175,4.187524999999999,-0.002034832230027872,3.16,1.49,3.255261557042571,3.564584943615822,1.6700000000000002
2019-12-06,4.1625,4.164,4.176492,-0.0025193463028534424,3.14,1.49,3.2633072774826037,3.5901941075405057,1.6500000000000001
2019-12-09,4.1635,4.165,4.1774949999999995,0.00024021138717489343,3.14,1.51,3.2483858076510734,3.5900134866332984,1.6300000000000001
2019-12-10,4.161,4.163,4.175489,-0.0006006366929327545,3.1,1.5,3.2254398494220093,3.5919726595708106,1.6
2019-12-11,4.163,4.166,4.178498,0.00048053821203430935,3.1,1.51,3.220548430397679,3.5809107115175114,1.59
2019-12-12,4.1545,4.157,4.169471,-0.002043884089939496,3.17,1.54,3.237272685367653,3.5332844242008705,1.63
2019-12-13,4.1415,4.144,4.156432,-0.0031340430667172736,3.16,1.52,3.3339121084074463,3.551443656323462,1.6400000000000001
2019-12-16,4.14,4.142,4.154426,-0.0003622532189588856,3.13,1.54,3.0575647960605385,3.4411914324077495,1.5899999999999999
2019-12-17,4.1415,4.143,4.155428999999999,0.0003622532189588856,3.14,1.53,3.0601543358877366,3.385384415280716,1.61
2019-12-18,4.1435,4.145,4.1574349999999995,0.0004828002507784035,3.16,1.53,2.8594212281962976,3.3782193041217647,1.6300000000000001
2019-12-19,4.1405,4.143,4.155428999999999,-0.0007242878153423948,3.16,1.51,2.7784041532257535,3.339312477945399,1.6500000000000001
2019-12-20,4.1405,4.1425,4.154927499999999,0.0,3.16,1.54,2.6313623159499016,3.3320496783826523,1.62
2019-12-23,4.1445,4.146,4.158437999999999,0.0009656005578260185,3.16,1.54,2.585922441948933,3.3283136018910384,1.62
2019-12-24,4.1425,4.145,4.1574349999999995,-0.0004826837308629095,3.14,1.52,2.583937784041515,3.3201781897613776,1.62
2019-12-26,4.1355,4.137,4.149410999999999,-0.0016912301687566078,3.14,1.56,2.5426418931729193,3.3165700957691633,1.58
2019-12-27,4.1315,4.133,4.145398999999999,-0.0009677029907222412,3.14,1.53,2.514546354919561,3.295593367658049,1.61
2019-12-30,4.1135,4.115,4.127345,-0.004366289532254042,3.14,1.48,2.733981972451622,3.3210105491080872,1.6600000000000001
2019-12-31,4.0925,4.094,4.106282,-0.005118217363694999,3.14,1.45,3.0371752625881587,3.373965713901643,1.6900000000000002
2020-01-02,4.0865,4.088,4.100263999999999,-0.0014671722891055339,3.14,1.5,2.97726862205267,3.36849454920083,1.6400000000000001
2020-01-03,4.0995,4.101,4.113302999999999,0.0031761570800479255,3.14,1.49,3.172484351713663,3.4017717314804226,1.6500000000000001
2020-01-06,4.108,4.1095,4.1218284999999995,0.0020712770122164326,3.16,1.51,3.0432744099690283,3.3978201760697395,1.6500000000000001
2020-01-07,4.0955,4.097,4.109291,-0.003047482092791931,3.14,1.49,3.1225545850679652,3.3690392771456836,1.6500000000000001
2020-01-08,4.104,4.1055,4.1178165,0.0020732978949487,3.14,1.47,3.125199894350187,3.389100314766306,1.6700000000000002
2020-01-09,4.0913,4.0925,4.1047775,-0.003099339906105003,3.14,1.5,3.1721870368307723,3.4174977136618865,1.6400000000000001
2020-01-10,4.083,4.085,4.097255,-0.0020307556249248293,3.14,1.49,3.173250496436316,3.3694489046081215,1.6500000000000001
2020-01-13,4.0645,4.066,4.0781979999999995,-0.0045412781329488006,3.15,1.51,3.3367803676966767,3.440321571457755,1.64
2020-01-14,4.0615,4.063,4.075188999999999,-0.000738370695618551,3.15,1.5,3.3363168472691394,3.4353527420550507,1.65
2020-01-15,4.079,4.0805,4.092741499999999,0.004299496826549953,3.15,1.5,3.5703408580351037,3.4986055151383813,1.65
2020-01-16,4.0685,4.07,4.08221,-0.002577479180846387,3.15,1.51,3.6009899022518166,3.443724896253069,1.64
2020-01-17,4.0625,4.064,4.076192,-0.001475833498719048,3.15,1.51,3.4993025936059956,3.3985043475671883,1.64
2020-01-20,4.0575,4.059,4.071177,-0.0012315272492466889,3.15,1.51,3.485627678102303,3.3967420728883058,1.64
2020-01-21,4.069,4.0705,4.082711499999999,0.0028302486129436755,3.15,1.49,3.6167785330503284,3.409934792070446,1.66
2020-01-22,4.0735,4.075,4.087225,0.0011053117490065212,3.15,1.49,3.646083472264479,3.4084671359896115,1.66
2020-01-23,4.0655,4.067,4.079200999999999,-0.001965844102804093,3.15,1.52,3.663353356605028,3.407413051423256,1.63
2020-01-24,4.0645,4.066,4.0781979999999995,-0.00024600246126538217,3.15,1.51,3.6477521764159944,3.3441532542058927,1.64
2020-01-28,4.0835,4.085,4.097255,0.00466372961170336,2.94,1.5,3.953891879056447,3.4359140853127794,1.44
2020-01-29,4.0785,4.08,4.092239999999999,-0.001225190057695169,2.94,1.49,3.8846165275648192,3.3915936413528005,1.45
2020-01-30,4.0885,4.09,4.102269999999999,0.0024488808613967183,2.94,1.56,3.978279083504182,3.3511669444834435,1.38
2020-01-31,4.0885,4.09,4.102269999999999,0.0,2.94,1.53,3.973493678996857,3.2880372722892757,1.41
2020-02-03,4.1155,4.117,4.129351,0.0065821788106668055,2.94,1.53,4.458759926635923,3.4208826184309427,1.41
2020-02-04,4.117,4.119,4.1313569999999995,0.0003644093572059415,2.91,1.52,4.459352552143074,3.4060251125074394,1.3900000000000001
2020-02-05,4.121,4.1225,4.1348674999999995,0.0009711095689128868,2.91,1.52,4.471807502557679,3.391148114173509,1.3900000000000001
2020-02-06,4.1215,4.123,4.135369,0.00012132241446471959,2.91,1.56,4.460063542788482,3.3907820807917184,1.35
2020-02-07,4.135,4.1365,4.148909499999999,0.0032701537045094486,2.91,1.54,4.5696144537307655,3.42889931630055,1.37
2020-02-10,4.1455,4.147,4.159441,0.002536080098481719,2.9,1.55,4.602644727235113,3.4509596111953833,1.3499999999999999
2020-02-11,4.1405,4.142,4.154426,-0.0012068550825186097,2.9,1.54,4.607896421968627,3.455231648376294,1.3599999999999999
2020-02-12,4.134,4.136,4.148408,-0.0015710922320411047,2.9,1.54,4.442149688375187,3.4635791571242374,1.3599999999999999
2020-02-13,4.139,4.141,4.153422999999999,0.0012087515070187127,2.9,1.56,4.157540418300298,3.466342468225922,1.3399999999999999
2020-02-14,4.141,4.143,4.155428999999999,0.0004830917968348114,2.9,1.57,4.120643650569379,3.446621692128661,1.3299999999999998
2020-02-17,4.138,4.14,4.152419999999999,-0.0007247252400788273,2.9,1.57,4.050191242233228,3.4475591271452646,1.3299999999999998
2020-02-18,4.1495,4.151,4.163453,0.0027752657330142316,2.9,1.58,4.081785752035336,3.4696035110439083,1.3199999999999998
2020-02-19,4.1595,4.161,4.173482999999999,0.002407029685439932,2.9,1.58,3.9941986130859366,3.4909919791076,1.3199999999999998
2020-02-20,4.1845,4.186,4.198557999999999,0.005992347748986271,2.9,1.58,4.278301569450998,3.623979196489708,1.3199999999999998
2020-02-21,4.1915,4.193,4.205578999999999,0.0016714426049830866,2.9,1.57,4.136316946548513,3.6264984113282828,1.3299999999999998
2020-02-24,4.2215,4.224,4.2366719999999995,0.007131850031642628,2.9,1.57,4.432055028038459,3.798618582575921,1.3299999999999998
2020-02-25,4.225,4.227,4.239681,0.0008287456817195338,2.9,1.56,4.097490329489917,3.7970360044369404,1.3399999999999999
2020-02-26,4.2395,4.241,4.253722999999999,0.00342607695278363,2.9,1.56,4.096032386387006,3.831589182323264,1.3399999999999999
2020-02-27,4.2225,4.225,4.237674999999999,-0.004017968062102417,2.94,1.54,4.294225428212198,3.893930109299,1.4
2020-02-28,4.226,4.229,4.241687,0.0008285494940467597,2.94,1.43,4.148121106911886,3.893438412369319,1.51
2020-03-02,4.2015,4.203,4.215609,-0.005814314807728982,2.94,1.4,4.566767783972385,4.0175117050065765,1.54
2020-03-03,4.205,4.207,4.219620999999999,0.0008326890387753139,2.94,1.1,4.513222117045728,4.002179118428136,1.8399999999999999
2020-03-04,4.183,4.185,4.1975549999999995,-0.00524560096485005,2.94,1.0,4.852402094535009,4.078888868827988,1.94
2020-03-05,4.1655,4.168,4.180504,-0.004192376027234435,2.69,0.91,5.072835035304591,4.135217815979036,1.7799999999999998
2020-03-06,4.1875,4.19,4.20257,0.005267580718357978,2.65,0.78,5.169290741887307,4.222067501801958,1.8699999999999999
2020-03-09,4.2085,4.211,4.2236329999999995,0.005002392518308918,2.65,0.56,5.283184585010282,4.302346988771647,2.09
2020-03-10,4.226,4.229,4.241687,0.004149629524371257,2.65,0.56,5.2555912028133855,4.3458894059296815,2.09
2020-03-11,4.2355,4.238,4.250714,0.002245465695603688,2.65,0.41,5.215782874815422,4.353217741978919,2.2399999999999998
2020-03-12,4.253,4.256,4.268768,0.004123231382027859,2.65,0.4,5.271252641051797,4.324612881443594,2.25
2020-03-13,4.295,4.297,4.3098909999999995,0.009826939164722104,2.65,0.33,5.801056032708843,4.6099415105032415,2.32
2020-03-16,4.301,4.303,4.3159089999999996,0.001395998365380624,2.65,0.25,5.608855782922828,4.5598722268592615,2.4
2020-03-17,4.33,4.332,4.344995999999999,0.006719988212799288,2.65,0.11,5.799275069403512,4.668421151516428,2.54
2020-03-18,4.358,4.363,4.376089,0.006445694508029565,2.68,0.04,5.955949493554162,4.735566036073415,2.64
2020-03-19,4.4065,4.409,4.4222269999999995,0.011067487035150148,2.68,0.04,6.4979259755312,5.045567915406777,2.64
2020-03-20,4.4045,4.409,4.4222269999999995,-0.00045397798986490656,2.68,0.04,6.535598498188869,5.049177679850058,2.64
2020-03-23,4.445,4.449,4.462346999999999,0.00915312339815455,2.68,0.01,6.847492681076214,5.2392634092225405,2.6700000000000004
2020-03-24,4.435,4.44,4.45332,-0.0022522532043252053,2.68,0.01,6.900845826414187,5.2623921625664245,2.6700000000000004
2020-03-25,4.394,4.4,4.4132,-0.009287641799124113,2.68,-0.04,7.602762964189877,5.502251076624945,2.72
2020-03-26,4.3625,4.37,4.383109999999999,-0.007194686433872999,2.68,0.01,8.058405461559442,5.655424880215567,2.6700000000000004
2020-03-27,4.263,4.268,4.280803999999999,-0.023072149745472226,2.69,0.01,10.804816857748502,6.89537162439571,2.68
2020-03-30,4.3575,4.365,4.378095,0.02192536062896555,2.64,0.04,12.376410569136933,7.787918412272203,2.6
2020-03-31,4.3025,4.31,4.3229299999999995,-0.012702249308481406,2.64,0.04,13.056308440845015,8.078956226582253,2.6
2020-04-01,4.3275,4.335,4.348005,0.005793758964669715,2.64,0.03,13.120099911021645,8.125183196159522,2.6100000000000003
2020-04-02,4.386,4.391,4.404172999999999,0.013427641927469258,2.66,0.09,13.521045622961465,8.408108423225737,2.5700000000000003
2020-04-03,4.36,4.365,4.378095,-0.0059455926347533605,2.64,0.09,13.695069594980048,8.477550079959325,2.5500000000000003
2020-04-06,4.375,4.38,4.39314,0.0034344624486346564,2.64,0.09,13.600172410950545,8.4920795626812,2.5500000000000003
2020-04-07,4.35,4.355,4.368065,-0.0057306747089851395,2.64,0.09,13.747410841979098,8.54566900530326,2.5500000000000003
2020-04-08,4.3398,4.3445,4.3575335,-0.002347580999439547,2.64,0.14,13.759682647741872,8.556630806207064,2.5
2020-04-09,4.341,4.345,4.358034999999999,0.0002764722163035582,2.64,0.2,13.685667773580962,8.55277965579048,2.44
2020-04-10,4.308,4.313,4.325938999999999,-0.0076309770233145,2.64,0.2,13.908525679700295,8.652373214607953,2.44
2020-04-13,4.3225,4.327,4.339981,0.0033601792811663866,2.64,0.16,13.792220988538684,8.662500533278312,2.48
2020-04-14,4.323,4.328,4.340984,0.0001156671101862905,2.64,0.17,13.794300171423368,8.653076140255997,2.47
2020-04-15,4.33,4.335,4.348005,0.001617936328903724,2.64,0.13,13.670488632225682,8.641343282379593,2.5100000000000002
2020-04-16,4.374,4.378,4.391133999999999,0.010110380240177408,2.64,0.14,13.812428088308284,8.791463559462656,2.5
2020-04-17,4.365,4.37,4.383109999999999,-0.002059732963010319,2.64,0.12,13.807910152696214,8.800247331950702,2.52
2020-04-20,4.388,4.393,4.406178999999999,0.005255353121418116,2.64,0.1,13.813864083865008,8.835658320096123,2.54
2020-04-21,4.3923,4.397,4.410191,0.0009794654724253338,2.64,0.08,13.78941064016318,8.824665918716722,2.56
2020-04-22,4.395,4.4,4.4132,0.0006145232517311694,2.64,0.09,13.78765708066451,8.801795469057637,2.5500000000000003
2020-04-23,4.365,4.37,4.383109999999999,-0.006849341845574619,2.64,0.09,13.953487071305732,8.88962770784478,2.5500000000000003
2020-04-24,4.365,4.37,4.383109999999999,0.0,2.64,0.1,13.693369551056788,8.890094864167896,2.54
2020-04-27,4.354,4.358,4.371073999999999,-0.0025232264792098835,2.64,0.09,13.719140988469967,8.905280883099048,2.5500000000000003
2020-04-28,4.3705,4.376,4.3891279999999995,0.0037824562260497796,2.64,0.08,13.627816609989976,8.918932650154215,2.56
2020-04-29,4.36,4.365,4.378095,-0.0024053616774624142,2.64,0.1,13.522584992228682,8.93259096765801,2.54
2020-04-30,4.326,4.33,4.3429899999999995,-0.007828729830076098,2.64,0.1,13.287519574889789,9.042215441074799,2.54
2020-05-04,4.3385,4.342,4.355025999999999,0.002885338720540309,2.64,0.1,13.326217348482938,9.04966226134755,2.54
2020-05-05,4.31,4.315,4.327945,-0.006590762135751049,2.64,0.09,13.114401502565087,9.120323427095384,2.5500000000000003
2020-05-06,4.311,4.316,4.328948,0.00023199164934117888,2.16,0.08,13.114015174577185,9.117217615188695,2.08
2020-05-08,4.3055,4.31,4.3229299999999995,-0.0012766206109144917,2.16,0.1,12.874527041015007,9.085390291633246,2.06
2020-05-12,4.345,4.35,4.363049999999999,0.009132483563272453,2.15,0.1,13.025171163759863,9.148286200822021,2.05
2020-05-13,4.337,4.342,4.355025999999999,-0.0018428938641263937,2.15,0.1,11.085215013063513,9.150981563963493,2.05
2020-05-14,4.335,4.339,4.352017,-0.00046125462072388324,2.15,0.09,9.050287373463988,9.142912698999453,2.06
2020-05-15,4.3455,4.348,4.361044,0.002419216662872703,2.15,0.09,8.257538247284453,9.14466102568166,2.06
2020-05-18,4.355,4.359,4.372076999999999,0.0021837834090883135,2.15,0.1,8.115087815434736,9.1270631484612,2.05
2020-05-19,4.3495,4.354,4.367062,-0.0012637143390077377,2.15,0.09,7.08800296793404,9.129746996810654,2.06
2020-05-20,4.356,4.36,4.37308,0.0014933091052555802,2.14,0.08,6.896492229930928,9.108726932175552,2.06
2020-05-21,4.3525,4.355,4.368065,-0.0008038124105069766,2.14,0.09,6.820424665117687,9.100635158237877,2.0500000000000003
2020-05-22,4.362,4.366,4.379097999999999,0.002180275119230357,2.14,0.09,6.643233469228119,9.060224908492053,2.0500000000000003
2020-05-27,4.358,4.363,4.376089,-0.0009174312570092713,2.14,0.1,6.610449541738052,9.061126810824117,2.04
2020-05-28,4.36,4.365,4.378095,0.0004588208385150061,2.14,0.14,6.610989111774776,9.041692353913884,2.0
2020-05-29,4.3485,4.351,4.364052999999999,-0.0026410993132603977,2.15,0.13,6.249224407999537,9.042359583470368,2.02
2020-06-01,4.323,4.326,4.338977999999999,-0.005881352362187897,2.14,0.12,6.428921145365378,9.102768572058444,2.02
2020-06-02,4.2915,4.295,4.307885,-0.007313283509357227,2.14,0.12,6.769236957381984,9.19554414120848,2.02
2020-06-03,4.262,4.267,4.279801,-0.006897788499712343,2.14,0.12,7.011330710902411,9.273178848358297,2.02
2020-06-04,4.2745,4.277,4.2898309999999995,0.0029286028077259996,2.14,0.13,6.341414476300947,9.281480997097695,2.0100000000000002
2020-06-05,4.267,4.2695,4.282308499999999,-0.0017561322782881916,2.14,0.13,6.336645179023136,9.279947167337701,2.0100000000000002
2020-06-09,4.2615,4.265,4.277794999999999,-0.0012897932256479283,2.14,0.14,6.07557325752899,9.284085146646277,2.0
2020-06-10,4.2675,4.27,4.282809999999999,0.0014069647062435742,2.14,0.13,6.088773064936145,9.258946303296263,2.0100000000000002
2020-06-11,4.254,4.258,4.270773999999999,-0.0031684589084133297,2.14,0.14,6.102421919372766,9.274833700407678,2.0
2020-06-12,4.266,4.27,4.282809999999999,0.0028169032711133912,2.14,0.14,5.950442631054144,9.2772632422774,2.0
2020-06-15,4.2725,4.276,4.288828,0.0015225159584502101,2.14,0.15,5.983713802813637,9.278567012235122,1.9900000000000002
2020-06-16,4.263,4.266,4.278797999999999,-0.002225998224535619,2.14,0.14,5.9765200903802445,9.231735467778863,2.0
2020-06-17,4.279,4.281,4.293842999999999,0.0037461996516063856,2.14,0.13,5.974163759746444,9.248784842071407,2.0100000000000002
2020-06-18,4.2755,4.278,4.290833999999999,-0.0008182828208067594,2.14,0.13,5.952586688277379,9.250660767189324,2.0100000000000002
2020-06-19,4.279,4.283,4.295849,0.0008182828208067594,2.14,0.13,5.56142632786218,9.25078232850217,2.0100000000000002
2020-06-22,4.274,4.277,4.2898309999999995,-0.0011691805377238573,2.14,0.14,5.479107348994957,9.241830974578733,2.0
2020-06-23,4.276,4.28,4.29284,0.0004678362658427915,2.14,0.12,5.1704142226232666,9.234565879393362,2.02
2020-06-24,4.2765,4.28,4.29284,0.00011692487590075906,2.14,0.11,5.169562528465264,9.230925518598983,2.0300000000000002
2020-06-25,4.279,4.282,4.294846,0.0005844193959803068,2.14,0.13,5.166142654645766,9.225208532399359,2.0100000000000002
2020-06-26,4.278,4.281,4.293842999999999,-0.00023372677446586998,2.14,0.12,4.342500612178158,9.22471051731997,2.02
2020-06-29,4.285,4.288,4.300864,0.001634941389529354,2.14,0.11,4.367210274986949,9.227134159616503,2.0300000000000002
2020-06-30,4.28,4.283,4.295849,-0.0011675424560377845,2.14,0.13,4.37283572489597,9.228932391776624,2.0100000000000002
2020-07-01,4.2815,4.284,4.2968519999999994,0.0003504058904042484,2.13,0.12,4.29631976201557,9.219990102735242,2.01
2020-07-02,4.286,4.289,4.301867,0.0010504815672753853,2.13,0.13,4.2472014532482,9.214204511004409,2.0
2020-07-03,4.287,4.29,4.3028699999999995,0.00023329056445486884,2.13,0.13,4.246962396902748,9.164306064658522,2.0
2020-07-06,4.284,4.287,4.299860999999999,-0.0007000350303376646,2.13,0.12,4.205669368701967,9.162620757071526,2.01
2020-07-07,4.274,4.277,4.2898309999999995,-0.002336995688546395,2.13,0.12,4.236892232567437,9.097798195099957,2.01
2020-07-08,4.2785,4.282,4.294846,0.0010523239790165562,1.87,0.11,4.184710347032242,9.098356209101196,1.76
2020-07-09,4.265,4.2675,4.2803024999999995,-0.003160299932330135,1.87,0.11,4.247450424921208,9.09774812065138,1.76
2020-07-10,4.268,4.27,4.282809999999999,0.0007031524958645008,1.87,0.1,4.253923509654761,9.071994318334788,1.77
2020-07-13,4.2605,4.263,4.275789,-0.001758809153633134,1.87,0.11,4.226734377384161,9.076594874629436,1.76
2020-07-14,4.2705,4.274,4.286822,0.002344392118191152,1.87,0.11,4.014392233469088,9.028859563319445,1.76
2020-07-15,4.2655,4.268,4.280803999999999,-0.001171509037452445,1.87,0.12,3.4514486396150756,9.030991674266595,1.75
2020-07-16,4.2675,4.27,4.282809999999999,0.0004687683198463244,1.87,0.12,2.810560153451235,8.984669298179773,1.75
2020-07-17,4.2695,4.272,4.284816,0.000468548679064984,1.87,0.11,2.678411496758078,8.953622346283636,1.76
2020-07-20,4.2648,4.2665,4.2792995,-0.0011014378391094315,1.87,0.11,2.6484932538016643,8.916395604840918,1.76
2020-07-21,4.2625,4.265,4.277794999999999,-0.0005394439167789589,1.85,0.09,2.625996213038363,8.880085991561678,1.76
2020-07-22,4.2535,4.256,4.268768,-0.0021136691758334436,1.85,0.09,2.6610039308569906,8.861871581348286,1.76
2020-07-23,4.2525,4.255,4.267765,-0.0002351281459220811,1.85,0.09,2.4988589854797794,8.854363657458965,1.76
2020-07-24,4.2645,4.267,4.279801,0.0028178954891473484,1.85,0.1,2.498956599825052,8.840020653606944,1.75
2020-07-27,4.2515,4.254,4.266761999999999,-0.003053078933316966,1.85,0.1,2.604491663902617,8.697429544502594,1.75
2020-07-28,4.2475,4.25,4.26275,-0.0009412872797602834,1.85,0.09,2.5419836901607877,8.694739717771647,1.76
2020-07-29,4.249,4.251,4.2637529999999995,0.00035308656872445887,1.86,0.09,2.268933232706148,8.61745280041256,1.77
2020-07-30,4.2425,4.245,4.257734999999999,-0.0015309430064300855,1.86,0.1,2.2941277630771535,8.546091157678575,1.76
2020-08-03,4.2335,4.236,4.248708,-0.002123644026049254,1.85,0.09,2.332296197934041,8.331713320685175,1.76
2020-08-04,4.2175,4.22,4.232659999999999,-0.0037865386622086827,1.85,0.09,2.526815358162005,8.35045535440872,1.76
2020-08-05,4.2005,4.203,4.215609,-0.004038969615221433,1.84,0.08,2.716076360502964,8.210051887781432,1.76
2020-08-06,4.1875,4.189,4.201567,-0.003099668671580069,1.84,0.07,2.80158097712877,8.21601938718851,1.77
2020-08-07,4.1975,4.2,4.2126,0.002385212818373894,1.84,0.08,2.919513401308059,8.099415476253894,1.76
2020-08-10,4.194,4.198,4.2105939999999995,-0.000834177489830612,1.84,0.09,2.9174205198187164,8.020283219836314,1.75
2020-08-11,4.1985,4.2,4.2126,0.0010723861617527586,1.84,0.08,2.88330600582834,7.049820984472515,1.76
2020-08-12,4.1985,4.201,4.213602999999999,0.0,1.84,0.08,2.885998122953573,5.977204361176108,1.76
2020-08-13,4.1895,4.192,4.204575999999999,-0.0021459235702767643,1.84,0.08,2.9021355330355,5.612550123601823,1.76
2020-08-14,4.2025,4.205,4.2176149999999994,0.003098191229429448,1.83,0.09,3.066942271131699,5.547488001895646,1.74
2020-08-17,4.1875,4.19,4.20257,-0.003575689149448724,1.83,0.09,3.16800761716373,5.062305000474771,1.74
2020-08-18,4.188,4.19,4.20257,0.00011939585710551981,1.84,0.08,3.1787511382195466,4.979114471737314,1.76
2020-08-19,4.1825,4.185,4.1975549999999995,-0.0013141391294482219,1.84,0.07,3.1482059316221145,4.937523723861616,1.77
2020-08-21,4.177,4.18,4.192539999999999,-0.0013158683638039292,1.84,0.07,3.106813975037492,4.859749199178501,1.77
2020-08-24,4.1805,4.183,4.195549,0.0008375710929373614,1.84,0.09,3.0586162987368026,4.853773937823211,1.75
2020-08-25,4.1715,4.174,4.186522,-0.002155173247983422,1.84,0.08,3.0595360213442917,4.861007392580099,1.76
2020-08-26,4.17,4.172,4.1845159999999995,-0.00035964754928197173,1.84,0.07,3.0467840449312833,4.706361345421981,1.77
2020-08-27,4.1715,4.174,4.186522,0.00035964754928197173,1.84,0.09,2.925450392294144,4.665780124913345,1.75
2020-08-28,4.1745,4.176,4.188528,0.0007189072919260298,1.84,0.09,2.954729528555643,4.668740877299167,1.75
2020-09-01,4.1475,4.15,4.16245,-0.006488847569455558,1.84,0.09,3.3705652749209642,4.7661550949867095,1.75
2020-09-02,4.1495,4.152,4.1644559999999995,0.0004821019739029708,1.83,0.1,3.3710634541056708,4.420232819375864,1.73
2020-09-03,4.1425,4.145,4.1574349999999995,-0.0016883747377847147,1.83,0.1,3.3776358150678325,4.417161499045228,1.73
2020-09-04,4.1475,4.15,4.16245,0.0012062727638817439,1.83,0.09,3.4343851791551665,4.316485860799461,1.74
2020-09-07,4.1485,4.151,4.163453,0.00024108003974032677,1.83,0.09,3.430577690039411,4.310472364348716,1.74
2020-09-08,4.1665,4.169,4.181506999999999,0.004329531717921498,1.83,0.1,3.7407932837399356,4.385131452715605,1.73
2020-09-09,4.1735,4.175,4.187524999999999,0.0016786574685299094,1.83,0.1,3.661939109855652,4.271351259793462,1.73
2020-09-10,4.1655,4.168,4.180504,-0.001918695875827492,1.83,0.1,3.6135483926380316,4.277073611218106,1.73
2020-09-11,4.1565,4.159,4.171476999999999,-0.002162942443820981,1.83,0.1,3.6384503252780642,4.272717877787982,1.73
2020-09-14,4.1485,4.151,4.163453,-0.001926550866802934,1.83,0.1,3.639910852864613,4.216527639157584,1.73
2020-09-15,4.134,4.136,4.148408,-0.0035013618626262843,1.83,0.09,3.718348312108671,4.233920107080529,1.74
2020-09-17,4.147,4.15,4.16245,0.0031397200046676677,1.83,0.09,3.8730524771326715,4.098697348697009,1.74
2020-09-18,4.1275,4.13,4.14239,-0.0047132844520980655,1.83,0.09,3.9461013114526677,4.119757066552812,1.74
2020-09-21,4.1105,4.113,4.125339,-0.004127221202095077,1.83,0.09,3.9526307120062754,4.037344088740598,1.74
2020-09-22,4.1365,4.139,4.1514169999999995,0.0063053440380493875,1.83,0.08,4.378016123056491,4.1945015433150985,1.75
2020-09-23,4.141,4.144,4.156432,0.0010872849153296116,1.83,0.08,4.321846950384558,4.200103757866747,1.75
2020-09-24,4.1635,4.166,4.178498,0.005418762130306787,1.83,0.08,4.641883505111577,4.00192485024143,1.75
2020-09-25,4.1685,4.173,4.185518999999999,0.001200192174794168,1.83,0.08,4.645177954180613,4.004848729598626,1.75
2020-09-28,4.167,4.169,4.181506999999999,-0.00035990642821470686,1.84,0.09,4.644739765148076,4.004869618154856,1.75
2020-09-29,4.1645,4.167,4.179500999999999,-0.0006001320470581106,1.84,0.07,4.61142759774268,3.9756138265722574,1.77
2020-09-30,4.1585,4.161,4.173482999999999,-0.0014417880666530714,1.84,0.08,4.5160473604103615,3.9532447280851124,1.76
2020-10-01,4.148,4.151,4.163453,-0.0025281419593243815,1.83,0.09,4.460914327385963,3.9656857295766095,1.74
2020-10-02,4.1605,4.163,4.175489,0.0030089689910666184,1.83,0.1,4.5628649181936645,3.9955468202281885,1.73
2020-10-05,4.1595,4.162,4.174485999999999,-0.00024038461654196652,1.83,0.09,4.551080199633786,3.99548685595648,1.74
2020-10-06,4.15,4.152,4.1644559999999995,-0.0022865404991985194,1.83,0.08,4.5806604465678395,3.980402333658759,1.75
2020-10-07,4.1595,4.162,4.174485999999999,0.0022865404991985194,1.83,0.08,4.628624194582588,4.008119084719504,1.75
2020-10-08,4.1555,4.158,4.170474,-0.0009621167308615508,1.83,0.09,4.5969194011238965,4.005365453105311,1.74
2020-10-09,4.1475,4.15,4.16245,-0.001927014928481352,1.83,0.1,4.626132236176444,3.9965001956697286,1.73
2020-10-12,4.1385,4.141,4.153422999999999,-0.0021723397391493204,1.83,0.1,4.658540710627988,3.902862922942449,1.73
2020-10-13,4.155,4.16,4.172479999999999,0.003979024964098299,1.83,0.09,4.811663606754939,3.799478886170814,1.74
2020-10-14,4.146,4.148,4.160443999999999,-0.0021684142938236395,1.83,0.1,4.468223963077152,3.6484426016380653,1.73
2020-10-15,4.148,4.15,4.16245,0.000482276353692912,1.83,0.1,4.468225639196696,3.609780447281537,1.73
2020-10-16,4.1545,4.157,4.169471,0.0015657937556181611,1.83,0.09,4.461672329173238,3.6155126152480914,1.74
2020-10-19,4.147,4.149,4.161447,-0.001806902858654702,1.82,0.09,4.481961586674343,3.6205655379633814,1.73
2020-10-20,4.1455,4.148,4.160443999999999,-0.0003617726901079532,1.82,0.08,4.482502482066419,3.6089963807293195,1.74
2020-10-21,4.145,4.147,4.159441,-0.00012061998687817876,1.83,0.08,4.288265121347357,3.576830149404279,1.75
2020-10-22,4.1495,4.152,4.1644559999999995,0.0010850564691073927,1.83,0.09,4.269408476242335,3.545863270420597,1.74
2020-10-23,4.1465,4.149,4.161447,-0.0007232401472443417,1.83,0.08,4.241367970503281,3.532932157028817,1.75
2020-10-26,4.1645,4.167,4.179500999999999,0.004331615484137075,1.83,0.08,4.388955803139625,3.6031316895515038,1.75
2020-10-27,4.165,4.167,4.179500999999999,0.00012005522554781045,1.85,0.08,4.348187010250361,3.5395090894071854,1.77
2020-10-28,4.1645,4.167,4.179500999999999,-0.00012005522554781045,1.85,0.07,4.210914367574958,3.5385425820364858,1.78
2020-10-30,4.157,4.16,4.172479999999999,-0.0018025601227578125,1.85,0.08,4.158995394362845,3.542426500032271,1.77
2020-11-02,4.155,4.157,4.169471,-0.0004812319630889128,1.83,0.09,3.908456123647948,3.5396340483490407,1.74
2020-11-03,4.1585,4.161,4.173482999999999,0.000842004019193654,1.83,0.09,3.6871068294776377,3.542525961419074,1.74
2020-11-04,4.1635,4.167,4.179500999999999,0.001201634367131721,1.83,0.08,3.2454984067964023,3.5508638892974087,1.75
2020-11-05,4.1525,4.155,4.167465,-0.0026455041884241304,1.82,0.09,3.337517625283082,3.5692329386046753,1.73
2020-11-06,4.143,4.146,4.158437999999999,-0.0022903994100480496,1.83,0.1,2.9991737630439723,3.5841663922835756,1.73
2020-11-09,4.1145,4.117,4.129351,-0.006902843031634243,1.83,0.1,3.5480335313521056,3.731560139714308,1.73
2020-11-10,4.1155,4.118,4.130354,0.00024301336693111075,1.83,0.09,3.5534359272705367,3.731357267878383,1.74
2020-11-11,4.123,4.126,4.1383779999999994,0.0018207202942013279,1.83,0.09,3.611246996918569,3.7481985912525633,1.74
2020-11-12,4.134,4.137,4.149410999999999,0.002664407534813673,1.83,0.1,3.6968569817085775,3.775743929855431,1.73
2020-11-13,4.1315,4.134,4.146402,-0.0006049241004746353,1.83,0.1,3.632942464495122,3.7743605100807778,1.73
2020-11-16,4.1145,4.117,4.129351,-0.004123217095471476,1.83,0.09,3.6846732092036927,3.8249221683200734,1.74
2020-11-17,4.1058,4.108,4.120323999999999,-0.002116711859260434,1.83,0.08,3.7188823263751254,3.8220192206600503,1.75
2020-11-18,4.098,4.1,4.112299999999999,-0.001901558387662039,1.83,0.07,3.7038533643135882,3.8211897715393044,1.76
2020-11-19,4.095,4.097,4.109291,-0.0007323325116752599,1.83,0.08,3.614401419381699,3.7944537961818376,1.75
2020-11-20,4.0905,4.093,4.1052789999999995,-0.0010995053334170724,1.83,0.09,3.616077608183452,3.7909037605441216,1.74
2020-11-23,4.0895,4.092,4.104276,-0.0002444987787240116,1.83,0.08,3.5922135677315814,3.784812814488875,1.75
2020-11-24,4.0945,4.097,4.109291,0.0012218965352142064,1.83,0.08,3.587089868596853,3.765917140149514,1.75
2020-11-25,4.087,4.089,4.101267,-0.0018334051459656386,1.83,0.07,3.3653725689217233,3.7710452539007755,1.76
2020-11-26,4.083,4.085,4.097255,-0.0009791922447015544,1.83,0.07,3.3331736072215596,3.768567687118736,1.76
2020-11-27,4.0725,4.075,4.087225,-0.0025749508433756674,1.82,0.09,3.371606457366817,3.781014725163638,1.73
2020-11-30,4.069,4.072,4.084216,-0.0008597924745101793,1.82,0.08,3.308135801046926,3.7801875200224098,1.74
2020-12-01,4.078,4.08,4.092239999999999,0.0022094031327106745,1.82,0.07,3.3943104274005305,3.8077166287093145,1.75
2020-12-02,4.0715,4.073,4.085219,-0.001595190227214438,1.83,0.07,3.4068747729049926,3.8024477538418746,1.76
2020-12-03,4.0725,4.075,4.087225,0.00024557956901394284,1.84,0.08,3.4130037736828998,3.804195789024509,1.76
2020-12-04,4.064,4.066,4.0781979999999995,-0.0020893512178823404,1.84,0.07,3.4017550224079867,3.772208562918998,1.77
2020-12-07,4.071,4.073,4.085219,0.00172095924466098,1.83,0.09,3.472944523178698,3.766560339151647,1.74
2020-12-08,4.069,4.071,4.083212999999999,-0.000491400501288819,1.86,0.08,3.1418291363167428,3.765759378832281,1.78
2020-12-09,4.0685,4.07,4.08221,-0.00012288786497793858,1.82,0.07,3.136611083240813,3.7636301564370713,1.75
2020-12-10,4.0625,4.065,4.077195,-0.001475833498719048,1.82,0.07,3.1363838935937256,3.763206672182288,1.75
2020-12-11,4.0545,4.056,4.068168,-0.0019711722533808373,1.84,0.08,3.1413200317400296,3.7614090941600518,1.76
2020-12-14,4.0495,4.051,4.063153,-0.0012339586955674164,1.84,0.07,3.1415873861620187,3.721918533992986,1.77
2020-12-15,4.065,4.067,4.079200999999999,0.0038203262928664383,1.84,0.07,3.390319356250525,3.7397334736856016,1.77
2020-12-16,4.051,4.053,4.0651589999999995,-0.003449978779220597,1.84,0.08,3.424557331481031,3.747439868868547,1.76
2020-12-17,4.0415,4.043,4.055129,-0.0023478540287913408,1.83,0.08,3.4125382437884038,3.7326339488068654,1.75
2020-12-18,4.0375,4.04,4.0521199999999995,-0.0009902216429873434,1.84,0.08,3.387322199997718,3.733214532694925,1.76
2020-12-21,4.0465,4.048,4.060143999999999,0.002226621404844753,1.84,0.08,2.981109439205282,3.751254186826066,1.76
2020-12-22,4.055,4.058,4.070174,0.0020983776137566412,1.83,0.06,3.071425315141294,3.7741070921243085,1.77
2020-12-23,4.0615,4.063,4.075188999999999,0.0016016759414951842,1.86,0.07,3.0577081725137236,3.7767339647962146,1.79
2020-12-24,4.0595,4.062,4.074186,-0.0004925501885073569,1.83,0.09,2.9068977956127133,3.7315735571027178,1.74
2020-12-28,4.0535,4.056,4.068168,-0.0014791078747393716,1.83,0.09,2.917885416548796,3.697141636813997,1.74
2020-12-29,4.051,4.053,4.0651589999999995,-0.0006169412250711659,1.83,0.08,2.7242146865893275,3.696483552138277,1.75
2020-12-30,4.04,4.042,4.054125999999999,-0.0027190722474947915,1.83,0.06,2.7602789043462796,3.7140826347803726,1.77
2020-12-31,4.013,4.016,4.028047999999999,-0.006705600688279079,1.83,0.08,3.2704381209781563,3.858996628696848,1.75
2021-01-04,3.9965,3.999,4.010997,-0.004120113200842823,1.84,0.09,3.4175518615926457,3.9012769841181494,1.75
2021-01-05,4.0065,4.009,4.021027,0.002499064152051478,1.85,0.08,3.5478687127775785,3.923045213625119,1.77
2021-01-06,4.0145,4.016,4.028047999999999,0.001994764406613392,1.85,0.09,3.6307831738733554,3.9442782062962167,1.76
2021-01-07,4.013,4.016,4.028047999999999,-0.00037371535782204646,1.85,0.09,3.5897787871745184,3.9420701672229232,1.76
2021-01-08,4.0425,4.045,4.057135,0.007324221184345392,1.85,0.08,4.252014312381518,4.146259416562001,1.77
2021-01-11,4.042,4.044,4.056131999999999,-0.00012369348769580846,1.85,0.09,4.248502684254126,4.0144302875838935,1.76
2021-01-12,4.06,4.063,4.075188999999999,0.004443354632212015,1.85,0.09,4.410998968677507,4.089912093192095,1.76
2021-01-13,4.0455,4.048,4.060143999999999,-0.0035778213478840915,1.85,0.09,4.52053285014389,4.120930795715562,1.76
2021-01-14,4.043,4.046,4.058138,-0.0006181616071232465,1.85,0.09,4.463877790040461,4.11381120218786,1.76
2021-01-15,4.0345,4.037,4.049111,-0.0021046123522094895,1.84,0.08,4.4792627351421155,4.124053620775237,1.76
2021-01-18,4.047,4.05,4.062149999999999,0.0030934875873041,1.82,0.08,4.584457023995416,4.089727966490692,1.74
2021-01-19,4.0505,4.052,4.064155999999999,0.0008644643946804642,1.82,0.07,4.559063115638221,4.080702153136402,1.75
2021-01-20,4.048,4.049,4.061147,-0.0006173983032444763,1.82,0.08,4.527682216288519,4.072179642146021,1.74
2021-01-21,4.031,4.033,4.045099,-0.004208447850135855,1.82,0.07,4.67503250846939,4.112604979239967,1.75
2021-01-22,4.0375,4.04,4.0521199999999995,0.0016112044137461812,1.82,0.07,4.708051144358505,4.116581187963449,1.75
2021-01-25,4.046,4.0485,4.0606455,0.0021030501967789217,1.83,0.07,4.741548722850557,4.100012775613805,1.76
2021-01-26,4.0445,4.046,4.058138,-0.0003708052696833608,1.83,0.05,4.710297970324622,4.059984263958888,1.78
2021-01-27,4.044,4.046,4.058138,-0.00012363231764545013,1.83,0.05,4.697683991392545,3.990055500715331,1.78
2021-01-29,4.054,4.056,4.068168,0.0024697468715835225,1.83,0.07,4.6167207243623904,3.9600612502702677,1.76
2021-02-02,4.0425,4.045,4.057135,-0.0028407355606834273,1.83,0.04,4.581436584534691,3.8313047325295413,1.79
2021-02-03,4.0475,4.05,4.062149999999999,0.0012360941005282733,1.83,0.03,4.544197114349738,3.8328619582963395,1.8
2021-02-04,4.0525,4.055,4.067164999999999,0.0012345680580410079,1.86,0.03,4.5457132646085645,3.7198052286856726,1.83
2021-02-05,4.0745,4.077,4.089231,0.00541406515044307,1.87,0.02,4.762552633033944,3.8330387624450424,1.85
2021-02-08,4.0615,4.064,4.076192,-0.003195676269265979,1.86,0.04,4.82876867073843,3.8645116539476208,1.82
2021-02-09,4.0575,4.06,4.0721799999999995,-0.0009853431022621706,1.83,0.04,4.814880251153119,3.8659385646009103,1.79
2021-02-10,4.04,4.042,4.054125999999999,-0.004322328433550515,1.83,0.05,4.972030937383026,3.919926336945033,1.78
2021-02-11,4.0445,4.047,4.059140999999999,0.0011132415028116682,1.83,0.05,4.9690563451801495,3.909220733295525,1.78
2021-02-15,4.036,4.038,4.050114,-0.0021038309845078373,1.82,0.03,5.001750676271732,3.880909593017164,1.79
2021-02-16,4.0305,4.033,4.045099,-0.0013636647498440624,1.82,0.03,4.955850186958387,3.8846629961416785,1.79
2021-02-17,4.0385,4.041,4.053123,0.0019828981586955674,1.82,0.03,4.571066036753368,3.8900897811248383,1.79
2021-02-18,4.038,4.04,4.0521199999999995,-0.0001238160095682339,1.82,0.03,4.384971614587836,3.8654964818699837,1.79
2021-02-19,4.0435,4.046,4.058138,0.001361133663093872,1.81,0.03,4.348634364775905,3.874267576060548,1.78
2021-02-22,4.0405,4.042,4.054125999999999,-0.0007422068623743616,1.81,0.03,4.3285998589088495,3.8652724076168155,1.78
2021-02-23,4.042,4.044,4.056131999999999,0.0003711722900638925,1.82,0.03,4.325176008721029,3.853622768350868,1.79
2021-02-24,4.039,4.041,4.053123,-0.0007424824001533992,1.82,0.03,3.77379921889575,3.7869005896871677,1.79
2021-02-25,4.04,4.042,4.054125999999999,0.0002475553917828943,1.82,0.04,3.7745224877799135,3.7749732315774804,1.78
2021-02-26,4.0495,4.052,4.064155999999999,0.0023487247338489503,1.82,0.04,3.604446964102891,3.798599082537747,1.78
2021-03-01,4.0535,4.056,4.068168,0.000987288738717007,1.82,0.03,3.4601318663855776,3.7919232330345034,1.79
2021-03-02,4.054,4.056,4.068168,0.0001233425841837832,1.87,0.04,3.454062893530245,3.7835680917874916,1.83
2021-03-03,4.0495,4.052,4.064155999999999,-0.0011106313229007903,1.87,0.04,3.410913558442118,3.786257285364283,1.83
2021-03-04,4.0555,4.058,4.070174,0.0014805678213547502,1.86,0.03,3.319696445976758,3.7973937192169496,1.83
2021-03-05,4.0675,4.07,4.08221,0.0029545755827933284,1.77,0.04,3.4170094309594936,3.828656942648687,1.73
2021-03-08,4.09,4.092,4.104276,0.005516409943654654,1.81,0.04,3.7455783963750875,3.9460805550190923,1.77
2021-03-09,4.126,4.128,4.140384,0.008763444594349856,1.82,0.04,4.230925378263103,4.1529352002899556,1.78
2021-03-10,4.1285,4.131,4.143393,0.0006057302262858499,1.82,0.03,4.223717026420456,4.154469357270103,1.79
2021-03-11,4.1125,4.115,4.127345,-0.003883028783855824,1.82,0.04,4.408492064886359,4.202479857318229,1.78
2021-03-12,4.117,4.1195,4.1318585,0.0010936266962773278,1.82,0.03,4.402529896736759,4.197970943969378,1.79
2021-03-15,4.117,4.12,4.132359999999999,0.0,1.88,0.02,4.400928556190017,4.197529952035651,1.8599999999999999
2021-03-16,4.114,4.116,4.128347999999999,-0.0007289515570021443,1.88,0.01,4.38020412795148,4.1957562936542905,1.8699999999999999
2021-03-17,4.1185,4.1205,4.1328615,0.0010932281684010725,1.84,0.01,4.267218825858355,4.194828875246112,1.83
2021-03-18,4.1075,4.11,4.12233,-0.0026744484698804083,1.82,0.01,4.367560251380306,4.195324905483143,1.81
2021-03-19,4.1165,4.119,4.1313569999999995,0.0021887168270575685,1.82,0.01,4.390380385107063,4.196695346445011,1.81
2021-03-22,4.1095,4.112,4.124336,-0.0017019211499260667,1.88,0.02,4.1808242122859625,4.044451227230672,1.8599999999999999
2021-03-23,4.116,4.118,4.130354,0.0015804513653854269,1.83,0.02,4.062781424652047,4.053035786700877,1.81
2021-03-24,4.1275,4.13,4.14239,0.002790078840343213,1.83,0.02,4.0945639288936855,4.068572476964084,1.81
2021-03-25,4.1395,4.142,4.154426,0.0029031107845771675,1.83,0.02,3.873910729808224,4.073171972105493,1.81
2021-03-26,4.1465,4.149,4.161447,0.001689597312397817,1.83,0.02,3.8814122993595808,4.0813752094270255,1.81
2021-03-29,4.1455,4.148,4.160443999999999,-0.00024119633498487225,1.83,0.02,3.795655452429393,4.020485432070282,1.81
2021-03-30,4.1465,4.149,4.161447,0.00024119633498487225,1.83,0.01,3.7408724165919964,4.003273940308873,1.82
2021-03-31,4.159,4.161,4.173482999999999,0.0030100558516532594,1.83,0.01,3.7772854422513755,4.017746590999735,1.82
2021-04-01,4.1465,4.149,4.161447,-0.0030100558516532594,1.83,0.02,3.939713568346666,4.050085031642891,1.81
2021-04-02,4.1375,4.14,4.152419999999999,-0.002172864205939984,1.86,0.02,4.034511387520006,4.063338530435018,1.84
2021-04-05,4.141,4.143,4.155428999999999,0.0008455638602489213,1.84,0.03,4.009096835428634,4.064610928022424,1.81
2021-04-06,4.1325,4.135,4.147404999999999,-0.0020547538503878915,1.84,0.02,4.093409283667971,4.07685611596184,1.82
2021-04-07,4.128,4.131,4.143393,-0.0010895225337805847,1.82,0.01,4.10553464943004,4.068745863663434,1.81
2021-04-08,4.1385,4.141,4.153422999999999,0.0025403751640515893,1.83,0.02,4.13595753696537,4.084638339250085,1.81
2021-04-09,4.1355,4.137,4.149410999999999,-0.0007251631934890312,1.83,0.02,4.132077205549104,4.061358472329554,1.81
2021-04-12,4.137,4.139,4.1514169999999995,0.00036264732945001654,1.83,0.02,4.132275757347478,4.057726841080042,1.81
2021-04-13,4.134,4.136,4.148408,-0.0007254262196976224,1.83,0.03,4.149491727825231,4.0459518578471645,1.8
2021-04-14,4.1295,4.131,4.143393,-0.00108912699094188,1.83,0.02,4.148702841767298,4.040648394191046,1.81
2021-04-15,4.128,4.13,4.14239,-0.0003633060893730722,1.86,0.02,4.151125017467493,4.041555593777909,1.84
2021-04-16,4.127,4.129,4.141386999999999,-0.0002422774088168822,1.86,0.02,4.09596431559046,4.0243539220458295,1.84
2021-04-19,4.1295,4.131,4.143393,0.0006055834981899544,1.84,0.01,3.808903843319212,4.016510117747828,1.83
2021-04-20,4.116,4.118,4.130354,-0.003274516296831731,1.84,0.01,3.00275500774855,4.056065424493812,1.83
2021-04-21,4.116,4.118,4.130354,0.0,1.84,0.0,2.995843230378557,4.055902657785963,1.84
2021-04-22,4.11,4.112,4.124336,-0.0014587894636597376,1.85,0.02,2.8063040577945104,4.055712706932443,1.83
2021-04-23,4.1115,4.114,4.126341999999999,0.00036489692066998813,1.85,0.01,2.789063902193703,4.040266715191203,1.84
2021-04-26,4.1035,4.1055,4.1178165,-0.0019476573411838505,1.85,0.02,2.842962745508517,4.048970058103621,1.83
2021-04-27,4.0985,4.1,4.112299999999999,-0.0012192149766812044,1.85,0.01,2.8557676295191943,4.007120428281909,1.84
2021-04-28,4.1025,4.104,4.116312,0.0009754908711607779,1.85,0.01,2.8516011283053015,3.9645847265822542,1.84
2021-04-30,4.1045,4.106,4.1183179999999995,0.0004873888240748414,1.85,0.01,2.7519209227918906,3.9425259198499596,1.84
2021-05-03,4.102,4.104,4.116312,-0.0006092731559947939,1.88,0.02,2.674795381408123,3.939860977019304,1.8599999999999999
2021-05-04,4.1125,4.115,4.127345,0.0025564564413012025,1.83,0.01,2.7395737300290253,3.945104678934419,1.82
2021-05-05,4.117,4.1185,4.1308555,0.0010936266962773278,1.87,0.01,2.7191015517836297,3.9348382273199203,1.86
2021-05-06,4.1245,4.127,4.139380999999999,0.001820057530881769,1.82,0.01,2.646423534105013,3.937259165159092,1.81
2021-05-07,4.1165,4.1195,4.1318585,-0.0019415125623056806,1.82,0.01,2.5515394307338393,3.951612887374343,1.81
2021-05-10,4.1055,4.108,4.120323999999999,-0.002675749589637233,1.82,0.02,2.586181360329014,3.9706509869212216,1.8
2021-05-11,4.1158,4.118,4.130354,0.002505687759605024,1.85,0.01,2.7138771299559683,3.9881013081754317,1.84
2021-05-12,4.131,4.134,4.146402,0.0036862824883161505,1.85,0.01,2.9410890592063885,4.000437864321625,1.84
2021-05-17,4.134,4.136,4.148408,0.0007259528449490293,1.85,0.0,2.80068069650603,3.824097756859247,1.85
2021-05-18,4.1263,4.1285,4.1408854999999996,-0.0018643396075883611,1.84,0.0,2.7193268583147123,3.7679866789495664,1.84
2021-05-19,4.127,4.129,4.141386999999999,0.00016962911845652684,1.84,0.0,2.65279985070448,3.7505792441997636,1.84
2021-05-20,4.139,4.141,4.153422999999999,0.002903461996150547,1.84,0.01,2.779530493345787,3.7650591558181117,1.83
2021-05-21,4.143,4.144,4.156432,0.0009659503286694182,1.84,0.0,2.7243374923409847,3.764548591686881,1.84
2021-05-24,4.1405,4.142,4.154426,-0.0006036096036470262,1.84,0.01,2.709741048133784,3.5780562585463382,1.83
2021-05-25,4.1425,4.145,4.1574349999999995,0.000482916826963109,1.84,0.01,2.6126519618294526,3.5776246543446346,1.83
2021-05-27,4.1435,4.1455,4.1579365,0.00024137098837928583,1.84,0.0,2.6033060019246332,3.50733533346627,1.84
2021-05-28,4.137,4.139,4.1514169999999995,-0.001569953827685877,1.84,0.01,2.644006672842693,3.461466729388697,1.83
2021-05-31,4.138,4.1395,4.1519185,0.00024169184407707434,1.84,0.01,2.635793889702784,3.4583598803528197,1.83
2021-06-01,4.1205,4.123,4.135369,-0.0042380641020500764,1.84,0.01,2.897243316015316,3.5175483614251823,1.83
2021-06-02,4.126,4.128,4.140384,0.0013338994277589666,1.85,0.01,2.9240847294548633,3.4892611281933243,1.84
2021-06-03,4.1225,4.1245,4.1368735,-0.0008486391974433793,1.87,0.0,2.9334255434679037,3.4920038700846057,1.87
2021-06-04,4.1275,4.129,4.141386999999999,0.0012121213605293946,1.86,0.01,2.9501791899265655,3.493359864541104,1.85
2021-06-08,4.121,4.123,4.135369,-0.0015760444554657749,1.85,0.01,2.8256091475851384,3.4260792541095277,1.84
2021-06-09,4.1175,4.119,4.1313569999999995,-0.0008496692870221256,1.85,0.01,2.837373007755883,3.423045748001673,1.84
2021-06-10,4.1163,4.118,4.130354,-0.0002914814565562196,1.85,0.01,2.80477021510162,3.409131148178146,1.84
2021-06-11,4.114,4.116,4.128347999999999,-0.0005589103823366859,1.85,0.01,2.8085646898748577,3.4101546399036926,1.84
2021-06-14,4.116,4.118,4.130354,0.0004860267410375929,1.85,0.01,2.7483096626574546,3.4100964296999074,1.84
2021-06-15,4.116,4.118,4.130354,0.0,1.85,0.02,2.7199719304212424,3.388444140810625,1.83
2021-06-16,4.1195,4.121,4.133363,0.0008499788017046761,1.85,0.04,2.7168713785244245,3.351713809827444,1.81
2021-06-17,4.1325,4.135,4.147404999999999,0.0031507539395345674,1.85,0.05,2.852900569642566,3.383478122678602,1.8
2021-06-18,4.142,4.144,4.156432,0.002296212260350261,1.85,0.05,2.9027692554988094,3.3970313289700447,1.8
2021-06-21,4.15,4.153,4.165458999999999,0.0019295712692144473,1.85,0.04,2.8663216818679347,3.2953540147116587,1.81
2021-06-22,4.148,4.15,4.16245,-0.00048204387532613246,1.88,0.04,2.8649131803408046,3.247015983530857,1.8399999999999999
2021-06-23,4.1645,4.1665,4.1789995,0.003969930025977453,1.88,0.04,3.030276807325002,3.29976333546801,1.8399999999999999
2021-06-24,4.166,4.168,4.180504,0.00036012244552208195,1.86,0.05,2.953347275588451,3.206171417937273,1.81
2021-06-25,4.158,4.16,4.172479999999999,-0.0019221534029592036,1.86,0.05,2.892635288357565,3.2256496676497366,1.81
2021-06-28,4.151,4.153,4.165458999999999,-0.0016849203649194067,1.86,0.04,2.8854921022594215,3.2175341596956515,1.82
2021-06-29,4.1475,4.15,4.16245,-0.0008435259884391755,1.86,0.04,2.714981691910903,3.211034032697097,1.82
2021-06-30,4.1543,4.1565,4.1689695,0.0016381993111762583,1.86,0.05,2.745005968206446,3.206488199282561,1.81
2021-07-01,4.1545,4.156,4.168467999999999,4.814172926015381e-05,1.86,0.05,2.6773796452827,3.2059522752211786,1.81
2021-07-02,4.1635,4.165,4.1774949999999995,0.002163982570837941,1.86,0.05,2.73542886144186,3.2161612591263258,1.81
2021-07-05,4.155,4.157,4.169471,-0.002043638386325375,1.86,0.05,2.7008160684407136,3.235701760983563,1.81
2021-07-06,4.1535,4.155,4.167465,-0.00036107601042223436,1.88,0.05,2.6924369161229365,3.237632281860883,1.8299999999999998
2021-07-07,4.1595,4.162,4.174485999999999,0.0014435224448161588,1.88,0.05,2.7122814826772985,3.2383208823541656,1.8299999999999998
2021-07-08,4.1715,4.174,4.186522,0.0028808086181866255,1.88,0.06,2.8243781588756938,3.266355999784841,1.8199999999999998
2021-07-09,4.1865,4.188,4.200563999999999,0.003589379302357365,1.88,0.06,2.9872762760210874,3.2942662702571344,1.8199999999999998
2021-07-12,4.19,4.192,4.204575999999999,0.000835671271697036,1.85,0.05,2.934226233440469,3.2935590456052632,1.8
2021-07-13,4.1895,4.192,4.204575999999999,-0.000119338862842433,1.84,0.05,2.938042183161231,3.2943197361056513,1.79
2021-07-14,4.1995,4.201,4.213602999999999,0.0023840755123405444,1.85,0.06,2.6388837168353416,3.3018804622495304,1.79
2021-07-15,4.1955,4.197,4.209591,-0.0009529482555574731,1.85,0.05,2.6691661781761526,3.304525577185508,1.8
2021-07-16,4.2005,4.202,4.214606,0.0011910434947777215,1.85,0.05,2.6411566545869634,3.278652798610022,1.8
2021-07-19,4.218,4.22,4.232659999999999,0.004157516233817882,1.85,0.05,2.82932590222965,3.225565801224123,1.8
2021-07-21,4.2425,4.245,4.257734999999999,0.005791636069661488,1.85,0.04,3.1017820345134792,3.038811199549732,1.81
2021-07-22,4.2265,4.229,4.241687,-0.003778490739398954,1.86,0.04,3.3566500428127783,3.1143211878828554,1.82
2021-07-23,4.2235,4.225,4.237674999999999,-0.0007100592014310791,1.86,0.05,3.3714059340969755,3.0391351104325244,1.81
2021-07-26,4.2253,4.2275,4.2401824999999995,0.00042609602008192304,1.86,0.05,3.347460988969512,3.0362253454215273,1.81
2021-07-27,4.229,4.231,4.2436929999999995,0.0008752942848553324,1.87,0.04,3.3452812118332362,3.0374028113551077,1.83
2021-07-28,4.2313,4.2335,4.2462005,0.0005437159572738715,1.87,0.04,3.336230000527838,3.0326783078819473,1.83
2021-07-29,4.2225,4.2245,4.237173499999999,-0.0020819047478071173,1.87,0.05,3.4479899498482083,3.0559804967829267,1.82
2021-07-30,4.2305,4.233,4.245698999999999,0.0018928196826002441,1.87,0.05,3.393037360105374,3.026500631307579,1.82
2021-08-02,4.2255,4.227,4.239681,-0.001182592380018388,1.87,0.05,3.407835931764553,3.0203771118432403,1.82
2021-08-03,4.2253,4.2275,4.2401824999999995,-4.7332796903942764e-05,1.87,0.05,3.3922352265079105,3.002108863834552,1.82
2021-08-04,4.227,4.229,4.241687,0.00040225737915688953,1.87,0.05,3.3773873102570318,2.9944412581424196,1.82
2021-08-05,4.221,4.223,4.235669,-0.001420454784291314,1.87,0.05,3.2737638686305672,2.977971669776778,1.82
2021-08-06,4.219,4.221,4.233663,-0.00047393365816006394,1.84,0.04,3.2846424108178307,2.946192104888204,1.8
2021-08-09,4.224,4.2255,4.2381765,0.0011844132617586656,1.84,0.04,3.2146942193189525,2.9402218254821566,1.8
2021-08-11,4.2385,4.241,4.253722999999999,0.0034268866623630156,1.82,0.05,3.250536779248118,2.9881095527221073,1.77
2021-08-12,4.2355,4.237,4.249711,-0.0007080481768546587,1.85,0.05,3.245196198924569,2.9923760180399706,1.8
2021-08-13,4.2355,4.237,4.249711,0.0,1.85,0.04,3.2387613292672146,2.9555275072591156,1.81
2021-08-16,4.2415,4.2435,4.2562305,0.0014155953761838536,1.85,0.04,3.241102328330477,2.911773084395239,1.81
2021-08-17,4.2385,4.2405,4.2532214999999995,-0.0007075471993291949,1.85,0.03,3.2345327001918047,2.887447601307373,1.82
2021-08-18,4.232,4.234,4.246701999999999,-0.00153473851032504,1.83,0.03,3.2016521126423383,2.9014033117763636,1.8
2021-08-19,4.24,4.242,4.254726,0.001888574687868072,1.83,0.04,3.208616132720087,2.888037369003129,1.79
2021-08-20,4.238,4.2395,4.252218499999999,-0.0004718093977589266,1.83,0.04,3.217385225946618,2.8815534380627263,1.79
2021-08-23,4.2295,4.231,4.2436929999999995,-0.0020076770841752634,1.83,0.04,3.2312422041806044,2.8815797513250985,1.79
2021-08-24,4.218,4.22,4.232659999999999,-0.0027227007053494123,1.83,0.03,3.217928462859205,2.91969065435355,1.8
2021-08-25,4.215,4.217,4.229651,-0.0007114906027640977,1.87,0.04,3.2246892408865975,2.923728847951178,1.83
2021-08-26,4.1915,4.193,4.205578999999999,-0.005590926358043813,1.83,0.04,3.6353103461491147,3.077027287014645,1.79
2021-08-27,4.194,4.196,4.208587999999999,0.0005962673839532417,1.88,0.04,3.570456131098186,3.070673354315834,1.8399999999999999
2021-08-30,4.169,4.1705,4.183011499999999,-0.005978733581068374,1.88,0.04,3.957785487028631,3.237630483515346,1.8399999999999999
2021-09-01,4.145,4.147,4.159441,-0.00577341031140155,1.88,0.04,4.247483678615868,3.3836593040934324,1.8399999999999999
2021-09-02,4.1575,4.1595,4.1719785,0.003011143497687385,1.86,0.05,4.151489827540711,3.4186381380079047,1.81
2021-09-03,4.153,4.1545,4.1669635,-0.0010829674363290742,1.86,0.04,3.702668357857766,3.3772567322631466,1.82
2021-09-06,4.145,4.147,4.159441,-0.001928176061358311,1.86,0.04,3.607053293954733,3.3942334347918353,1.82
2021-09-07,4.1465,4.148,4.160443999999999,0.000361816321863051,1.86,0.04,3.6188364223698652,3.3845511172118377,1.82
2021-09-08,4.1568,4.158,4.170474,0.0024809425850220723,1.86,0.05,3.7177751522964515,3.407713892742531,1.81
2021-09-09,4.148,4.15,4.16245,-0.0021192571268624505,1.86,0.07,3.7196818414728923,3.4107840860202527,1.79
2021-09-10,4.1415,4.143,4.155428999999999,-0.0015682493110991125,1.86,0.06,3.7114047786084825,3.4151612579406616,1.8
2021-09-13,4.143,4.146,4.158437999999999,0.00036212203908303486,1.86,0.06,3.700769877979387,3.4123313709876353,1.8
2021-09-14,4.149,4.151,4.163453,0.0014471782554661416,1.85,0.05,3.676508142289494,3.4191163883013256,1.8
2021-09-15,4.1595,4.162,4.174485999999999,0.002527533391074588,1.85,0.04,3.7853069825803547,3.440400095532106,1.81
2021-09-17,4.17,4.173,4.185518999999999,0.0025211610689046537,1.85,0.06,3.88533478164991,3.439707418974488,1.79
2021-09-20,4.189,4.19,4.20257,0.004546006154187765,1.85,0.06,4.1405432579719665,3.514109429663517,1.79
2021-09-21,4.1895,4.192,4.204575999999999,0.0001193531063061748,1.85,0.05,4.128400707664651,3.5033149987394054,1.8
2021-09-22,4.1885,4.191,4.203573,-0.00023872045947692655,1.85,0.04,4.127853310904549,3.4857471091625625,1.81
2021-09-23,4.1865,4.188,4.200563999999999,-0.0004776119493776765,1.85,0.05,4.105999861120716,3.453790292077146,1.8
2021-09-24,4.181,4.184,4.196552,-0.0013146102879215693,1.85,0.06,3.9596553315159664,3.4412498653316628,1.79
2021-09-27,4.185,4.187,4.199561,0.0009562515670107352,1.85,0.06,3.9797531803159916,3.392342514373074,1.79
2021-09-28,4.183,4.185,4.1975549999999995,-0.0004780114813773828,1.85,0.07,3.977991156862066,3.3924796086091704,1.78
2021-09-29,4.185,4.1865,4.199059499999999,0.0004780114813773828,1.85,0.05,3.949663813495892,3.3760746574627722,1.8
2021-09-30,4.188,4.19,4.20257,0.0007165890668516806,1.85,0.07,3.9630449850556713,3.37737315254349,1.78
2021-10-01,4.1845,4.186,4.198557999999999,-0.0008360705174985661,1.86,0.08,3.950808630738311,3.3493091022833417,1.78
2021-10-04,4.172,4.174,4.186522,-0.002991685352265794,1.86,0.1,3.9608823287030734,3.3863211314350994,1.76
2021-10-05,4.18,4.182,4.194546,0.0019157093981390094,1.86,0.11,4.024333212334745,3.3981926700043728,1.75
2021-10-06,4.1795,4.181,4.193543,-0.00011962437959112115,1.86,0.06,3.998329611321389,3.3977935293169477,1.8
2021-10-07,4.1815,4.184,4.196552,0.00047841168236950615,1.86,0.03,3.9437554422928978,3.398306623712034,1.83
2021-10-08,4.182,4.184,4.196552,0.00011956716699867975,1.86,0.02,3.9433871612941704,3.3865175519683066,1.84
2021-10-11,4.168,4.17,4.18251,-0.003353296555376195,1.86,0.02,3.7280761199425756,3.43593358970469,1.84
2021-10-12,4.172,4.175,4.187524999999999,0.0009592326874601209,1.86,0.02,3.7361816353386255,3.3602094435508607,1.84
2021-10-13,4.1585,4.16,4.172479999999999,-0.0032411048119207475,1.86,0.02,3.439105028563658,3.4010640590943013,1.84
2021-10-14,4.1563,4.158,4.170474,-0.0005291769017508052,1.83,0.05,2.9920342871176695,3.3989946356225422,1.78
2021-10-15,4.158,4.16,4.172479999999999,0.00040893401096675497,1.83,0.04,2.8636231820728364,3.39414529491923,1.79
2021-10-18,4.164,4.166,4.178498,0.001441961316901219,1.83,0.04,2.8738264395768787,3.3899731660478083,1.79
2021-10-20,4.1555,4.157,4.169471,-0.002043392741778449,1.86,0.05,2.8810360276691145,3.40544437932165,1.81
2021-10-21,4.1565,4.158,4.170474,0.00024061597806190882,1.86,0.06,2.88023569339669,3.404867149997977,1.8
2021-10-22,4.158,4.1595,4.1719785,0.0003608154468153213,1.86,0.05,2.790838688815728,3.4032442209134226,1.81
2021-10-25,4.1495,4.152,4.1644559999999995,-0.0020463443794556113,1.86,0.06,2.786081580651647,3.4218247368699077,1.8
2021-10-26,4.147,4.149,4.161447,-0.0006026637921212608,1.86,0.06,2.752339871625327,3.4237593477545527,1.8
2021-10-27,4.149,4.151,4.163453,0.0004821600864866049,1.87,0.06,2.7537641083365627,3.4219801738352014,1.81
2021-10-28,4.153,4.155,4.167465,0.0009636232978855741,1.87,0.06,2.735926413623346,3.3857745071127203,1.81
2021-10-29,4.144,4.146,4.158437999999999,-0.002169459691434561,1.87,0.06,2.702121764882255,3.384534287033241,1.81
2021-11-01,4.1465,4.148,4.160443999999999,0.000603099951939301,1.87,0.05,2.5939530963588764,3.3704299914472666,1.82
2021-11-02,4.149,4.1505,4.162951499999999,0.0006027364416096859,1.87,0.05,2.188653189529011,3.371010396967649,1.82
2021-11-03,4.1535,4.155,4.167465,0.001084010946258429,1.87,0.05,2.2230606250831753,3.3088597078352557,1.82
2021-11-05,4.1595,4.162,4.174485999999999,0.0014435224448161588,1.87,0.05,2.279040157847457,3.317425954899493,1.82
2021-11-08,4.1555,4.157,4.169471,-0.0009621167308615508,1.86,0.04,2.2878938485479976,3.3056867584456717,1.82
2021-11-09,4.152,4.153,4.165458999999999,-0.0008426121473563697,1.86,0.04,2.2728081450250586,3.2965709131587704,1.82
2021-11-10,4.1513,4.1525,4.164957499999999,-0.00016860766241344471,1.86,0.06,2.244915625327074,3.2935986797507844,1.8
2021-11-11,4.1625,4.164,4.176492,0.0026943171053879222,1.86,0.06,2.4020905451857955,3.3130636053257145,1.8
2021-11-12,4.1678,4.169,4.181506999999999,0.0012724633482901204,1.86,0.05,2.431391705844081,3.3196656649284617,1.81
2021-11-15,4.1585,4.16,4.172479999999999,-0.002233886328246948,1.86,0.06,2.4909980166769476,3.321391958891133,1.8
2021-11-16,4.161,4.163,4.175489,0.0006009976741989664,1.86,0.06,2.4957129453949465,3.305059174275999,1.8
2021-11-17,4.1795,4.181,4.193543,0.004436192156269669,1.86,0.06,2.691370688746435,3.3860529271361988,1.8
2021-11-18,4.1798,4.1815,4.1940444999999995,7.177634494004437e-05,1.86,0.12,2.633316526795278,3.3780606349993616,1.7400000000000002
2021-11-19,4.183,4.1845,4.197053499999999,0.0007652939580473639,1.86,0.11,2.642344152784842,3.346336023961068,1.75
2021-11-22,4.188,4.191,4.203573,0.0011946005482290634,1.86,0.07,2.6610416667802914,3.2978660475238635,1.79
2021-11-23,4.1905,4.192,4.204575999999999,0.0005967655485334955,1.86,0.06,2.665688152238963,3.2964020706334827,1.8
2021-11-24,4.21,4.212,4.224635999999999,0.00464258913746618,1.86,0.14,2.7789335224467426,3.386540194798318,1.7200000000000002
2021-11-25,4.2275,4.229,4.241687,0.004148154096308421,1.86,0.14,2.987152590482471,3.433443887308204,1.7200000000000002
2021-11-26,4.2425,4.245,4.257734999999999,0.0035419163356458228,1.88,0.11,2.906514459725833,3.4774825602023696,1.7699999999999998
2021-11-29,4.2395,4.241,4.253722999999999,-0.0007073803643236065,1.88,0.07,2.9133362303769688,3.475494184080192,1.8099999999999998
2021-11-30,4.2265,4.228,4.240683999999999,-0.0030711103750753477,1.88,0.11,3.1075841184454935,3.4470704330243724,1.7699999999999998
2021-12-01,4.205,4.207,4.219620999999999,-0.005099933961933978,1.88,0.1,3.4974005675119324,3.412543903744783,1.7799999999999998
2021-12-02,4.2265,4.228,4.240683999999999,0.005099933961933978,1.88,0.05,3.6845392168969835,3.4644554618774066,1.8299999999999998
2021-12-03,4.2285,4.23,4.24269,0.00047309285329477646,1.88,0.04,3.6833781374475154,3.463245985754082,1.8399999999999999
2021-12-06,4.224,4.226,4.238677999999999,-0.0010647738361797554,1.84,0.05,3.713546264462471,3.4671954267973573,1.79
2021-12-07,4.2315,4.233,4.245698999999999,0.001773993724063283,1.84,0.05,3.6481777350357536,3.476892099575616,1.79
2021-12-08,4.2195,4.221,4.233663,-0.0028399025121395027,1.86,0.04,3.7706216437634748,3.5080511741147915,1.82
2021-12-09,4.211,4.212,4.224635999999999,-0.0020164884360933666,1.86,0.03,3.8449336436399153,3.5069852359367193,1.83
2021-12-10,4.2175,4.219,4.231657,0.0015423862581955827,1.86,0.03,3.8547173745253382,3.502030843750931,1.83
2021-12-13,4.2085,4.21,4.22263,-0.002136245768492584,1.86,0.01,3.852719877518733,3.5144990383846824,1.85
2021-12-14,4.2335,4.235,4.247705,0.005922784430701267,1.86,0.01,4.159589083860787,3.6536049300726474,1.85
2021-12-15,4.233,4.235,4.247705,-0.00011811256140847881,1.86,0.03,4.166177045923089,3.6531071702147533,1.83
2021-12-16,4.231,4.233,4.245698999999999,-0.0004725898008561824,1.86,0.04,4.177086824917749,3.6459919136781385,1.82
2021-12-17,4.2105,4.212,4.224635999999999,-0.004856966250020633,1.86,0.03,4.458325475845351,3.735682568056581,1.83
2021-12-20,4.226,4.228,4.240683999999999,0.0036745137059552846,1.86,0.03,4.536507818596866,3.781417441352962,1.83
2021-12-21,4.2115,4.2135,4.2261405,-0.0034370404205836813,1.86,0.03,4.666700034507774,3.7799885525659604,1.83
2021-12-22,4.21,4.212,4.224635999999999,-0.00035623107899129813,1.88,0.03,4.669262216610604,3.7787679601952964,1.8499999999999999
2021-12-23,4.206,4.208,4.220624,-0.0009505704137817705,1.88,0.04,4.637641175241549,3.781636657933369,1.8399999999999999
2021-12-24,4.201,4.203,4.215609,-0.0011894850932632206,1.88,0.04,4.649804452461183,3.777632315041063,1.8399999999999999
2021-12-27,4.1865,4.1885,4.2010654999999995,-0.0034575295248955307,1.89,0.04,4.719932036368149,3.8178315340940223,1.8499999999999999
2021-12-28,4.1835,4.185,4.1975549999999995,-0.0007168459088331414,1.89,0.03,4.726227470280875,3.8118023367794884,1.8599999999999999
2021-12-29,4.1815,4.1825,4.195047499999999,-0.00047818291407297764,1.89,0.01,4.553082904029164,3.7968926587751417,1.88
2021-12-30,4.1705,4.1725,4.1850175,-0.0026341011399140246,1.89,0.06,4.617286911120855,3.819185542137763,1.8299999999999998
2021-12-31,4.176,4.178,4.1905339999999995,0.0013179178808082614,1.89,0.06,4.628782022300039,3.8146225747908926,1.8299999999999998
2022-01-03,4.171,4.173,4.185518999999999,-0.0011980353655294262,1.89,0.05,4.624558423576535,3.79388547987572,1.8399999999999999
2022-01-04,4.1815,4.183,4.195549,0.0025142186246351894,1.88,0.06,4.683953992663986,3.818073855906908,1.8199999999999998
2022-01-05,4.1905,4.192,4.204575999999999,0.002150024717380461,1.88,0.05,4.518753754229798,3.7206879022609316,1.8299999999999998
2022-01-06,4.202,4.204,4.216612,0.002740543865984879,1.87,0.04,4.419608289354325,3.747664095033694,1.83
2022-01-07,4.2025,4.205,4.2176149999999994,0.00011898387782482978,1.84,0.05,4.276695725065448,3.60752890654246,1.79
2022-01-10,4.2013,4.2035,4.216110499999999,-0.00028558509439902124,1.84,0.05,4.275086421009757,3.469246823681639,1.79
2022-01-11,4.1928,4.1955,4.208086499999999,-0.0020252327004151027,1.84,0.04,4.226684829029392,3.4539618852438605,1.8
2022-01-12,4.1825,4.185,4.1975549999999995,-0.0024596146269773023,1.84,0.04,4.028982283719504,3.4748621837305995,1.8
2022-01-13,4.1795,4.182,4.194546,-0.0007175317217682498,1.84,0.05,3.706545162416227,3.460942393512003,1.79
2022-01-14,4.1785,4.18,4.192539999999999,-0.00023929169772007874,1.84,0.05,3.6981595701092473,3.461077611741277,1.79
2022-01-17,4.1845,4.186,4.198557999999999,0.0014348920314379843,1.84,0.05,3.7297357920535688,3.4449662952259335,1.79
2022-01-19,4.1925,4.194,4.206581999999999,0.0019099922244349976,1.81,0.05,3.736551117622109,3.4383095408352213,1.76
2022-01-20,4.1855,4.188,4.200563999999999,-0.001671043597252675,1.81,0.05,3.6827135132855333,3.4397801652596622,1.76
2022-01-21,4.1865,4.188,4.200563999999999,0.00023889154437539695,1.81,0.05,3.6475978600185486,3.439593751023128,1.76
2022-01-24,4.1835,4.186,4.198557999999999,-0.0007168459088331414,1.88,0.05,3.612720125312823,3.434938715070124,1.8299999999999998
2022-01-25,4.188,4.19,4.20257,0.0010750762547739878,1.88,0.05,3.588361220122527,3.4143151842421933,1.8299999999999998
2022-01-26,4.1905,4.193,4.205578999999999,0.0005967655485334955,1.88,0.05,3.102608589631719,3.390392332968052,1.8299999999999998
2022-01-27,4.203,4.205,4.2176149999999994,0.0029784974661559716,1.88,0.04,3.248265737641353,3.3413860878398975,1.8399999999999999
2022-01-28,4.192,4.194,4.206581999999999,-0.002620609004238661,1.88,0.04,3.3206510627914243,3.37080126086938,1.8399999999999999
2022-01-31,4.189,4.191,4.203573,-0.0007159050538432243,1.88,0.03,3.0321349206434447,3.372729880098857,1.8499999999999999
2022-02-03,4.1815,4.183,4.195549,-0.0017920081254545472,1.88,0.03,2.837416589262803,3.3851631579430004,1.8499999999999999
2022-02-04,4.1795,4.181,4.193543,-0.00047841168236950615,1.88,0.05,2.6833513636350026,3.3789474188299224,1.8299999999999998
2022-02-07,4.1858,4.1875,4.2000625,0.0015062224166666471,1.84,0.03,2.731068672271931,3.384621224229481,1.81
2022-02-08,4.1865,4.1885,4.2010654999999995,0.00016721808860897802,1.84,0.03,2.7232991423313573,3.3837515035693126,1.81
2022-02-09,4.185,4.187,4.199561,-0.0003583587209108341,1.84,0.03,2.7064632668901574,3.383365300115435,1.81
2022-02-10,4.185,4.1865,4.199059499999999,0.0,1.84,0.05,2.515540181158616,3.381192046605737,1.79
2022-02-11,4.1883,4.19,4.20257,0.0007882197391362311,1.84,0.03,2.5167121857868757,3.380852153448151,1.81
2022-02-14,4.192,4.194,4.206581999999999,0.0008830233381662556,1.84,0.03,2.5233543095072304,3.3454270095629166,1.81
2022-02-15,4.1865,4.188,4.200563999999999,-0.0013128843563916526,1.84,0.02,2.426914728917078,3.338144656131867,1.82
2022-02-16,4.189,4.191,4.203573,0.0005969793025484282,1.84,0.03,2.405086101274901,3.3394660167061962,1.81
2022-02-17,4.185,4.187,4.199561,-0.0009553380234592623,1.84,0.06,2.39467843636798,3.342573277190313,1.78
2022-02-18,4.1845,4.186,4.198557999999999,-0.00011948145064688553,1.84,0.03,2.2841761100882794,3.342589325804589,1.81
2022-02-21,4.1865,4.188,4.200563999999999,0.00047784017155771963,1.84,0.03,2.1987408479455937,3.2946811443469772,1.81
2022-02-22,4.1845,4.186,4.198557999999999,-0.00047784017155771963,1.84,0.03,2.038099880756225,3.2922166978260434,1.81
2022-02-23,4.1845,4.186,4.198557999999999,0.0,1.84,0.02,2.03708204457356,3.2452806771090517,1.82
2022-02-24,4.196,4.198,4.2105939999999995,0.0027444680432588964,1.88,0.05,2.201336356522653,3.2742902091800334,1.8299999999999998
2022-02-25,4.198,4.2,4.2126,0.00047653086439058967,1.88,0.03,2.1235272390931317,3.27448703786885,1.8499999999999999
2022-02-28,4.201,4.203,4.215609,0.0007143707888037643,1.88,0.06,1.9940021444628933,3.2683418352020355,1.8199999999999998
2022-03-01,4.195,4.197,4.209591,-0.0014292522680754427,1.88,0.1,2.0311436107766996,3.258547969670099,1.7799999999999998
2022-03-02,4.192,4.194,4.206581999999999,-0.0007153929004284354,1.88,0.12,2.0431823962709443,3.261347871253437,1.7599999999999998
2022-03-03,4.1905,4.192,4.204575999999999,-0.0003578884619173106,1.88,0.19,2.0077356752080617,3.2619033999871485,1.69
2022-03-04,4.1853,4.187,4.199561,-0.0012416725967889786,1.88,0.15,1.9609589051659382,3.2497621380721027,1.73
2022-03-07,4.179,4.181,4.193543,-0.0015064024942563758,1.88,0.17,1.949733774945656,3.2587652378214247,1.71
2022-03-08,4.1803,4.1825,4.195047499999999,0.0003110308304474785,1.84,0.15,1.9507802295861365,3.258301087912706,1.6900000000000002
2022-03-09,4.182,4.184,4.196552,0.0004065867102160947,1.84,0.17,1.944542341961412,3.2553726730869834,1.6700000000000002
2022-03-10,4.184,4.186,4.198557999999999,0.00047812575617967035,1.84,0.19,1.9231233490596695,3.233707183184725,1.6500000000000001
2022-03-11,4.1925,4.194,4.206581999999999,0.002029487952605047,1.84,0.17,2.006826792672989,3.2486804077941773,1.6700000000000002
2022-03-14,4.2055,4.208,4.220624,0.003095977705128039,1.82,0.22,2.022127867706156,3.285692047822828,1.6
2022-03-15,4.2078,4.2095,4.2221285,0.0005467533684277992,1.82,0.21,1.8650035492231518,3.2825974867466017,1.61
2022-03-16,4.1995,4.201,4.213602999999999,-0.001974475205237969,1.82,0.23,1.9481564282758737,3.294099260416578,1.59
2022-03-17,4.19,4.192,4.204575999999999,-0.0022647366494981114,1.82,0.2,1.992025822190239,3.313218525902066,1.62
2022-03-18,4.203,4.205,4.2176149999999994,0.0030978220889332775,1.82,0.19,2.1686550636279884,3.3471854778281447,1.6300000000000001
2022-03-21,4.2,4.2025,4.215107499999999,-0.0007140307336570562,1.82,0.21,2.1466401713852687,3.349832500150659,1.61
2022-03-22,4.2135,4.215,4.227644999999999,0.0032091309409483237,1.88,0.2,2.326812687058398,3.3620781558374015,1.68
2022-03-23,4.2195,4.222,4.234666,0.0014229813856130313,1.88,0.14,2.345915948096862,3.3636136325255346,1.7399999999999998
2022-03-24,4.227,4.229,4.241687,0.001775883968768932,1.88,0.16,2.3840669017373015,3.3504827478163373,1.72
2022-03-25,4.222,4.224,4.2366719999999995,-0.0011835721585240488,1.88,0.17,2.4195701454483314,3.3574566999782505,1.71
2022-03-28,4.214,4.216,4.228648,-0.00189663404413154,1.88,0.18,2.4911479883245398,3.2958333935853097,1.7
2022-03-29,4.222,4.224,4.2366719999999995,0.00189663404413154,1.88,0.17,2.4982920982857393,3.3096433184750667,1.71
2022-03-30,4.205,4.207,4.219620999999999,-0.0040346560012176624,1.88,0.13,2.790960673116109,3.379521377736859,1.75
2022-03-31,4.204,4.206,4.218618,-0.0002378404102065801,1.88,0.17,2.774478723568191,3.374380222652736,1.71
2022-04-01,4.209,4.211,4.2236329999999995,0.001188636773728824,1.88,0.15,2.7892617072327166,3.3785843855166204,1.73
2022-04-04,4.2185,4.22,4.232659999999999,0.002254524835110683,1.88,0.17,2.8517704991290085,3.3095761735197735,1.71
2022-04-05,4.2175,4.22,4.232659999999999,-0.00023707918555793128,1.88,0.17,2.8472529945864142,3.235303177499185,1.71
2022-04-06,4.218,4.22,4.232659999999999,0.000118546618596449,1.88,0.19,2.84651285507186,3.178613633719908,1.69
2022-04-07,4.2183,4.22,4.232659999999999,7.112122616015348e-05,1.88,0.21,2.747972156469311,3.1768232431242787,1.67
2022-04-08,4.2205,4.223,4.235669,0.0005214011588947631,1.84,0.2,2.7484283409980637,3.136896508646165,1.6400000000000001
2022-04-11,4.2268,4.2285,4.2411855,0.0014916011431009846,1.84,0.21,2.770745192681073,3.026366659618146,1.6300000000000001
2022-04-12,4.233,4.2345,4.2472034999999995,0.0014657559540478537,1.84,0.19,2.749409564822541,2.9139239278427773,1.6500000000000001
2022-04-13,4.2265,4.228,4.240683999999999,-0.0015367341519412214,1.84,0.23,2.7858470890333655,2.924406662745299,1.61
2022-04-14,4.2285,4.23,4.24269,0.00047309285329477646,1.84,0.37,2.7798931845006667,2.91994928891244,1.4700000000000002
2022-04-15,4.2345,4.236,4.248708,0.001417937139376546,1.84,0.37,2.7584356741559724,2.914467830542007,1.4700000000000002
2022-04-18,4.2483,4.25,4.26275,0.0032536455354692517,1.84,0.37,2.8184715009231343,2.9242279980985044,1.4700000000000002
2022-04-20,4.266,4.268,4.280803999999999,0.0041577171341729,1.84,0.33,3.0046887712158363,2.981110578137636,1.51
2022-04-21,4.287,4.289,4.301867,0.004910567566681179,1.85,0.5,3.243597432430261,3.077557486407568,1.35
2022-04-22,4.3075,4.31,4.3229299999999995,0.004770501804107763,1.89,0.46,3.436369485413784,3.1465030449266234,1.43
2022-04-25,4.3475,4.35,4.363049999999999,0.009243277826353369,1.88,0.39,4.1843276994197955,3.3577259294195665,1.4899999999999998
2022-04-26,4.348,4.351,4.364052999999999,0.00011500201266190224,1.88,0.36,4.156685108366188,3.357139892081409,1.52
2022-04-27,4.3565,4.358,4.371073999999999,0.001953013430241457,1.88,0.35,4.160084695651354,3.3659029023453044,1.5299999999999998
2022-04-28,4.3615,4.363,4.376089,0.0011470522019318974,1.88,0.37,4.052854022659005,3.252205865640412,1.5099999999999998
2022-04-29,4.359,4.361,4.374083,-0.0005733616348808646,1.88,0.37,3.95339592261458,3.2081684661655756,1.5099999999999998
2022-05-05,4.3365,4.338,4.351013999999999,-0.0051751021138821685,1.88,0.49,4.338146122952799,3.2785831326891786,1.39
2022-05-06,4.3725,4.375,4.388125,0.008267356768246747,1.88,0.48,4.780579015652296,3.535349033333858,1.4
2022-05-09,4.3795,4.382,4.3951459999999996,0.0015996347103865993,1.88,0.49,4.748597030414945,3.5330926466317165,1.39
2022-05-10,4.377,4.379,4.392136999999999,-0.0005710044122484437,1.88,0.55,4.778743549519385,3.5264802396730133,1.3299999999999998
2022-05-11,4.3835,4.386,4.399158,0.0014839338377450328,1.88,0.56,4.77654938703013,3.467655975221659,1.3199999999999998
2022-05-12,4.3865,4.389,4.4021669999999995,0.0006841505397983116,2.1,0.6,4.7255588825059665,3.461529831333212,1.5
2022-05-13,4.397,4.399,4.412197,0.002390847612371516,2.1,0.66,4.638148357715922,3.4712299330124172,1.44
2022-05-17,4.395,4.397,4.410191,-0.0004549590615328114,2.1,0.58,4.6670032981673994,3.433429779175419,1.52
2022-05-18,4.3945,4.397,4.410191,-0.0001137721145774151,2.1,0.5,4.405769895096437,3.433105627701203,1.6
2022-05-19,4.4023,4.405,4.418215,0.0017733726000712657,2.1,0.65,4.376514119420027,3.42585611104462,1.4500000000000002
2022-05-20,4.3975,4.3995,4.412698499999999,-0.0010909339930578188,2.1,0.62,4.441636435583182,3.421921023147105,1.48
2022-05-23,4.3885,4.391,4.404172999999999,-0.0020487145795411443,2.1,0.52,4.548594094084535,3.43875200811936,1.58
2022-05-24,4.3905,4.392,4.405176,0.00045563276787818907,2.1,0.51,4.532431005378794,3.4180354940792426,1.59
2022-05-25,4.3925,4.395,4.408184999999999,0.00045542526120190274,2.1,0.52,4.525588354623773,3.417471774013911,1.58
2022-05-26,4.3975,4.4,4.4132,0.0011376565504610525,2.1,0.7,4.509902420052915,3.4166085808626767,1.4000000000000001
2022-05-27,4.3825,4.385,4.398154999999999,-0.0034168598163237807,2.1,0.68,4.715333190611579,3.453549975045891,1.42
2022-05-30,4.3705,4.373,4.386119,-0.002741918774846974,2.1,0.68,4.85450081406582,3.460696482652688,1.42
2022-05-31,4.3755,4.378,4.391133999999999,0.0011433799553430823,2.1,0.71,4.8533723365086,3.456339988071318,1.3900000000000001
2022-06-01,4.387,4.389,4.4021669999999995,0.002624823190328307,2.1,0.75,4.806278825983768,3.471969543680173,1.35
2022-06-02,4.393,4.395,4.408184999999999,0.0013667428095656131,2.1,0.84,4.800825064557994,3.4714914594738855,1.2600000000000002
2022-06-03,4.386,4.388,4.401164,-0.0015947149979460562,2.1,0.86,4.871754300931945,3.4818573926004888,1.2400000000000002
2022-06-07,4.397,4.399,4.412197,0.002504840202976588,2.1,0.85,4.8487273622561915,3.4782002099676474,1.25
2022-06-08,4.3925,4.394,4.407182,-0.001023949119557832,2.1,0.86,4.8014655729290405,3.4877810751570926,1.2400000000000002
2022-06-09,4.392,4.394,4.407182,-0.00011383687188559755,2.1,1.04,4.662321266634789,3.4831156243874712,1.06
2022-06-10,4.399,4.401,4.414203,0.0015925381593531185,2.1,1.09,4.516225128353776,3.4864393913812837,1.01
2022-06-13,4.415,4.417,4.430250999999999,0.0036305916893406565,2.12,1.11,3.8353104709493033,3.52443889350754,1.01
2022-06-14,4.424,4.426,4.439278,0.002036430164110259,2.11,1.15,3.8583200034276226,3.5097800066957543,0.96
2022-06-15,4.4193,4.421,4.434263,-0.0010629517131683919,2.11,1.16,3.8639070736067564,3.479239150672576,0.95
2022-06-16,4.3993,4.401,4.414203,-0.004535875148041768,2.11,1.18,4.120790073871402,3.577075446699765,0.9299999999999999
2022-06-17,4.402,4.403,4.416208999999999,0.0006135457454463644,2.11,1.13,4.113592118983304,3.55517071545422,0.98
2022-06-20,4.4015,4.403,4.416208999999999,-0.00011359118544596036,2.11,1.13,3.7727293385722773,3.552644841626044,0.98
2022-06-21,4.399,4.4005,4.413701499999999,-0.0005681495522411595,2.11,1.04,2.9761764361039638,3.5542065328615355,1.0699999999999998
2022-06-22,4.402,4.404,4.417211999999999,0.0006817407376871198,2.11,0.92,2.9504828117329653,3.5536721032259813,1.19
2022-06-23,4.406,4.408,4.421224,0.0009082652758813925,2.11,1.11,2.949313327637833,3.550746275664992,0.9999999999999998
2022-06-24,4.406,4.408,4.421224,0.0,2.11,1.18,2.9253185299366775,3.550746275664992,0.9299999999999999
2022-06-27,4.406,4.4075,4.420722499999999,0.0,2.11,1.13,2.9216007900805376,3.5518353500221087,0.98
2022-06-28,4.3988,4.4005,4.413701499999999,-0.0016354719255089467,2.11,1.07,2.885822011281557,3.570363440065861,1.0399999999999998
2022-06-29,4.4,4.402,4.4152059999999995,0.00027276446957325007,2.11,1.06,2.8832599400939403,3.556959679613602,1.0499999999999998
2022-06-30,4.4055,4.407,4.420221,0.001249219400431878,2.11,1.26,2.904016286302604,3.5588636924136656,0.8499999999999999
2022-07-01,4.409,4.411,4.424232999999999,0.0007941460511531329,2.11,1.26,2.868142475172877,3.5498016728277153,0.8499999999999999
2022-07-04,4.412,4.414,4.427241999999999,0.0006801950154553538,2.11,1.26,2.852777003316329,3.54786569053024,0.8499999999999999
2022-07-05,4.417,4.42,4.43326,0.0011326312231334512,2.11,1.27,2.7919709895992084,3.5489805061629602,0.8399999999999999
2022-07-06,4.425,4.427,4.440280999999999,0.001809545845503413,2.38,1.29,2.829402674844522,3.5500321983014462,1.0899999999999999
2022-07-07,4.426,4.428,4.441284,0.00022596316896517088,2.38,1.53,2.8288133719034496,3.549114378237091,0.8499999999999999
2022-07-08,4.4255,4.428,4.441284,-0.00011297520206321465,2.36,1.55,2.818038758777967,3.5329332950603227,0.8099999999999998
2022-07-12,4.4365,4.438,4.451313999999999,0.0024825108664605633,2.38,1.57,2.672945893329205,3.5469997674131073,0.8099999999999998
2022-07-13,4.4315,4.433,4.446299,-0.001127650096939714,2.38,1.68,2.5455384960345553,3.5588958633933117,0.7
2022-07-14,4.4415,4.443,4.456328999999999,0.002254030031302978,2.38,1.96,2.5913127105134866,3.5529838144444805,0.41999999999999993
2022-07-15,4.4495,4.4515,4.4648544999999995,0.001799573087161166,2.38,1.95,2.543073683989313,3.5508524040802945,0.42999999999999994
2022-07-18,4.4493,4.4515,4.4648544999999995,-4.494988089032148e-05,2.39,1.91,2.5327837179945463,3.5486919111981035,0.4800000000000002
2022-07-19,4.457,4.459,4.472376999999999,0.0017291135305292915,2.4,1.87,2.48527789035376,3.538279390503158,0.5299999999999998
2022-07-20,4.449,4.451,4.464352999999999,-0.001796542140513946,2.4,1.84,2.5016824707833485,3.5437284650615344,0.5599999999999998
2022-07-21,4.4565,4.458,4.471374,0.0016843527647303347,2.43,2.12,2.491612145658969,3.5469576953626194,0.31000000000000005
2022-07-22,4.453,4.455,4.4683649999999995,-0.0007856782490696101,2.38,2.12,2.513093129465754,3.5554545236095367,0.2599999999999998
2022-07-25,4.4555,4.458,4.471374,0.0005612617310719603,2.4,2.1,2.490371541509339,3.555336396776434,0.2999999999999998
2022-07-26,4.457,4.459,4.472376999999999,0.00033660589378126105,2.4,2.12,2.297498097549353,3.548671640414331,0.2799999999999998
2022-07-27,4.46,4.462,4.475385999999999,0.0006728720675539535,2.4,2.09,2.242070748324581,3.5250420215355773,0.31000000000000005
2022-07-28,4.455,4.457,4.470370999999999,-0.0011217051092000663,2.41,2.15,2.2451689069793326,3.537497669905327,0.26000000000000023
2022-07-29,4.4485,4.451,4.464352999999999,-0.001460100220087579,2.41,2.16,1.8076088516588527,3.527790797474671,0.25
2022-08-01,4.4515,4.4545,4.4678635,0.0006741573289037461,2.38,2.15,1.8084015814492613,3.4933818211647676,0.22999999999999998
2022-08-02,4.4565,4.459,4.472376999999999,0.0011225865570463345,2.38,2.15,1.8149923233728782,3.470114163588712,0.22999999999999998
2022-08-03,4.457,4.459,4.472376999999999,0.00011218937578361121,2.38,2.14,1.793587607082007,3.4636616195103547,0.23999999999999977
2022-08-04,4.4543,4.4565,4.4698695,-0.000605972211152217,2.38,2.12,1.8169725173989861,3.442926247809103,0.2599999999999998
2022-08-05,4.4545,4.457,4.470370999999999,4.489942529506408e-05,2.38,2.14,1.8129515934432894,3.4415196931590843,0.23999999999999977
2022-08-08,4.461,4.463,4.476388999999999,0.0014581349675661937,2.38,2.14,1.836549804011265,3.4388611072933535,0.23999999999999977
2022-08-09,4.4558,4.4575,4.470872499999999,-0.0011663378318416129,2.38,2.14,1.889710537100532,3.4386094023618377,0.23999999999999977
2022-08-10,4.457,4.459,4.472376999999999,0.00026927565013257215,2.38,2.15,1.7917449602571232,3.413107841301751,0.22999999999999998
2022-08-11,4.447,4.449,4.462346999999999,-0.0022461824358592786,2.38,2.17,1.9533903926210776,3.4396293684249053,0.20999999999999996
2022-08-12,4.4405,4.443,4.456328999999999,-0.0014627288121376036,2.38,2.16,2.002916382630478,3.368176000540034,0.21999999999999975
2022-08-15,4.4525,4.455,4.4683649999999995,0.0026987534652578304,2.38,2.18,2.1194205992728787,3.3831685147604067,0.19999999999999973
2022-08-16,4.4638,4.4655,4.478896499999999,0.002534685026268191,2.38,2.16,2.212369915857569,3.396840542347087,0.21999999999999975
2022-08-17,4.4655,4.467,4.480400999999999,0.0003807689338557463,2.38,2.11,2.2011148371962883,3.3862814639171472,0.27
2022-08-18,4.472,4.474,4.487422,0.0014545457109944593,2.38,2.16,2.183187657453674,3.3858160116742675,0.21999999999999975
2022-08-19,4.4778,4.48,4.49344,0.0012961185304616318,2.38,2.16,2.199780217636001,3.386305947813373,0.21999999999999975
2022-08-22,4.482,4.484,4.497451999999999,0.0009375209954756158,2.38,2.18,2.2000669799286063,3.385113222536753,0.19999999999999973
2022-08-23,4.4875,4.49,4.50347,0.0012263784356618679,2.38,2.17,2.126781938981046,3.386270125120072,0.20999999999999996
2022-08-24,4.4875,4.489,4.502466999999999,0.0,2.38,2.17,2.081911041718191,3.385365675427285,0.20999999999999996
2022-08-25,4.4785,4.481,4.4944429999999995,-0.0020075848812841635,2.38,2.34,2.1214398808170514,3.411890080273603,0.040000000000000036
2022-08-26,4.4743,4.476,4.489427999999999,-0.0009382540229005976,2.38,2.31,2.098918780929369,3.402603516398613,0.06999999999999984
2022-08-29,4.488,4.49,4.50347,0.003057253310182917,2.38,2.35,2.256041945920094,3.4265553521897663,0.029999999999999805
2022-08-30,4.4845,4.486,4.499457999999999,-0.0007801616444746973,2.38,2.32,2.233934293317807,3.4325563494802833,0.06000000000000005
2022-09-01,4.4825,4.484,4.497451999999999,-0.00044608007876978384,2.38,2.46,2.1619168828894684,3.408454205115514,-0.08000000000000007
2022-09-02,4.484,4.486,4.499457999999999,0.0003345787127626565,2.38,2.42,2.1190712990275253,3.3549598249410346,-0.040000000000000036
2022-09-05,4.487,4.489,4.502466999999999,0.0006688217839327937,2.38,2.42,2.10183971893816,3.2730734238659984,-0.040000000000000036
2022-09-06,4.4915,4.493,4.506479,0.0010023946932780081,2.38,2.34,2.1113190086849483,3.1938575916403664,0.040000000000000036
2022-09-07,4.5035,4.506,4.519518,0.002668150554536064,2.38,2.18,2.2230608493544803,2.8535245472243442,0.19999999999999973
2022-09-08,4.5,4.502,4.515505999999999,-0.0007774754653862015,2.62,2.5,2.2441689154029114,2.859875818601519,0.1200000000000001
2022-09-09,4.4965,4.4985,4.511995499999999,-0.000778080403841086,2.63,2.5,2.2274314968237316,2.853897997789078,0.1299999999999999
2022-09-12,4.504,4.506,4.519518,0.0016665744649559944,2.63,2.54,2.1957419795509896,2.8593177257403526,0.08999999999999986
2022-09-13,4.5075,4.509,4.522527,0.000776785257946333,2.63,2.45,2.1970025648115663,2.8557991404762824,0.17999999999999972
2022-09-14,4.526,4.528,4.541583999999999,0.004095871116010175,2.63,2.43,2.4360138076000926,2.7658318712749725,0.19999999999999973
2022-09-15,4.5325,4.5345,4.5481035,0.0014351164355235202,2.63,2.68,2.4471150073023726,2.437631072630078,-0.050000000000000266
2022-09-19,4.5455,4.548,4.561643999999999,0.0028640689329066937,2.63,2.53,2.5093254726351106,2.4642968083794217,0.10000000000000009
2022-09-20,4.554,4.556,4.569667999999999,0.0018682350617720278,2.63,2.47,2.5250980919991255,2.470502386439907,0.1599999999999997
2022-09-21,4.566,4.568,4.581703999999999,0.0026315804660559383,2.63,2.46,2.5766218763355444,2.491601014451957,0.16999999999999993
2022-09-22,4.5695,4.5715,4.5852145,0.0007662416225153734,2.63,2.65,2.510081729571779,2.49185429582451,-0.020000000000000018
2022-09-23,4.57,4.572,4.585716,0.00010941517599416528,2.65,2.59,2.51366476572809,2.4708016896079905,0.06000000000000005
2022-09-26,4.598,4.6,4.6137999999999995,0.006108221434876437,2.65,2.64,2.7763841383508012,2.6424441386904474,0.009999999999999787
2022-09-27,4.6115,4.613,4.626839,0.0029317573526468355,2.65,2.6,2.713534044901959,2.671342046135437,0.04999999999999982
2022-09-28,4.619,4.621,4.634863,0.0016250477548316322,2.65,2.5,2.681705589331699,2.669510669175425,0.1499999999999999
2022-09-29,4.646,4.648,4.661943999999999,0.005828402899749063,2.65,2.68,2.975439133319368,2.798245805139357,-0.03000000000000025
2022-09-30,4.641,4.643,4.656928999999999,-0.0010767740891786115,2.63,2.7,3.045166288933848,2.7767338678115747,-0.07000000000000028
2022-10-03,4.6495,4.652,4.6659559999999995,0.0018298266770762073,2.63,2.75,3.0489225651234544,2.7839203175804927,-0.1200000000000001
2022-10-04,4.645,4.647,4.660940999999999,-0.0009683146703132195,2.62,2.77,3.118843049011294,2.7967117849983905,-0.1499999999999999
2022-10-05,4.638,4.64,4.653919999999999,-0.0015081334324618112,2.64,2.74,3.217221228568086,2.817835537088068,-0.10000000000000009
2022-10-06,4.6305,4.633,4.6468989999999994,-0.0016183852051532277,2.64,2.94,3.31478815510499,2.760889995556576,-0.2999999999999998
2022-10-07,4.651,4.653,4.666958999999999,0.004417396613773272,2.63,2.92,3.4386329529108353,2.774538521610354,-0.29000000000000004
2022-10-11,4.672,4.674,4.688022,0.0045049952839659735,2.63,2.92,3.4299452984593457,2.8461488096666567,-0.29000000000000004
2022-10-12,4.685,4.687,4.701061,0.002778670164459651,2.63,2.91,3.3775928590397006,2.8491659912061684,-0.28000000000000025
2022-10-13,4.688,4.69,4.70407,0.0006401365843258233,2.63,3.23,3.3554370894788335,2.847163283604196,-0.6000000000000001
2022-10-14,4.698,4.7,4.714099999999999,0.0021308339620098593,2.63,3.18,3.292542255783633,2.8295176210057082,-0.5500000000000003
2022-10-17,4.717,4.719,4.733156999999999,0.004036118065403382,2.63,3.16,3.3125895699889836,2.8675461706504493,-0.5300000000000002
2022-10-18,4.718,4.72,4.734159999999999,0.0002119766833588166,2.63,3.08,3.3171674992619784,2.852944900011077,-0.4500000000000002
2022-10-19,4.721,4.723,4.737169,0.0006356605786663749,2.63,3.13,3.318073294890019,2.848943541681252,-0.5
2022-10-20,4.7285,4.73,4.74419,0.0015873859092800924,2.63,3.44,3.311795192643151,2.848903223114711,-0.81
2022-10-21,4.7375,4.739,4.753216999999999,0.0019015429351147972,2.63,3.42,3.300035815099832,2.814791869709049,-0.79
2022-10-25,4.741,4.743,4.757229,0.0007385135114366115,2.63,3.4,3.230105732984647,2.806798982039215,-0.77
2022-10-26,4.726,4.728,4.742183999999999,-0.0031689051552652447,2.63,3.36,3.4582668154908847,2.8671883863777987,-0.73
2022-10-27,4.7125,4.715,4.729144999999999,-0.002860625990586785,2.63,3.61,3.6980446395649222,2.7925460379569436,-0.98
2022-10-28,4.7215,4.724,4.738172,0.0019079929468575063,2.63,3.6,3.6931268875205916,2.7989623941602133,-0.9700000000000002
2022-10-31,4.7265,4.728,4.742183999999999,0.0010584251623151353,2.63,3.57,3.614996628592885,2.795253405758173,-0.94
2022-11-01,4.731,4.734,4.748201999999999,0.0009516257657091742,2.63,3.56,3.6178249278491705,2.785873804562783,-0.9300000000000002
2022-11-02,4.741,4.743,4.757229,0.0021114872709702137,2.63,3.53,3.5984030562186917,2.794292704959078,-0.8999999999999999
2022-11-03,4.746,4.748,4.762244,0.0010540740935907067,2.63,3.63,3.5970059667931134,2.794523236384875,-1.0
2022-11-04,4.7465,4.749,4.763246999999999,0.0001053463261442289,2.92,3.6,3.594928701471152,2.793697110376139,-0.6800000000000002
2022-11-07,4.744,4.746,4.760238,-0.000526842644291925,2.92,3.64,3.6307290994309107,2.799498526038965,-0.7200000000000002
2022-11-08,4.7425,4.745,4.759234999999999,-0.0003162388683921602,2.88,3.51,3.644411008804744,2.775317480562153,-0.6299999999999999
2022-11-09,4.718,4.72,4.734159999999999,-0.0051794418415487264,2.88,3.48,3.797957033691459,2.9510348529532617,-0.6000000000000001
2022-11-10,4.7058,4.7075,4.721622499999999,-0.0025891905209447508,2.88,3.58,3.872447285264471,3.003021132739956,-0.7000000000000002
2022-11-11,4.642,4.645,4.658934999999999,-0.01365048261229318,2.91,3.58,5.66336805844128,3.848374890925839,-0.6699999999999999
2022-11-14,4.586,4.59,4.603769999999999,-0.012137123416532614,2.91,3.58,6.4424072296649415,4.396764742243766,-0.6699999999999999
2022-11-15,4.5898,4.5925,4.6062775,0.0008282657026614793,2.91,3.62,6.449528082609353,4.395681940376382,-0.71
2022-11-16,4.54,4.545,4.558635,-0.010909438085117795,2.91,3.64,7.096390305580377,4.7807338264384045,-0.73
2022-11-17,4.55,4.555,4.568664999999999,0.0022002209096025904,2.91,3.8,7.148868869839646,4.791444731943547,-0.8899999999999997
2022-11-21,4.5595,4.564,4.577692,0.0020857354287240337,2.91,3.82,7.188846701924702,4.800105291046364,-0.9099999999999997
2022-11-22,4.577,4.58,4.5937399999999995,0.0038307932799219735,2.91,3.81,7.292460793544279,4.8224630517837275,-0.8999999999999999
2022-11-23,4.574,4.576,4.589727999999999,-0.000655666070915828,2.91,3.97,7.148819433677406,4.819023582762574,-1.06
2022-11-24,4.5225,4.525,4.538575,-0.011323157313276155,2.91,3.97,7.630659875962962,5.188626699620339,-1.06
2022-11-25,4.46,4.465,4.478394999999999,-0.013916172255340475,2.91,4.01,8.392359660115945,5.693378999982977,-1.0999999999999996
2022-11-29,4.506,4.509,4.522527,0.010261075978080125,2.91,3.92,9.056512210035663,5.9453379026799436,-1.0099999999999998
2022-11-30,4.475,4.48,4.49344,-0.006903490283234115,2.96,3.91,9.135559280319944,6.054514588540394,-0.9500000000000002
2022-12-01,4.4075,4.41,4.423229999999999,-0.015198716436930493,2.96,3.87,9.778830815251432,6.563835821375279,-0.9100000000000001
2022-12-02,4.3965,4.401,4.414203,-0.002498865452968513,2.96,3.75,9.750752881064257,6.568884498783886,-0.79
2022-12-05,4.367,4.372,4.385115999999999,-0.006732495333495736,2.96,3.75,9.788310548906134,6.659903979634834,-0.79
2022-12-06,4.3805,4.383,4.396148999999999,0.0030865986208574725,2.96,3.68,9.853444937092931,6.681626957728806,-0.7200000000000002
2022-12-07,4.4055,4.41,4.423229999999999,0.005690887200366035,2.96,3.6,10.061160799957975,6.753229386575171,-0.6400000000000001
2022-12-08,4.406,4.411,4.424232999999999,0.00011348805550381869,2.96,3.61,10.045719279720412,6.751996970271651,-0.6499999999999999
2022-12-09,4.3988,4.4015,4.4147045,-0.0016354719255089467,2.96,3.66,10.04591756349361,6.754668835835514,-0.7000000000000002
2022-12-12,4.4185,4.422,4.4352659999999995,0.004468495521279703,2.96,3.68,10.238904138474126,6.794619779358999,-0.7200000000000002
2022-12-13,4.4345,4.44,4.45332,0.0036145978584478655,2.96,3.71,10.309344557506892,6.821563454648298,-0.75
2022-12-14,4.415,4.42,4.43326,-0.0044070357784464775,2.93,3.73,10.285953545786448,6.8574804999159715,-0.7999999999999998
2022-12-15,4.4075,4.411,4.424232999999999,-0.0017001987660352214,2.93,3.79,10.242344021710068,6.862567167786074,-0.8599999999999999
2022-12-16,4.424,4.426,4.439278,0.0037366289301454803,2.93,3.78,10.31458456070808,6.8923402546009855,-0.8499999999999996
2022-12-19,4.4205,4.424,4.437272,-0.0007914523563117282,2.93,3.77,10.276127281625397,6.893346158545917,-0.8399999999999999
2022-12-20,4.435,4.438,4.451313999999999,0.003274803897820755,2.93,3.69,10.382927106134407,6.911540737928007,-0.7599999999999998
2022-12-21,4.4395,4.443,4.456328999999999,0.001014141728701734,2.96,3.66,10.414870078429777,6.911332925679865,-0.7000000000000002
2022-12-22,4.429,4.432,4.445296,-0.002367932549183216,2.96,3.65,10.399393784453126,6.922063514487994,-0.69
2022-12-23,4.4285,4.432,4.445296,-0.0001128986735605686,2.96,3.65,10.380285981314374,6.912271332521587,-0.69
2022-12-27,4.421,4.424,4.437272,-0.0016950114233944547,2.96,3.62,10.379940131935149,6.913728164883412,-0.6600000000000001
2022-12-28,4.432,4.435,4.4483049999999995,0.002485034600876679,2.96,3.57,9.857450677778303,6.911415335410534,-0.6099999999999999
2022-12-29,4.419,4.422,4.4352659999999995,-0.0029375232963799736,2.96,3.88,9.345615921689214,6.914099260686568,-0.9199999999999999
2022-12-30,4.413,4.415,4.4282449999999995,-0.001358695861192638,2.95,3.95,9.325101690842757,6.916714655046241,-1.0
2023-01-03,4.39,4.395,4.408184999999999,-0.005225503200330328,2.95,3.96,8.954781798710785,6.963508042465544,-1.0099999999999998
2023-01-04,4.4045,4.407,4.420221,0.0032975184806334212,2.93,4.0,8.995688936688513,6.983752973720482,-1.0699999999999998
2023-01-05,4.401,4.403,4.416208999999999,-0.0007949577387589279,2.93,4.12,8.946110839563953,6.98189628584592,-1.19
2023-01-06,4.3955,4.398,4.411193999999999,-0.0012504975198581736,2.93,4.14,8.819143639262423,6.9798434216746505,-1.2099999999999995
2023-01-09,4.3765,4.38,4.39314,-0.004331972118740701,2.93,4.17,8.85831537504359,7.013358650151812,-1.2399999999999998
2023-01-10,4.375,4.378,4.391133999999999,-0.0003427983807777757,2.93,4.2,8.354463989143678,7.007265663261373,-1.27
2023-01-11,4.375,4.378,4.391133999999999,0.0,2.94,4.2,7.421651377793065,7.006452228328899,-1.2600000000000002
2023-01-12,4.3675,4.3695,4.3826085,-0.0017157567835033305,2.94,4.37,6.666095341581345,6.988168920451479,-1.4300000000000002
2023-01-13,4.34,4.344,4.357032,-0.006316414913760893,2.94,4.38,6.623261534601775,7.0599214629007685,-1.44
2023-01-16,4.312,4.315,4.327945,-0.006472514505617477,2.94,4.38,5.363090575613933,7.133542744423098,-1.44
2023-01-17,4.3285,4.331,4.343993,0.003819228066995306,2.94,4.4,5.49306868874287,7.167878343739634,-1.4600000000000004
2023-01-18,4.3365,4.339,4.352017,0.0018465094686819228,2.94,4.39,5.205082142749798,7.175519007741285,-1.4499999999999997
2023-01-19,4.317,4.319,4.331956999999999,-0.00450685456903277,2.94,4.49,5.249257239407229,7.20464621701032,-1.5500000000000003
2023-01-20,4.294,4.296,4.308888,-0.0053420171167513075,2.94,4.48,5.092578561355516,7.231422228819681,-1.5400000000000005
2023-01-25,4.273,4.276,4.288828,-0.00490254279470137,2.94,4.47,5.215745107882687,7.268280145351167,-1.5299999999999998
2023-01-26,4.2505,4.253,4.265759,-0.0052795335866113735,2.94,4.49,5.357999279077,7.31074542603095,-1.5500000000000003
2023-01-27,4.2295,4.232,4.244695999999999,-0.004952840313344309,2.94,4.48,5.1938223469556855,7.335857838202155,-1.5400000000000005
2023-01-30,4.2375,4.24,4.25272,0.0018896899446363413,2.94,4.47,5.070039708531981,7.344554348248887,-1.5299999999999998
2023-01-31,4.2475,4.25,4.26275,0.0023571018573813607,2.94,4.45,5.1135605465732885,7.318213713440266,-1.5100000000000002
2023-02-02,4.241,4.244,4.2567319999999995,-0.0015314840714963918,2.94,4.49,5.112616027534567,7.310474151464217,-1.5500000000000003
2023-02-03,4.267,4.27,4.282809999999999,0.006111913713409578,2.99,4.48,5.355853574705502,7.375703673010679,-1.4900000000000002
2023-02-07,4.2945,4.297,4.3098909999999995,0.006424130018279461,2.99,4.49,5.794522671038622,7.459586042185315,-1.5
2023-02-08,4.2985,4.301,4.313903,0.0009309904082190901,2.92,4.51,5.684307061322789,7.443802187638984,-1.5899999999999999
2023-02-09,4.306,4.308,4.320924,0.0017432743098098058,2.92,4.53,5.711091047828288,7.450934756472728,-1.6100000000000003
2023-02-10,4.3305,4.333,4.345999,0.0056736098467908835,2.96,4.53,6.013448674827923,7.525007380191309,-1.5700000000000003
2023-02-13,4.3595,4.363,4.376089,0.006674363096770275,2.96,4.53,6.386104984032372,7.539875110040821,-1.5700000000000003
2023-02-14,4.3495,4.354,4.367062,-0.0022964759202741547,2.96,4.5,6.3980612877349134,7.521426163871759,-1.54
2023-02-15,4.384,4.386,4.399158,0.007900653680256164,2.96,4.51,6.800681391115676,7.647422047125321,-1.5499999999999998
2023-02-16,4.4025,4.405,4.418215,0.004211011742509596,2.96,4.53,6.880644777687994,7.613759774318887,-1.5700000000000003
2023-02-17,4.4295,4.432,4.445296,0.006114149481725839,2.96,4.51,7.101513048846882,7.695602616508837,-1.5499999999999998
2023-02-20,4.432,4.434,4.447302,0.0005642385750328494,2.97,4.51,6.918388315753917,7.687578433410951,-1.5399999999999996
2023-02-21,4.432,4.434,4.447302,0.0,2.97,4.5,6.86072971740386,7.687731013818408,-1.5299999999999998
2023-02-22,4.4365,4.439,4.452317,0.0010148278482724482,2.97,4.49,6.857801872697858,7.690154907655441,-1.52
2023-02-23,4.434,4.436,4.449307999999999,-0.0005636660991354958,2.97,4.53,6.847469499781078,7.687811469994219,-1.56
2023-02-24,4.4335,4.436,4.449307999999999,-0.00011277135619502943,2.97,4.55,6.707721255426822,7.64331287684739,-1.5799999999999996
2023-02-27,4.4725,4.475,4.488424999999999,0.008758196562812515,2.97,4.54,7.12226424254662,7.754996209328634,-1.5699999999999998
2023-02-28,4.4835,4.487,4.500461,0.0024564550092278647,2.97,4.52,7.135815558176921,7.75134335578657,-1.5499999999999994
2023-03-01,4.486,4.489,4.502466999999999,0.0005574446880514117,2.97,4.52,7.096019030252903,7.7510147908792435,-1.5499999999999994
2023-03-02,4.4765,4.479,4.492437,-0.002119945005943036,2.97,4.59,6.824607935354486,7.74296010680856,-1.6199999999999997
2023-03-03,4.4785,4.481,4.4944429999999995,0.00044667784103946673,2.97,4.59,6.447655992760122,7.706146822174508,-1.6199999999999997
2023-03-06,4.464,4.466,4.479398,-0.003242943854103064,2.97,4.59,6.528717554278939,7.717814166769016,-1.6199999999999997
2023-03-07,4.477,4.48,4.49344,0.002907954179818706,2.91,4.63,6.547509604730398,7.7375801467546745,-1.7199999999999998
2023-03-08,4.5225,4.525,4.538575,0.01011175902848449,2.91,4.59,6.83158303358165,7.93446132872408,-1.6799999999999997
2023-03-09,4.5245,4.527,4.5405809999999995,0.00044213552173766324,2.91,4.66,6.523231805495734,7.925733831447025,-1.75
2023-03-10,4.518,4.52,4.533559999999999,-0.0014376557632393983,2.93,4.64,6.289616315173986,7.924383642962969,-1.7099999999999995
2023-03-13,4.484,4.488,4.501464,-0.007553912835897902,2.93,4.45,6.54333450894994,7.999263673673049,-1.52
2023-03-14,4.48,4.483,4.496448999999999,-0.0008924587830196895,2.91,4.27,6.280693838937619,7.990177963502447,-1.3599999999999994
2023-03-15,4.471,4.473,4.486419,-0.0020109491750501807,2.98,4.06,6.383130011991847,7.982779935366405,-1.0799999999999996
2023-03-16,4.508,4.513,4.526539,0.008241498925686264,2.98,3.93,6.650939220035429,8.114579756428771,-0.9500000000000002
2023-03-17,4.4825,4.485,4.498455,-0.00567266968037905,2.98,4.18,6.943035604863831,8.15602948459057,-1.1999999999999997
2023-03-20,4.4805,4.484,4.497451999999999,-0.00044627915501371795,2.98,4.19,6.852480524854049,8.143176625450076,-1.2100000000000004
2023-03-21,4.4775,4.48,4.49344,-0.0006697923894072311,2.98,3.91,6.72829719186729,8.138202173332482,-0.9300000000000002
2023-03-22,4.472,4.474,4.487422,-0.0012291190999318413,2.98,3.98,6.770127246200956,8.137772190121948,-1.0
2023-03-23,4.4285,4.431,4.444292999999999,-0.009774809585297417,2.98,4.13,7.491946722785417,8.279329593180897,-1.15
2023-03-24,4.4265,4.429,4.442286999999999,-0.00045172219853384377,2.94,4.15,7.364545616942274,8.279152856212185,-1.2100000000000004
2023-03-27,4.4295,4.432,4.445296,0.0006775068009832186,2.94,4.07,7.145836971176175,8.24870354517485,-1.1300000000000003
2023-03-28,4.397,4.4,4.4132,-0.007364220671276955,2.94,4.1,7.463948437093107,8.31805802562844,-1.1599999999999997
2023-03-29,4.4008,4.4035,4.4167105,0.0008638523804382903,2.99,4.2,7.116923872593062,8.030490724817314,-1.21
2023-03-30,4.424,4.426,4.439278,0.005257921640922314,2.92,4.6,7.17535015574386,7.847889509987986,-1.6799999999999997
2023-03-31,4.409,4.411,4.424232999999999,-0.003396357844233089,2.92,4.6,7.017549453307782,7.8610016771159525,-1.6799999999999997
2023-04-03,4.4225,4.425,4.438274999999999,0.0030572406760027704,2.92,4.56,7.076688891670026,7.679968586125143,-1.6399999999999997
2023-04-04,4.4075,4.41,4.423229999999999,-0.003397511761915162,2.92,4.52,7.14191227410866,7.685666483330716,-1.5999999999999996
2023-04-05,4.396,4.398,4.411193999999999,-0.002612598748513273,2.96,4.48,7.1663062087176295,7.683654541535143,-1.5200000000000005
2023-04-06,4.4045,4.407,4.420221,0.0019317090263384351,2.94,4.44,7.194937512042748,7.660542792000304,-1.5000000000000004
2023-04-07,4.4025,4.405,4.418215,-0.0004541841794891699,2.94,4.43,7.195165430815711,7.660446583292459,-1.4899999999999998
2023-04-10,4.408,4.41,4.423229999999999,0.001248510462389163,2.92,4.39,6.69117013151537,7.439679056067412,-1.4699999999999998
2023-04-11,4.416,4.419,4.432256999999999,0.001813237124181022,2.92,4.09,6.669166570561731,7.080570505485197,-1.17
2023-04-12,4.4155,4.418,4.431254,-0.00011323104807448026,2.92,4.04,6.662706107616787,6.859666736529818,-1.12
2023-04-13,4.402,4.404,4.417211999999999,-0.003062094822450012,2.92,3.98,6.687815541405611,6.783471944516732,-1.06
2023-04-14,4.3885,4.391,4.404172999999999,-0.0030715000542347326,2.92,4.18,6.719481487551235,6.3103999296844115,-1.2599999999999998
2023-04-17,4.419,4.422,4.4352659999999995,0.006925943098567755,2.95,3.95,7.021556899918457,6.403142194016934,-1.0
2023-04-18,4.438,4.44,4.45332,0.00429039836179923,2.96,3.69,7.088201672139498,6.337538882250013,-0.73
2023-04-19,4.4315,4.434,4.447302,-0.0014656973140865226,2.96,3.68,6.369399465186204,6.324171575274883,-0.7200000000000002
2023-04-20,4.438,4.441,4.454323,0.0014656973140865226,2.96,3.32,6.391903863667446,6.258124957033277,-0.3599999999999999
2023-04-25,4.4415,4.444,4.457331999999999,0.0007883327172164556,2.96,3.92,6.400422349763635,6.259240821633519,-0.96
2023-04-26,4.461,4.463,4.476388999999999,0.004380798918509177,2.96,3.63,6.2002213188671895,6.2931702481090035,-0.6699999999999999
2023-04-27,4.458,4.46,4.47338,-0.0006727211824506529,2.96,4.16,6.1983275633321,6.25208297373515,-1.2000000000000002
2023-04-28,4.4585,4.46,4.47338,0.00011215162912003862,2.96,4.23,6.17385180678108,6.223721765542244,-1.2700000000000005
2023-05-02,4.461,4.463,4.476388999999999,0.0005605695533306143,2.92,4.33,5.652085834424012,6.178110580736667,-1.4100000000000001
2023-05-03,4.458,4.46,4.47338,-0.0006727211824506529,2.92,4.44,5.424048440250232,6.171951285223716,-1.5200000000000005
2023-05-05,4.438,4.44,4.45332,-0.004496410453274979,3.21,5.38,5.566303750280782,6.189328873766712,-2.17
2023-05-08,4.435,4.44,4.45332,-0.0006762087488594304,3.21,5.33,5.5663393294110675,6.188923131598877,-2.12
2023-05-09,4.441,4.443,4.456328999999999,0.0013519605484224595,3.17,5.4,5.579873987329533,6.168765380364882,-2.2300000000000004
2023-05-10,4.4535,4.4555,4.468866499999999,0.0028107275798219256,3.17,5.39,4.854602349978373,6.184310164094073,-2.2199999999999998
2023-05-11,4.455,4.457,4.470370999999999,0.00033675703298552406,3.17,5.59,4.850955852266173,6.171100431270284,-2.42
2023-05-12,4.479,4.481,4.4944429999999995,0.005372746302390485,3.17,5.57,5.075613820125891,6.234564135632054,-2.4000000000000004
2023-05-15,4.4995,4.502,4.515505999999999,0.004566472266703148,3.17,5.49,4.656279605219411,6.270715098686798,-2.3200000000000003
2023-05-16,4.4988,4.501,4.5145029999999995,-0.00015558494413658863,3.17,5.45,4.6638264405918175,6.258973465708826,-2.2800000000000002
2023-05-17,4.5195,4.522,4.535565999999999,0.00459067370859878,3.16,5.39,4.611299646101888,6.280003110536442,-2.2299999999999995
2023-05-18,4.5255,4.528,4.541583999999999,0.0013267000287600084,3.16,5.38,4.44586227618144,6.276602576683767,-2.2199999999999998
2023-05-19,4.553,4.555,4.568664999999999,0.006058288067556594,3.16,5.41,4.654389801720044,6.280368296249929,-2.25
2023-05-22,4.5385,4.541,4.554623,-0.0031897953681001567,3.16,5.5,4.637814738363474,6.289579714660065,-2.34
2023-05-23,4.55,4.558,4.571673999999999,0.0025306719783142473,3.15,5.51,4.530276866215786,6.297305959193706,-2.36
2023-05-24,4.584,4.586,4.599758,0.007444746449579265,3.18,5.62,4.881353504868571,6.401183481076821,-2.44
2023-05-25,4.6195,4.622,4.635865999999999,0.007714494716224429,3.18,5.71,5.1862925989869995,6.462581680471659,-2.53
2023-05-26,4.6345,4.639,4.6529169999999995,0.0032418442050874408,3.18,5.78,5.206564479401962,6.47559147112783,-2.6
2023-05-29,4.6035,4.606,4.6198179999999995,-0.00671143458798662,3.18,5.78,5.744627394417811,6.590738301632477,-2.6
2023-05-30,4.6125,4.615,4.628845,0.0019531256208820125,3.18,5.12,5.728959515190755,6.583367528393985,-1.94
2023-05-31,4.6165,4.62,4.633859999999999,0.0008668328638998801,3.18,5.08,5.570753993221746,6.478380390036041,-1.9
2023-06-01,4.612,4.614,4.627841999999999,-0.0009752398237328208,3.18,5.14,5.450288803674138,6.370793084080953,-1.9599999999999995
2023-06-02,4.591,4.593,4.6067789999999995,-0.004563737139727575,3.15,5.12,5.501923494517348,6.410646313746146,-1.9700000000000002
2023-06-06,4.5985,4.601,4.614802999999999,0.001632298093529938,3.17,4.99,5.428688832247323,6.409618347916971,-1.8200000000000003
2023-06-07,4.606,4.608,4.621823999999999,0.0016296380378784114,3.15,4.91,5.371216067785601,6.35176599663529,-1.7600000000000002
2023-06-08,4.618,4.621,4.634863,0.0026019095338101206,3.15,5.09,5.384571848447182,6.275735351582042,-1.94
2023-06-09,4.612,4.614,4.627841999999999,-0.001300108525490895,3.15,5.09,5.436439062154478,6.211538053144858,-1.94
2023-06-12,4.618,4.621,4.634863,0.001300108525490895,3.15,5.08,5.355265658046268,6.124716174118119,-1.9300000000000002
2023-06-13,4.6205,4.623,4.636869,0.0005412134136544289,3.15,5.03,5.330805364470277,6.0439808161245345,-1.8800000000000003
2023-06-14,4.6195,4.622,4.635865999999999,-0.00021645021729521652,3.16,5.01,5.337443781727828,6.045303945047994,-1.8499999999999996
2023-06-15,4.6355,4.638,4.651914,0.0034575939362373465,3.16,5.02,5.374028390411782,6.0553065766731144,-1.8599999999999994
2023-06-16,4.618,4.621,4.634863,-0.003782357132596559,3.16,5.02,5.545019608515112,6.093243027999085,-1.8599999999999994
2023-06-19,4.614,4.616,4.629847999999999,-0.0008665511807417481,3.16,5.02,5.317517915670873,6.037366118478396,-1.8599999999999994
2023-06-20,4.6375,4.64,4.653919999999999,0.005080268181991698,3.16,5.01,5.3931493955587255,6.006461453768947,-1.8499999999999996
2023-06-21,4.649,4.651,4.664953,0.0024767147748940843,3.16,5.0,5.400526206442103,6.012589871428896,-1.8399999999999999
2023-06-22,4.6515,4.655,4.668965,0.0005376055180288386,3.16,5.02,5.39370791398488,6.0110215701890075,-1.8599999999999994
2023-06-23,4.676,4.678,4.692034,0.005253295383345513,3.16,5.01,5.492845905141906,6.001890944628257,-1.8499999999999996
2023-06-26,4.6845,4.688,4.702063999999999,0.001816142799283993,3.16,5.01,5.376848035919728,5.923003620740632,-1.8499999999999996
2023-06-27,4.664,4.668,4.682004,-0.004385737360914854,3.16,5.0,5.555557422959197,5.9640940021252735,-1.8399999999999999
2023-06-28,4.667,4.67,4.68401,0.0006430179194873986,3.16,5.0,5.54347149717854,5.840971862976305,-1.8399999999999999
2023-06-30,4.679,4.682,4.696046,0.0025679449164006662,3.38,5.08,5.467182247252154,5.819398486900883,-1.7000000000000002
2023-07-03,4.6675,4.67,4.68401,-0.002460815450338494,3.38,5.1,5.566218572703888,5.769219785220154,-1.7199999999999998
2023-07-04,4.664,4.666,4.679997999999999,-0.0007501473855495711,3.33,5.1,5.378349905877578,5.77352200963778,-1.7699999999999996
2023-07-05,4.6465,4.649,4.662947,-0.003759201032934145,3.33,5.1,5.417471272186301,5.818068970123667,-1.7699999999999996
2023-07-06,4.659,4.662,4.675985999999999,0.0026865848194026487,3.41,5.15,5.422026175275771,5.828768162447252,-1.7400000000000002
2023-07-07,4.671,4.674,4.688022,0.0025723486853113098,3.43,5.16,5.075099758369971,5.835515874214024,-1.73
2023-07-10,4.668,4.67,4.68401,-0.0006424670956612921,3.44,5.16,4.618324333317549,5.837965335979788,-1.7200000000000002
2023-07-11,4.661,4.664,4.677991999999999,-0.0015006970337059222,3.44,5.16,4.564336937421651,5.680959118651736,-1.7200000000000002
2023-07-12,4.649,4.651,4.664953,-0.0025778746821560894,3.39,5.16,4.160588908659828,5.693276731298153,-1.77
2023-07-13,4.6075,4.61,4.62383,-0.00896673214660626,3.36,5.21,4.923665297522948,5.905069705266682,-1.85
2023-07-14,4.52,4.523,4.536568999999999,-0.019173416717701564,3.31,5.2,7.404922877866528,6.734008625131639,-1.8900000000000001
2023-07-17,4.555,4.559,4.572677,0.007713536867781867,3.28,5.19,7.795197746862141,6.853106794119719,-1.9100000000000006
2023-07-18,4.5355,4.538,4.551614,-0.004290199639059855,3.25,5.18,7.782939317790655,6.870172201598164,-1.9299999999999997
2023-07-20,4.5485,4.551,4.564653,0.0028621772071175666,3.27,5.27,7.818999528596669,6.869661135365876,-1.9999999999999996
2023-07-21,4.5525,4.555,4.568664999999999,0.0008790243396465947,3.27,5.26,7.80537974193833,6.6621503324439795,-1.9899999999999998
2023-07-24,4.575,4.577,4.590731,0.00493016610785868,3.23,5.26,7.9113654812717895,6.711328813961499,-2.03
2023-07-25,4.5663,4.569,4.582706999999999,-0.0019034497558909624,3.23,5.28,7.919842712542685,6.71484805459977,-2.0500000000000003
2023-07-26,4.5605,4.563,4.576688999999999,-0.001270982333517523,3.23,5.27,7.908851239298481,6.5927831012720315,-2.0399999999999996
2023-07-27,4.5295,4.532,4.545596,-0.00682070851087091,3.23,5.27,8.116386784228379,6.694141924362218,-2.0399999999999996
2023-07-28,4.5463,4.55,4.563649999999999,0.003702157206714851,3.23,5.26,8.213996502807586,6.710837768440799,-2.03
2023-07-31,4.5405,4.543,4.556629,-0.0012765771861742436,3.23,5.27,8.128316235570793,6.574938481152234,-2.0399999999999996
2023-08-01,4.516,4.519,4.532557,-0.00541049186033038,3.23,5.28,8.195555964920183,6.568586905853644,-2.0500000000000003
2023-08-02,4.5395,4.542,4.555625999999999,0.005190227542259507,3.23,5.27,8.373778675415164,6.623220119888976,-2.0399999999999996
2023-08-03,4.5545,4.557,4.570671,0.0032988813730525646,3.23,5.28,8.285283800142665,6.6426542811873155,-2.0500000000000003
2023-08-04,4.548,4.55,4.563649999999999,-0.0014281793144379495,3.23,5.27,8.236348304991283,6.643941333564489,-2.0399999999999996
2023-08-07,4.554,4.556,4.569667999999999,0.001318391753258208,3.23,5.27,8.249905586881818,6.428799092305103,-2.0399999999999996
2023-08-08,4.5735,4.577,4.590731,0.0042728084727343685,3.23,5.28,8.19305800463939,6.46146431701967,-2.0500000000000003
2023-08-09,4.5795,4.582,4.595745999999999,0.0013110457466229963,3.23,5.25,8.18066929099798,6.463206881790794,-2.02
2023-08-10,4.5735,4.576,4.589727999999999,-0.0013110457466229963,3.27,5.28,8.110344421277814,6.336228419912128,-2.0100000000000002
2023-08-11,4.5805,4.583,4.596749,0.0015293863588441425,3.25,5.28,8.126705966334793,6.338475311284424,-2.0300000000000002
2023-08-14,4.613,4.616,4.629847999999999,0.007070242102557245,3.24,5.28,8.381132222387425,6.384529666790171,-2.04
2023-08-15,4.629,4.632,4.645896,0.0034624574734498648,3.24,5.27,8.434736233256105,6.3702208658903166,-2.0299999999999994
2023-08-16,4.642,4.645,4.658934999999999,0.00280444580311201,3.24,5.26,8.480169320201577,6.367533452257894,-2.0199999999999996
2023-08-17,4.6465,4.648,4.661943999999999,0.0009689401630115224,3.24,5.28,8.416152374075232,6.332941110981636,-2.04
2023-08-18,4.642,4.645,4.658934999999999,-0.0009689401630115224,3.24,5.27,8.381366261766889,6.315377798088321,-2.0299999999999994
2023-08-21,4.6525,4.655,4.668965,0.00225940168202321,3.24,5.28,8.373111417905433,6.3175646490834945,-2.04
2023-08-22,4.649,4.651,4.664953,-0.0007525668258210327,3.24,5.27,8.373755144928923,6.319183079409233,-2.0299999999999994
2023-08-23,4.6535,4.655,4.668965,0.0009674819351805919,3.24,5.28,8.369353908608314,6.31854811488754,-2.04
2023-08-24,4.6415,4.644,4.657932,-0.00258203478577812,3.24,5.28,8.36946302264626,6.337471052002827,-2.04
2023-08-25,4.6515,4.654,4.667961999999999,0.0021521583686263668,3.24,5.29,7.950447424149034,6.342059497054307,-2.05
2023-08-28,4.652,4.654,4.667961999999999,0.0001074864299415168,3.24,5.29,5.396972697977353,6.312650203837281,-2.05
2023-08-29,4.647,4.65,4.66395,-0.001075384553576697,3.24,5.27,5.029854684500477,6.288445122096276,-2.0299999999999994
2023-08-30,4.638,4.641,4.654922999999999,-0.0019386112695014557,3.24,5.29,4.872184796073401,6.21186396577826,-2.05
2023-09-01,4.641,4.643,4.656928999999999,0.0006466214256988234,3.24,5.28,4.830659588528152,6.1793698896958436,-2.04
2023-09-04,4.655,4.658,4.671974,0.003012050469991756,3.25,5.28,4.877964939171346,6.184524713378708,-2.0300000000000002
2023-09-05,4.6605,4.663,4.676989,0.0011808277900442476,3.25,5.27,4.716613680843332,6.18350977051523,-2.0199999999999996
2023-09-06,4.671,4.673,4.687018999999999,0.002250443000896274,3.25,5.28,4.677194324275473,6.189985350556193,-2.0300000000000002
2023-09-07,4.6745,4.677,4.691030999999999,0.0007490236292624353,3.25,5.28,4.63760945624196,6.156247757254613,-2.0300000000000002
2023-09-08,4.676,4.678,4.692034,0.00032083846058861276,3.25,5.28,4.0378911698989075,6.153044028391965,-2.0300000000000002
2023-09-11,4.677,4.68,4.694039999999999,0.0002138351339271427,3.24,5.28,3.9655451225542446,6.152871809580026,-2.04
2023-09-12,4.675,4.677,4.691030999999999,-0.0004277160030987659,3.25,5.28,3.9317131559560208,6.154962090826279,-2.0300000000000002
2023-09-13,4.6805,4.683,4.697048999999999,0.001175779089012119,3.28,5.28,3.4344242563774006,6.152586013786489,-2.0000000000000004
2023-09-14,4.6813,4.6835,4.6975505,0.00017090730456681413,3.22,5.28,3.2286708574380008,6.093668756385032,-2.06
2023-09-15,4.6785,4.681,4.695042999999999,-0.0005983034003986809,3.22,5.28,3.187507755424802,6.093223232432419,-2.06
2023-09-18,4.6858,4.688,4.702063999999999,0.0015591131165719752,3.24,5.29,3.115041521687473,6.094051506476088,-2.05
2023-09-19,4.694,4.696,4.710087999999999,0.0017484385784292122,3.24,5.29,3.1214084931781305,6.0857079738593365,-2.05
2023-09-20,4.6945,4.697,4.711091,0.00010651328763322532,3.25,5.29,2.9729190778471155,6.086095185563651,-2.04
2023-09-21,4.6845,4.687,4.701061,-0.0021324243073590488,3.25,5.29,3.0936367396152997,6.048266679062342,-2.04
2023-09-22,4.6875,4.69,4.70407,0.0006402048874232236,3.25,5.29,3.031429429386525,6.009049281235416,-2.04
2023-09-25,4.684,4.686,4.700057999999999,-0.0007469455610582543,3.25,5.3,3.056870466685049,6.011564374652155,-2.05
2023-09-26,4.692,4.695,4.709085,0.0017064850557582112,3.26,5.3,2.4217061687390453,5.974549757048965,-2.04
2023-09-27,4.7065,4.709,4.723126999999999,0.003085601213908662,3.26,5.3,2.384719713792326,5.9893706136144305,-2.04
2023-09-29,4.69,4.693,4.707078999999999,-0.0035119495469497775,3.3,5.29,2.5626564777964123,5.948940735103543,-1.9900000000000002
2023-10-02,4.7045,4.707,4.721120999999999,0.003086915006495383,3.3,5.29,2.678516805959419,5.9365084504458565,-1.9900000000000002
2023-10-03,4.725,4.727,4.741181,0.004348063481022679,3.25,5.28,2.8760586320540216,5.962716291144423,-2.0300000000000002
2023-10-04,4.735,4.737,4.751211,0.002114165692335579,3.24,5.29,2.8690358034063324,5.85054456285043,-2.05
2023-10-05,4.721,4.723,4.737169,-0.0029610850738919225,3.24,5.3,3.025693052964301,5.742289071913724,-2.0599999999999996
2023-10-06,4.7195,4.722,4.736166,-0.0003177797812876637,3.24,5.32,3.0318146888468576,5.720477450196441,-2.08
2023-10-09,4.724,4.726,4.740177999999999,0.000953036552253872,3.24,5.32,2.8925571974930167,5.600720070580915,-2.08
2023-10-10,4.7345,4.737,4.751211,0.0022202261063017925,3.25,5.33,2.895822579855013,5.603147569808755,-2.08
2023-10-11,4.7265,4.729,4.743187,-0.0016911535581158876,3.25,5.31,2.967865369940212,5.612034091051081,-2.0599999999999996
2023-10-12,4.7215,4.723,4.737169,-0.0010584251623151353,3.25,5.34,2.967072373263322,5.612570446426163,-2.09
2023-10-13,4.7335,4.736,4.750207999999999,0.002538340865822164,3.27,5.33,2.926820976632217,5.565332692225782,-2.06
2023-10-16,4.739,4.741,4.755222999999999,0.0011612563986422852,3.28,5.31,2.930119057732457,5.562792388525115,-2.03
2023-10-17,4.732,4.734,4.748201999999999,-0.0014781968693107217,3.29,5.31,2.910716511084819,5.566609967857975,-2.0199999999999996
2023-10-18,4.7405,4.743,4.757229,0.00179466925973637,3.29,5.3,2.927721582484671,5.558791080379721,-2.01
2023-10-19,4.762,4.764,4.7782919999999995,0.004525132688794065,3.37,5.31,3.1099140122177555,5.596914755743163,-1.9399999999999995
2023-10-20,4.775,4.777,4.791331,0.002726225868022736,3.37,5.29,3.1680165314204625,5.60880361341858,-1.92
2023-10-23,4.78,4.783,4.797349,0.0010465725706709783,3.3,5.31,3.1672709688205645,5.609874025215999,-2.01
2023-10-24,4.7795,4.782,4.796346,-0.00010460798168443475,3.3,5.3,3.1731482144067833,5.609570183730205,-2.0
2023-10-25,4.776,4.778,4.792333999999999,-0.0007325624313792023,3.4,5.29,3.183963202506692,5.588221593111121,-1.8900000000000001
2023-10-26,4.7875,4.79,4.80437,0.002404978416463255,3.31,5.3,3.2192412316576475,5.555053900561802,-1.9899999999999998
2023-10-27,4.7755,4.778,4.792333999999999,-0.0025096740141090645,3.31,5.3,3.352384713386406,5.57244281664038,-1.9899999999999998
2023-10-30,4.757,4.76,4.774279999999999,-0.003881463042510802,3.31,5.29,3.5866757559685025,5.5602746147740625,-1.98
2023-10-31,4.766,4.768,4.782303999999999,0.0018901612264059509,3.31,5.29,3.5960032129332573,5.55458459895553,-1.98
2023-11-01,4.7735,4.776,4.790328,0.001572409779400541,3.31,5.29,3.5913310372892635,5.558661100089989,-1.98
2023-11-02,4.7525,4.755,4.769264999999999,-0.0044089930755035756,3.28,5.29,3.8686099229642688,5.549392422738483,-2.0100000000000002
2023-11-03,4.7395,4.742,4.756226,-0.0027391504694880275,3.28,5.29,3.9070547540784526,5.56370304216016,-2.0100000000000002
2023-11-06,4.6665,4.67,4.68401,-0.015522318887294828,3.28,5.29,6.041752351931604,6.105336296456477,-2.0100000000000002
2023-11-07,4.6605,4.663,4.676989,-0.0012865875045897646,3.28,5.29,6.048408851345126,6.108172607215183,-2.0100000000000002
2023-11-08,4.67,4.674,4.688022,0.002036333161731241,3.28,5.28,6.0580380167978145,6.102451323591778,-2.0000000000000004
2023-11-09,4.684,4.686,4.700057999999999,0.0029933740546650434,3.28,5.29,6.053806296013833,6.10896107384241,-2.0100000000000002
2023-11-10,4.7215,4.724,4.738172,0.007974099985515792,3.34,5.29,6.406165717910745,6.249846046302702,-1.9500000000000002
2023-11-14,4.72,4.723,4.737169,-0.00031774612352286624,3.34,5.28,6.349657011018659,6.215548630734571,-1.9400000000000004
2023-11-15,4.659,4.661,4.674982999999999,-0.013007966762804246,3.34,5.28,7.268907781588488,6.580061266915138,-1.9400000000000004
2023-11-16,4.7105,4.713,4.727138999999999,0.010993226671925704,3.34,5.29,7.965259214935711,6.819779283833122,-1.9500000000000002
2023-11-17,4.6835,4.686,4.700057999999999,-0.005748365839536973,3.35,5.29,8.090028384904185,6.888553823259097,-1.94
2023-11-20,4.664,4.666,4.679997999999999,-0.004172244618857235,3.35,5.29,8.16892513242416,6.919871656427949,-1.94
2023-11-21,4.6475,4.65,4.66395,-0.003544008434729129,3.35,5.28,8.208354015637422,6.931968667638272,-1.9300000000000002
2023-11-22,4.6668,4.6685,4.6825054999999995,0.0041441713541028324,3.35,5.31,8.283257149882784,6.797829989879829,-1.9599999999999995
2023-11-23,4.6865,4.689,4.703067,0.0042124232368385695,3.35,5.31,8.384353084846811,5.995304515000948,-1.9599999999999995
2023-11-24,4.685,4.687,4.701061,-0.0003201195140178914,3.35,5.31,8.381151841039376,5.867235116833077,-1.9599999999999995
2023-11-27,4.6805,4.683,4.697048999999999,-0.0009609738607230245,3.35,5.3,8.340939482643012,5.819536661040736,-1.9499999999999997
2023-11-28,4.6725,4.675,4.689024999999999,-0.001710681482081533,3.35,5.3,8.33649562968405,5.813938568605886,-1.9499999999999997
2023-11-29,4.6475,4.65,4.66395,-0.005364819734118953,3.35,5.29,8.45259349749894,5.889680704858516,-1.94
2023-11-30,4.653,4.655,4.668965,0.0011827322490494119,3.35,5.29,8.439375115549593,5.838150128174997,-1.94
2023-12-01,4.6775,4.68,4.694039999999999,0.0052516063035963345,3.35,5.29,8.480396042426321,5.888131536903668,-1.94
2023-12-04,4.661,4.663,4.676989,-0.0035337617755040185,3.35,5.29,8.461300248796894,5.916973669934673,-1.94
2023-12-05,4.6665,4.669,4.683006999999999,0.001179308633060705,3.35,5.28,8.463911969431717,5.796795999328683,-1.9300000000000002
2023-12-06,4.673,4.675,4.689024999999999,0.0013919376946247564,3.35,5.27,8.485698029328164,5.7715907360303556,-1.9199999999999995
2023-12-07,4.677,4.679,4.6930369999999995,0.0008556150254599437,3.31,5.26,8.498474976667698,5.766067770416753,-1.9499999999999997
2023-12-08,4.666,4.668,4.682004,-0.002354705144510749,3.32,5.28,8.459320234930262,5.70226072911608,-1.9600000000000004
2023-12-11,4.6815,4.683,4.697048999999999,0.0033163977975683157,3.32,5.28,8.52864629181969,5.665850736566801,-1.9600000000000004
2023-12-12,4.6845,4.687,4.701061,0.0006406150122992837,3.32,5.27,8.480912160011828,5.643991830948417,-1.9499999999999997
2023-12-13,4.705,4.707,4.721120999999999,0.004366586628236968,3.34,5.26,8.571746841039829,5.676582433612935,-1.92
2023-12-14,4.6615,4.664,4.677991999999999,-0.009288488282731544,3.34,5.28,8.922158890930183,5.899860376401911,-1.9400000000000004
2023-12-15,4.6655,4.668,4.682004,0.0008577249373280527,3.34,5.27,8.86700066316254,5.861630498074413,-1.9299999999999997
2023-12-18,4.6845,4.687,4.701061,0.004064176717166523,3.34,5.25,8.94433587780652,5.894136540388988,-1.9100000000000001
2023-12-19,4.679,4.682,4.696046,-0.0011747745250267894,3.34,5.24,7.7173780492865385,5.893157430992321,-1.9000000000000004
2023-12-20,4.6525,4.655,4.668965,-0.005679702349810523,3.37,5.24,7.888565102867941,5.9718987477599486,-1.87
2023-12-21,4.6505,4.653,4.666958999999999,-0.0004299688338840202,3.37,5.27,7.8640339070424226,5.857415443274809,-1.8999999999999995
2023-12-22,4.6345,4.636,4.649908,-0.003446422366634394,3.37,5.27,7.862590423914563,5.858870020670732,-1.8999999999999995
2023-12-26,4.6175,4.621,4.634863,-0.003674885242492376,3.37,5.27,7.50722348643266,5.871769909561888,-1.8999999999999995
2023-12-27,4.633,4.636,4.649908,0.0033511733432534108,3.37,5.28,7.599994927038106,5.897052561327035,-1.9100000000000001
2023-12-28,4.617,4.62,4.633859999999999,-0.003459462909659372,3.34,5.31,6.697863709487595,5.922921641848256,-1.9699999999999998
2023-12-29,4.5915,4.595,4.608784999999999,-0.005538375453412181,3.34,5.33,5.9469659387893765,5.979911634716168,-1.9900000000000002
2024-01-02,4.6025,4.605,4.618815,0.002392866053656073,3.32,5.28,5.831583261760233,5.994033620065471,-1.9600000000000004
2024-01-03,4.6335,4.635,4.648904999999999,0.0067128879195130775,3.32,5.27,6.096509896460868,6.099494148194971,-1.9499999999999997
2024-01-04,4.639,4.641,4.654922999999999,0.0011863037249977282,3.33,5.29,6.026050202726971,6.087745946972026,-1.96
2024-01-05,4.6505,4.653,4.666958999999999,0.0024759149307780337,3.33,5.28,5.943722933152394,6.0912357714076855,-1.9500000000000002
2024-01-08,4.65,4.652,4.6659559999999995,-0.0001075211011196675,3.34,5.28,5.800456244715133,6.091232207263482,-1.9400000000000004
2024-01-09,4.6435,4.645,4.658934999999999,-0.0013988273653389172,3.34,5.28,5.8098355470984915,6.093082027560714,-1.9400000000000004
2024-01-10,4.649,4.651,4.664953,0.0011837504745215721,3.34,5.27,5.821763680280844,6.08747284569273,-1.9299999999999997
2024-01-11,4.642,4.644,4.657932,-0.0015068348562021772,3.26,5.28,5.817541809180947,6.091923128879715,-2.0200000000000005
2024-01-12,4.6435,4.646,4.6599379999999995,0.00032308438168060505,3.29,5.28,5.610164917058776,6.070888726951318,-1.9900000000000002
2024-01-15,4.6495,4.652,4.6659559999999995,0.0012912947021888055,3.29,5.28,5.61228981953055,6.071539376083223,-1.9900000000000002
2024-01-16,4.6835,4.686,4.700057999999999,0.007286006730933492,3.29,5.29,5.806126619926152,6.182459640630536,-2.0
2024-01-17,4.7155,4.718,4.7321539999999995,0.006809261334753902,3.28,5.29,6.022321756624843,6.2847444413084,-2.0100000000000002
2024-01-18,4.717,4.72,4.734159999999999,0.0003180493003223095,3.28,5.26,6.017653102019071,6.2847416462715415,-1.98
2024-01-19,4.714,4.716,4.730148,-0.0006361997881851877,3.28,5.28,6.016104155947082,6.285903684526829,-2.0000000000000004
2024-01-22,4.7255,4.729,4.743187,0.002436570939034377,3.28,5.27,6.046366105005504,6.297517204073818,-1.9899999999999998
2024-01-23,4.732,4.734,4.748201999999999,0.0013745706631667076,3.28,5.28,5.998146155134748,6.298549178876211,-2.0000000000000004
2024-01-24,4.734,4.736,4.750207999999999,0.0004225649756517402,3.28,5.27,5.937066032643955,6.298745739256348,-1.9899999999999998
2024-01-26,4.727,4.729,4.743187,-0.0014797592806927717,3.28,5.27,5.960480737983804,6.303334571834715,-1.9899999999999998
2024-01-29,4.7315,4.734,4.748201999999999,0.0009515251550507031,3.28,5.27,5.839010245573144,6.300211210422381,-1.9899999999999998
2024-01-30,4.7285,4.731,4.7451929999999996,-0.0006342494927202846,3.31,5.27,5.112082354960225,6.29525674084276,-1.9599999999999995
2024-01-31,4.7305,4.733,4.747198999999999,0.00042287768893212174,3.25,5.27,5.110811887662127,6.295515100504378,-2.0199999999999996
2024-02-02,4.7295,4.732,4.746195999999999,-0.00021141649127387474,3.25,5.28,4.997871069040081,6.284554721512597,-2.0300000000000002
2024-02-05,4.756,4.758,4.7722739999999995,0.005587490157447306,3.26,5.28,5.202377327702362,6.350633499109549,-2.0200000000000005
2024-02-06,4.762,4.764,4.7782919999999995,0.001260769236135495,3.25,5.27,4.858379481386622,6.351390414224441,-2.0199999999999996
2024-02-07,4.7665,4.768,4.782303999999999,0.0009445348868248882,3.25,5.26,4.845059666504886,6.34749568826065,-2.01
2024-02-08,4.7645,4.766,4.780297999999999,-0.00041968314538998186,3.31,5.28,4.690333753053382,6.329058913150306,-1.9700000000000002
2024-02-09,4.7725,4.775,4.789325,0.0016776768116597562,3.31,5.28,4.486590269050687,6.303886651227695,-1.9700000000000002
2024-02-13,4.766,4.768,4.782303999999999,-0.0013628979412152464,3.26,5.27,4.4891328591711055,6.290020978285541,-2.01
2024-02-14,4.7835,4.786,4.800357999999999,0.0036651174595345726,3.26,5.28,4.354819675029412,6.2781242930169405,-2.0200000000000005
2024-02-15,4.7785,4.781,4.795342999999999,-0.0010458064119875932,3.28,5.28,3.926012335662648,6.272206893980163,-2.0000000000000004
2024-02-16,4.7795,4.782,4.796346,0.00020924879758288384,3.25,5.28,3.9256842986502853,6.250772053056185,-2.0300000000000002
2024-02-19,4.782,4.784,4.7983519999999995,0.0005229305144527352,3.25,5.28,3.572276251004084,6.2506237897247825,-2.0300000000000002
2024-02-20,4.792,4.795,4.809385,0.00208899177701527,3.25,5.29,3.5847936826984803,6.257661912314651,-2.04
2024-02-21,4.792,4.794,4.808381999999999,0.0,3.25,5.29,3.5729153564329557,6.247973548897753,-2.04
2024-02-22,4.7925,4.795,4.809385,0.00010433512451446525,3.25,5.28,3.5677372835643206,6.2403405111487515,-2.0300000000000002
2024-02-23,4.777,4.779,4.793336999999999,-0.003239461529837895,3.25,5.29,3.7125015736683773,6.262970576766954,-2.04
2024-02-26,4.7765,4.779,4.793336999999999,-0.00010467367989863696,3.25,5.29,3.724057998069318,6.249792908990879,-2.04
2024-02-27,4.779,4.781,4.795342999999999,0.0005232588680950112,3.25,5.3,3.6558128193139314,6.247638228295931,-2.05
2024-02-28,4.761,4.763,4.777289,-0.003773589383639475,3.25,5.29,3.903200236409586,6.275730667577122,-2.04
2024-02-29,4.763,4.765,4.779294999999999,0.000419991606341652,3.25,5.3,3.902478827425086,6.269233077808417,-2.05
2024-03-01,4.7385,4.74,4.75422,-0.005157091890610754,3.25,5.3,3.770607191541448,6.282984017867725,-2.05
2024-03-04,4.7285,4.731,4.7451929999999996,-0.0021126024546826994,3.25,5.28,3.308944619760807,6.274502957357228,-2.0300000000000002
2024-03-05,4.7265,4.729,4.743187,-0.00042305659012797925,3.25,5.27,3.3115111047546932,6.271659507219418,-2.0199999999999996
2024-03-06,4.731,4.733,4.747198999999999,0.0009516257657091742,3.25,5.27,3.3141842862876754,6.274246889805744,-2.0199999999999996
2024-03-07,4.7115,4.713,4.727138999999999,-0.004130267984337133,3.25,5.28,3.458661154296758,6.309402841860429,-2.0300000000000002
2024-03-08,4.6925,4.695,4.709085,-0.0040408391861470605,3.25,5.28,3.610955873795803,6.327630533066723,-2.0300000000000002
2024-03-11,4.6845,4.686,4.700057999999999,-0.001706303069420878,3.25,5.27,3.6276681937495363,6.320833428435646,-2.0199999999999996
2024-03-12,4.6825,4.685,4.6990549999999995,-0.00042703107299946197,3.25,5.29,3.6119856327169004,6.290435745655662,-2.04
2024-03-13,4.6845,4.687,4.701061,0.00042703107299946197,3.27,5.29,3.5991768291866357,6.281590544970189,-2.02
2024-03-14,4.688,4.69,4.70407,0.0007468658656053506,3.27,5.29,3.6113624082764217,6.276543073130167,-2.02
2024-03-15,4.7025,4.705,4.7191149999999995,0.0030882299183370154,3.27,5.29,3.7372969607326243,6.2595684205121795,-2.02
2024-03-18,4.7165,4.719,4.733156999999999,0.002972716914722451,3.25,5.29,3.848578064980145,6.264799995431712,-2.04
2024-03-19,4.728,4.73,4.74419,0.00243528099602619,3.25,5.29,3.5404720176932476,5.704994834701392,-2.04
2024-03-20,4.74,4.743,4.757229,0.002534855603188113,3.26,5.27,3.6047260556373186,5.713663938324372,-2.01
2024-03-21,4.702,4.704,4.718112,-0.008049185589107388,3.29,5.27,4.250993351629539,5.868421216324174,-1.9799999999999995
2024-03-22,4.7405,4.743,4.757229,0.008154665257999127,3.29,5.27,4.929293178136108,6.0030811528108945,-1.9799999999999995
2024-03-25,4.7285,4.731,4.7451929999999996,-0.002534587902446983,3.26,5.28,4.94337570152197,5.870519452548236,-2.0200000000000005
2024-03-26,4.722,4.724,4.738172,-0.0013755888101085745,3.25,5.27,4.943612230659824,5.874891668798219,-2.0199999999999996
2024-03-27,4.7295,4.731,4.7451929999999996,0.0015870500077668215,3.28,5.27,4.833913262792242,5.451947116186655,-1.9899999999999998
2024-03-29,4.7285,4.731,4.7451929999999996,-0.000211461197658247,3.28,5.29,4.829950429976088,5.135127099555456,-2.0100000000000002
2024-04-01,4.7235,4.726,4.740177999999999,-0.0010579772463779058,3.28,5.29,4.831149998419643,5.044544221713211,-2.0100000000000002
2024-04-02,4.749,4.751,4.7652529999999995,0.005384019339932822,3.27,5.29,5.108681810442708,5.06906736809027,-2.02
2024-04-03,4.75,4.752,4.766255999999999,0.00021054847956514244,3.27,5.27,5.063368336807369,5.029310708045179,-1.9999999999999996
2024-04-04,4.74,4.742,4.756226,-0.0021074823395648146,3.26,5.26,5.089529035149245,5.000696193783846,-2.0
2024-04-05,4.746,4.748,4.762244,0.0012650223065868715,3.25,5.27,5.109880633275523,4.957416177398817,-2.0199999999999996
2024-04-08,4.753,4.756,4.770268,0.0014738396183004987,3.25,5.27,5.058617279908374,4.961786501861129,-2.0199999999999996
2024-04-09,4.7505,4.752,4.766255999999999,-0.0005261219672054729,3.25,5.27,5.059634215539292,4.959537567495065,-2.0199999999999996
2024-04-12,4.7685,4.772,4.786315999999999,0.003781914372163131,3.25,5.28,5.185678055296469,4.985813563261568,-2.0300000000000002
2024-04-15,4.7775,4.78,4.79434,0.0018856070954609283,3.25,5.29,5.0933444374630685,4.90252581007471,-2.04
2024-04-16,4.793,4.796,4.810388,0.0032391230452031294,3.34,5.29,5.172912057351596,4.924956762937308,-1.9500000000000002
2024-04-17,4.7935,4.796,4.810388,0.00010431335742011605,3.34,5.29,4.917045725041714,4.8540996448808444,-1.9500000000000002
2024-04-18,4.776,4.779,4.793336999999999,-0.0036574574446133212,3.25,5.28,5.004826930537411,4.856889093159309,-2.0300000000000002
2024-04-19,4.7815,4.784,4.7983519999999995,0.001150928717159383,3.25,5.28,5.004950581473848,4.856741103422952,-2.0300000000000002
2024-04-22,4.784,4.786,4.800357999999999,0.0005227118408701603,3.26,5.28,5.00227888328491,4.853234844963569,-2.0200000000000005
2024-04-23,4.779,4.781,4.795342999999999,-0.0010456970523093911,3.27,5.29,4.838264712839629,4.857063823347875,-2.02
2024-04-24,4.7755,4.778,4.792333999999999,-0.0007326391033659618,3.27,5.28,4.661786059290154,4.840085303422052,-2.0100000000000002
2024-04-25,4.7835,4.786,4.800357999999999,0.0016738156434297213,3.26,5.28,4.620204466748944,4.818450075960976,-2.0200000000000005
2024-04-26,4.7775,4.78,4.79434,-0.0012550990037938359,3.26,5.28,4.643884776158459,4.824419500876463,-2.0200000000000005
2024-04-29,4.7735,4.775,4.789325,-0.0008376086763401958,3.26,5.28,4.664043431498761,4.776071918664037,-2.0200000000000005
2024-04-30,4.7675,4.77,4.784309999999999,-0.0012577299635136985,3.25,5.28,4.695658714414069,4.5077106168467775,-2.0300000000000002
2024-05-02,4.766,4.769,4.783307,-0.00031467981588684246,3.23,5.27,4.639722858645139,4.507502900945291,-2.0399999999999996
2024-05-03,4.7395,4.741,4.755222999999999,-0.005575733765591062,3.24,5.28,4.890113008659395,4.564011181563234,-2.04
2024-05-06,4.7415,4.744,4.758232,0.00042189643068590854,3.25,5.28,4.8433792528576785,4.55890692735265,-2.0300000000000002
2024-05-07,4.7425,4.745,4.759234999999999,0.00021088148538694895,3.25,5.28,4.788170477460016,4.450999036763221,-2.0300000000000002
2024-05-08,4.7465,4.749,4.763246999999999,0.0008430815126840852,3.24,5.28,4.135476639590538,4.450890501922704,-2.04
2024-05-09,4.742,4.744,4.758232,-0.0009485166965024217,3.25,5.27,3.414464198042434,4.411973136066265,-2.0199999999999996
2024-05-10,4.7393,4.742,4.756226,-0.0005695421667883949,3.25,5.27,3.3337263853018926,4.363997071202077,-2.0199999999999996
2024-05-13,4.7465,4.749,4.763246999999999,0.0015180588632908165,3.25,5.27,3.329723435644828,4.338284397153223,-2.0199999999999996
2024-05-14,4.728,4.73,4.74419,-0.0039052242359192135,3.25,5.27,3.5029575015739085,4.349757604598753,-2.0199999999999996
2024-05-15,4.702,4.704,4.718112,-0.005514329985919275,3.25,5.26,3.849410957193998,4.348851169719036,-2.01
2024-05-16,4.682,4.684,4.698052,-0.004262581049158554,3.33,5.27,4.020633629254802,4.398920365638069,-1.9399999999999995
2024-05-17,4.685,4.687,4.701061,0.0006405466216663491,3.3,5.27,3.657123079241268,4.259109529003341,-1.9699999999999998
2024-05-20,4.686,4.688,4.702063999999999,0.00021342439521832013,3.28,5.27,3.657168467343329,4.255340720044312,-1.9899999999999998
2024-05-21,4.6915,4.693,4.707078999999999,0.0011730206623634665,3.25,5.27,3.6517291989163447,4.240405867407477,-2.0199999999999996
2024-05-23,4.7155,4.718,4.7321539999999995,0.005102594253834969,3.28,5.27,3.9553172538761574,4.322107285925764,-1.9899999999999998
2024-05-24,4.719,4.722,4.736166,0.0007419577424483403,3.25,5.32,3.933793010087566,4.315149065352541,-2.0700000000000003
2024-05-27,4.7055,4.708,4.722124,-0.0028648754275450994,3.25,5.32,4.00634100153977,4.341561631435287,-2.0700000000000003
2024-05-28,4.6915,4.694,4.708081999999999,-0.00297967656873821,3.25,5.27,3.8825454354140447,4.364260584273814,-2.0199999999999996
2024-05-29,4.702,4.705,4.7191149999999995,0.002235589369910418,3.3,5.27,3.902838122421043,4.378517137645763,-1.9699999999999998
2024-05-30,4.709,4.712,4.7261359999999994,0.0014876211435397302,3.3,5.28,3.787112523880433,4.380102895342236,-1.9800000000000004
2024-05-31,4.704,4.707,4.721120999999999,-0.0010623606650916884,3.28,5.27,3.78363659687259,4.21414523450689,-1.9899999999999998
2024-06-04,4.694,4.6955,4.7095864999999995,-0.00212811316749395,3.25,5.28,3.702329345055121,4.071099112999817,-2.0300000000000002
2024-06-05,4.6995,4.701,4.715102999999999,0.0011710226493870657,3.25,5.28,3.703148891042327,4.0757864544340086,-2.0300000000000002
2024-06-06,4.696,4.699,4.713096999999999,-0.0007450375524236108,3.25,5.27,3.6886456994931036,4.07627691798383,-2.0199999999999996
2024-06-07,4.6955,4.698,4.712094,-0.00010647926326412538,3.25,5.27,3.689245765792092,4.054639066511356,-2.0199999999999996
2024-06-10,4.7165,4.72,4.734159999999999,0.004462395845239664,3.25,5.27,3.968194816817731,4.118227945476296,-2.0199999999999996
2024-06-11,4.7235,4.725,4.7391749999999995,0.0014830511192811535,3.26,5.26,3.9598479174287804,4.125391773686859,-2.0
2024-06-12,4.718,4.72,4.734159999999999,-0.0011650692415685615,3.25,5.26,3.9582851926235367,4.122584082503274,-2.01
2024-06-13,4.708,4.713,4.727138999999999,-0.002121791587452959,3.26,5.27,3.9875122329661026,4.1341116265956765,-2.01
2024-06-14,4.713,4.716,4.730148,0.0010614585435633206,3.26,5.26,4.003841901631009,4.137124427766121,-2.0
2024-06-18,4.7145,4.716,4.730148,0.0003182179820011566,3.25,5.2,4.008982278900204,4.13683244785123,-1.9500000000000002
2024-06-19,4.708,4.71,4.72413,-0.0013796765255644772,3.25,5.2,3.7079555553992796,4.1428365047006,-1.9500000000000002
2024-06-20,4.711,4.714,4.728142,0.000637010319873621,3.25,5.22,3.7117252350590006,4.0334474004236665,-1.9699999999999998
2024-06-21,4.715,4.717,4.731150999999999,0.0008487163675168219,3.25,5.22,3.7226737818632305,4.0300828886606554,-1.9699999999999998
2024-06-24,4.7125,4.715,4.729144999999999,-0.0005303633112916373,3.26,5.22,3.710693045164655,4.026708643408722,-1.96
2024-06-25,4.708,4.71,4.72413,-0.0009553633760988056,3.28,5.23,3.710807232850477,4.028809750253309,-1.9500000000000006
2024-06-26,4.71,4.712,4.7261359999999994,0.00042471863029591717,3.28,5.24,3.714318408437134,4.018310900504464,-1.9600000000000004
2024-06-27,4.719,4.721,4.735163,0.0019090047159242562,3.28,5.27,3.731780726489521,4.027553372183541,-1.9899999999999998
2024-06-28,4.7195,4.722,4.736166,0.00010594903861149696,3.32,5.27,3.5623504020124943,3.9768042270235915,-1.9499999999999997
2024-07-01,4.7145,4.716,4.730148,-0.0010599958592671932,3.25,5.28,3.183489085609407,3.9768954704047426,-2.0300000000000002
2024-07-02,4.719,4.721,4.735163,0.0009540468206556962,3.25,5.28,2.9113165184601195,3.9807504857961646,-2.0300000000000002
2024-07-03,4.72,4.722,4.736166,0.00021188685321327227,3.25,5.28,2.909128127267605,3.979620485264358,-2.0300000000000002
2024-07-04,4.712,4.714,4.728142,-0.001696353248178406,3.25,5.28,2.963258894945278,3.9698495583246625,-2.0300000000000002
2024-07-05,4.7075,4.71,4.72413,-0.0009554648001151023,3.25,5.28,2.96576601501797,3.971793772843018,-2.0300000000000002
2024-07-09,4.711,4.713,4.727138999999999,0.0007432181687336836,3.26,5.24,2.5714242993534633,3.974607048209132,-1.9800000000000004
2024-07-10,4.705,4.707,4.721120999999999,-0.0012744266805611026,3.26,5.24,2.5850707972709337,3.945420697373689,-1.9800000000000004
2024-07-11,4.688,4.691,4.705073,-0.0036197207626316175,3.26,5.28,2.6633240861008174,3.987423550117661,-2.0200000000000005
2024-07-12,4.6715,4.674,4.688022,-0.003525833023838132,3.25,5.27,2.71834289606578,4.02380181997441,-2.0199999999999996
2024-07-15,4.6725,4.675,4.689024999999999,0.00021404109670775107,3.26,5.28,2.626252830783898,3.9800955309374477,-2.0200000000000005
2024-07-16,4.678,4.68,4.694039999999999,0.0011764078144063106,3.26,5.27,2.610274361968532,3.985486411811955,-2.01
2024-07-17,4.674,4.676,4.690028,-0.000855432045320903,3.25,5.25,2.605156681688467,3.898037343178172,-2.0
2024-07-18,4.6655,4.668,4.682004,-0.0018202264247269007,3.25,5.27,2.586956371132073,3.8941791949172786,-2.0199999999999996
2024-07-19,4.6775,4.68,4.694039999999999,0.0025687694741682865,3.25,5.28,2.68146048495414,3.92031044198097,-2.0300000000000002
2024-07-22,4.6835,4.686,4.700057999999999,0.0012819145009406174,3.28,5.28,2.7070263619065233,3.923245270681018,-2.0000000000000004
2024-07-23,4.6715,4.673,4.687018999999999,-0.002565474416175162,3.28,5.28,2.8006153765493154,3.8864319755845393,-2.0000000000000004
2024-07-24,4.6735,4.676,4.690028,0.0004280363896278505,3.25,5.29,2.4417390239226173,3.829477885433345,-2.04
2024-07-25,4.6693,4.671,4.685013,-0.0008990881283825747,3.25,5.29,2.3871284215034594,3.8219377072165877,-2.04
2024-07-26,4.6625,4.665,4.678995,-0.0014573825421846376,3.25,5.28,2.396915559410594,3.828804343018298,-2.0300000000000002
2024-07-29,4.64,4.643,4.656928999999999,-0.004837418731769905,3.25,5.29,2.6795352929057095,3.9107877735243677,-2.04
2024-07-30,4.6295,4.632,4.645896,-0.002265495332199219,3.33,5.29,2.6861741303609104,3.924645774219134,-1.96
2024-07-31,4.606,4.609,4.622826999999999,-0.005089069507471233,3.25,5.28,2.9685996243116923,3.9724634218204735,-2.0300000000000002
2024-08-01,4.5595,4.562,4.575686,-0.010146833006910327,3.28,5.28,4.023521772564747,4.268507426850336,-2.0000000000000004
2024-08-02,4.539,4.541,4.554623,-0.004506244917254598,3.25,5.27,4.109310981123695,4.296995806022375,-2.0199999999999996
2024-08-05,4.4075,4.415,4.4282449999999995,-0.02939908818444037,3.25,5.26,9.097339383972537,6.4509060122985895,-2.01
2024-08-06,4.4675,4.472,4.485416,0.01352133276155798,3.26,5.24,10.175564922936148,6.767355233546941,-1.9800000000000004
2024-08-07,4.506,4.512,4.525535999999999,0.008580873958606627,3.29,5.25,10.60882595308086,6.783267846476473,-1.96
2024-08-08,4.4615,4.465,4.478394999999999,-0.009924809651983724,3.25,5.29,10.86974976880805,6.954622614303181,-2.04
2024-08-09,4.4635,4.47,4.483409999999999,0.0004481792792105921,3.28,5.28,10.83454442140724,6.955899435631105,-2.0000000000000004
2024-08-12,4.446,4.452,4.465356,-0.003928396095274955,3.24,5.27,10.834173209935969,6.967440615693425,-2.0299999999999994
2024-08-13,4.453,4.458,4.471374,0.0015732107975607867,3.25,5.23,10.880593612632286,6.977281215700501,-1.9800000000000004
2024-08-14,4.431,4.435,4.4483049999999995,-0.004952734122213087,3.24,5.24,10.880533983954937,7.0138022218620435,-2.0
2024-08-15,4.439,4.442,4.4553259999999995,0.0018038336345458372,3.24,5.26,10.919627607076514,6.9510245208867,-2.0199999999999996
2024-08-16,4.438,4.441,4.454323,-0.00022530134149612024,3.24,5.27,10.932036863934801,6.949701537426756,-2.0299999999999994
2024-08-19,4.3715,4.375,4.388125,-0.015097624871593496,3.26,5.26,11.56502077277388,7.349705324318307,-2.0
2024-08-20,4.3745,4.377,4.390130999999999,0.0006860279253735335,3.26,5.23,11.563652514639728,7.345515185284772,-1.9700000000000006
2024-08-21,4.377,4.38,4.39314,0.0005713306445760402,3.26,5.21,11.592576654650264,7.3387865011658375,-1.9500000000000002
2024-08-22,4.3825,4.385,4.398154999999999,0.0012557796044943004,3.24,5.24,11.634365385164067,7.3475167878894005,-2.0
2024-08-23,4.38,4.382,4.3951459999999996,-0.0005706134248977257,3.24,5.25,11.637648124132745,7.305029871363485,-2.01
2024-08-26,4.347,4.35,4.363049999999999,-0.007562772381699556,3.24,5.24,11.718490792813792,7.372173583722354,-2.0
2024-08-27,4.355,4.357,4.370070999999999,0.0018386582978109356,3.25,5.24,11.737644188687593,7.3528063885826995,-1.9900000000000002
2024-08-28,4.3435,4.346,4.359038,-0.002644135586628016,3.25,5.23,11.728836194922252,7.354815389968616,-1.9800000000000004
2024-08-29,4.3255,4.328,4.340984,-0.004152734079546194,3.36,5.18,11.737527308570915,7.360165616186189,-1.8199999999999998
2024-08-30,4.3155,4.318,4.330953999999999,-0.0023145479607167285,3.36,5.18,11.638384881407424,7.3529858747057295,-1.8199999999999998
2024-09-02,4.333,4.336,4.3490079999999995,0.004046950080197176,3.27,5.18,11.747361613810044,7.3990454305634845,-1.9099999999999997
2024-09-03,4.379,4.382,4.3951459999999996,0.010560245061488782,3.27,5.16,12.350500225584469,7.652008057428808,-1.8900000000000001
2024-09-04,4.3475,4.35,4.363049999999999,-0.0072194205729601,3.26,5.11,12.41023741458517,7.7229382630169745,-1.8500000000000005
2024-09-05,4.333,4.335,4.348005,-0.003340824488528682,3.26,5.08,12.404577303324704,7.718567557740681,-1.8200000000000003
2024-09-06,4.3325,4.335,4.348005,-0.00011540015014843696,3.26,5.06,12.420387706368608,7.720270833314209,-1.7999999999999998
2024-09-09,4.3475,4.35,4.363049999999999,0.003456224638677119,3.25,5.03,12.513923899593356,7.757532083829083,-1.7800000000000002
2024-09-10,4.36,4.363,4.376089,0.0028710901146420387,3.25,4.97,12.59879914668081,7.78494712408416,-1.7199999999999998
2024-09-11,4.337,4.34,4.353019999999999,-0.005289192507714091,3.26,5.0,12.603196768375504,7.817113368064324,-1.7400000000000002
2024-09-12,4.3335,4.335,4.348005,-0.0008073352609665463,3.25,4.97,12.367444814809133,7.779543785441165,-1.7199999999999998
2024-09-13,4.3175,4.32,4.33296,-0.003698998553565813,3.27,4.94,12.35370270212595,7.788846134393392,-1.6700000000000004
2024-09-17,4.281,4.284,4.2968519999999994,-0.008489903875887661,3.27,4.84,9.41094319093843,7.884736681213794,-1.5699999999999998
2024-09-18,4.243,4.247,4.259740999999999,-0.008916060942621096,3.27,4.71,8.622259794147467,7.983810245725885,-1.44
2024-09-19,4.253,4.256,4.268768,0.0023540500513086204,3.27,4.69,8.15195895016226,8.006388077453757,-1.4200000000000004
2024-09-20,4.1815,4.185,4.1975549999999995,-0.016954582432053167,3.25,4.68,8.965359061651444,8.42768123798893,-1.4299999999999997
2024-09-23,4.2125,4.215,4.227644999999999,0.00738626183903679,3.26,4.66,9.357707620342042,8.541477423235445,-1.4000000000000004
2024-09-24,4.173,4.176,4.188528,-0.009421094069064662,3.26,4.59,9.592149853986399,8.637959104378098,-1.33
2024-09-25,4.1225,4.125,4.137375,-0.012175426157798652,3.26,4.6,9.953952207953819,8.798490141717178,-1.3399999999999999
2024-09-26,4.1355,4.138,4.150414,0.0031484646982073983,3.25,4.7,10.061817121909918,8.819052969959614,-1.4500000000000002
2024-09-27,4.1225,4.125,4.137375,-0.0031484646982073983,3.25,4.71,9.988379652987737,8.81727462003809,-1.46
2024-09-30,4.1075,4.11,4.12233,-0.003645204522330747,3.25,4.74,9.97088808912103,8.820660129002599,-1.4900000000000002
2024-10-01,4.1675,4.17,4.18251,0.014501764713525933,3.25,4.76,10.422014373363693,9.207000066837576,-1.5099999999999998
2024-10-02,4.1625,4.165,4.1774949999999995,-0.001200480336249976,3.28,4.73,10.40048685748486,9.142769261798286,-1.4500000000000006
2024-10-03,4.215,4.22,4.232659999999999,0.012533736147256613,3.3,4.76,11.172322386921316,9.428916978214637,-1.46
2024-10-04,4.233,4.236,4.248708,0.004261370084967853,3.37,4.78,11.264645111755712,9.469779655472314,-1.4100000000000001
2024-10-07,4.2725,4.275,4.287825,0.009288174468822463,3.25,4.78,11.664531021906418,9.624839605861917,-1.5300000000000002
2024-10-08,4.2875,4.29,4.3028699999999995,0.0035046764844492984,3.27,4.75,11.549759886951353,9.63939855460424,-1.48
2024-10-09,4.284,4.288,4.300864,-0.0008166599065559943,3.25,4.72,11.5294714800503,9.630096361109665,-1.4699999999999998
2024-10-10,4.292,4.294,4.306881999999999,0.0018656721829497513,3.4,4.76,11.532309978648415,9.642454242157951,-1.3599999999999999
2024-10-11,4.287,4.289,4.301867,-0.0011656371526120868,3.37,4.75,11.480167671378133,9.640662863916736,-1.38
2024-10-14,4.2935,4.296,4.308888,0.0015150635145624314,3.37,4.75,11.475367787740664,9.643035997659624,-1.38
2024-10-15,4.305,4.307,4.319921,0.002674886749291616,3.25,4.72,11.438381017806154,9.662596307575381,-1.4699999999999998
2024-10-16,4.2945,4.297,4.3098909999999995,-0.0024420036555514724,3.25,4.71,10.985724926798522,9.664617318019252,-1.46
2024-10-17,4.307,4.31,4.3229299999999995,0.0029064718478311047,3.25,4.71,10.850676657571274,9.643237655396995,-1.46
2024-10-18,4.3065,4.309,4.321927,-0.00011609682488233908,3.25,4.7,10.812641508791355,9.635244899786917,-1.4500000000000002
2024-10-21,4.3005,4.303,4.3159089999999996,-0.0013942142376939248,3.25,4.7,10.818076883325684,9.635414205004404,-1.4500000000000002
2024-10-22,4.3225,4.325,4.337975,0.005102643565911169,3.35,4.68,10.877414470795522,9.68791608305256,-1.3299999999999996
2024-10-23,4.3405,4.344,4.357032,0.00415561027441691,3.35,4.67,10.915154773203442,9.719881301066735,-1.3199999999999998
2024-10-24,4.3525,4.355,4.368065,0.0027608438104815836,3.35,4.66,10.834819202919972,9.737233334487398,-1.31
2024-10-25,4.35,4.352,4.365056,-0.0005745475596143912,3.25,4.67,10.8332998579907,9.737013513827655,-1.42
2024-10-28,4.3595,4.362,4.375086,0.0021815267851399422,3.25,4.66,10.786812961851897,9.747245892543505,-1.4100000000000001
2024-10-29,4.3705,4.373,4.386119,0.002520047152672955,3.25,4.67,10.47259440643018,9.7595537714285,-1.42
2024-10-30,4.395,4.399,4.412197,0.005590112098734723,3.25,4.67,10.155514210412822,9.818662886638268,-1.42
2024-11-01,4.381,4.384,4.397152,-0.0031905223053787513,3.4,4.57,10.226386191553383,9.826945363842663,-1.1700000000000004
2024-11-04,4.363,4.366,4.379097999999999,-0.004117114690288748,3.28,4.56,8.853827603830254,9.840299156690326,-1.2799999999999998
2024-11-05,4.3695,4.372,4.385115999999999,0.001488691943989373,3.3,4.54,8.671388030771181,9.837212860552848,-1.2400000000000002
2024-11-06,4.402,4.406,4.419217999999999,0.007410397018807746,3.33,4.5,8.237933518340375,9.93288376881678,-1.17
2024-11-07,4.4125,4.415,4.4282449999999995,0.002382439155145244,3.38,4.51,7.096179694265996,9.946768438907071,-1.13
2024-11-08,4.3815,4.385,4.398154999999999,-0.007050290745646892,3.26,4.51,7.584783836130085,9.998313708394209,-1.25
2024-11-11,4.4025,4.405,4.418215,0.004781429874455956,3.32,4.51,7.471116039836179,10.04087271870474,-1.19
2024-11-12,4.4265,4.429,4.442286999999999,0.0054366426807426205,3.25,4.52,7.3167718561280655,10.09312024782654,-1.2699999999999996
2024-11-13,4.454,4.457,4.470370999999999,0.006193364766209131,3.25,4.51,6.480268908462325,10.15856204243114,-1.2599999999999998
2024-11-14,4.487,4.489,4.502466999999999,0.007381758158670371,3.34,4.52,6.563900044190573,10.24406995895971,-1.1799999999999997
2024-11-15,4.479,4.481,4.4944429999999995,-0.0017845197686832126,3.34,4.52,5.945033095525033,10.245459109620963,-1.1799999999999997
2024-11-18,4.468,4.471,4.484413,-0.0024589260182088513,3.25,4.52,6.043601428837828,10.237439762602852,-1.2699999999999996
2024-11-19,4.4645,4.468,4.4814039999999995,-0.0007836552318201129,3.25,4.49,5.651598161341885,10.225024939913318,-1.2400000000000002
2024-11-20,4.469,4.471,4.484413,0.0010074439761804665,3.25,4.5,5.619545699519847,10.227463206691544,-1.25
2024-11-21,4.466,4.468,4.4814039999999995,-0.0006715165333484041,3.25,4.54,5.614766400132245,10.223587211761147,-1.29
2024-11-22,4.4675,4.47,4.483409999999999,0.00033581463347998053,3.4,4.53,5.620933778080705,10.224408280852575,-1.1300000000000003
2024-11-25,4.4535,4.456,4.469368,-0.0031386641616590882,3.4,4.56,5.725352237107641,10.231598742242392,-1.1599999999999997
2024-11-26,4.4655,4.468,4.4814039999999995,0.002690886252016522,3.4,4.56,5.739847617979158,10.23266180856304,-1.1599999999999997
2024-11-27,4.4515,4.454,4.467362,-0.003140072110214831,3.26,4.55,5.865674872465365,10.237422340521189,-1.29
2024-11-28,4.444,4.447,4.460341,-0.0016862462542053258,3.26,4.55,5.829825260217724,10.23361288153832,-1.29
2024-11-29,4.4395,4.442,4.4553259999999995,-0.0010131142871390164,3.25,4.55,5.837336756144519,10.23253545233514,-1.2999999999999998
2024-12-02,4.4625,4.465,4.478394999999999,0.005167389615513107,3.29,4.55,5.948559083352975,10.2772778976479,-1.2599999999999998
2024-12-03,4.4705,4.473,4.486419,0.001791112087478286,3.25,4.47,5.899932420798767,10.283112880394068,-1.2199999999999998
2024-12-04,4.467,4.47,4.483409999999999,-0.000783216823254218,3.25,4.46,5.8156305689638295,10.256671038632913,-1.21
2024-12-05,4.4325,4.435,4.4483049999999995,-0.007753283403755695,3.26,4.39,6.277131092278373,10.32547264310762,-1.13
2024-12-06,4.4195,4.422,4.4352659999999995,-0.0029371914473601546,3.26,4.37,6.331507838321215,10.30455094662718,-1.1100000000000003
2024-12-09,4.4225,4.425,4.438274999999999,0.0006785795329375954,3.27,4.37,6.3232803158128,10.174785464320369,-1.1
2024-12-10,4.428,4.43,4.443289999999999,0.0012428677945870437,3.27,4.34,6.308081252756213,10.15357056440916,-1.0699999999999998
2024-12-11,4.426,4.428,4.441284,-0.00045177321753242516,3.27,4.3,6.284950600180611,8.877815672026793,-1.0299999999999998
2024-12-12,4.434,4.437,4.450311,0.0018058695652618528,3.27,4.24,6.107674122549735,8.585976180060447,-0.9700000000000002
2024-12-13,4.453,4.456,4.469368,0.0042759151454456745,3.25,4.24,6.120807852732056,8.492679954418044,-0.9900000000000002
2024-12-16,4.4603,4.4625,4.4758875,0.0016380020042383592,3.25,4.24,5.965322419209153,8.334060288769994,-0.9900000000000002
2024-12-17,4.448,4.45,4.463349999999999,-0.002761471395522408,3.27,4.27,6.04531846697479,8.346436878947642,-0.9999999999999996
2024-12-18,4.4675,4.47,4.483409999999999,0.0043744111031647215,3.27,4.25,5.807177926823752,8.352505490169584,-0.98
2024-12-19,4.502,4.505,4.518515,0.0076927744330943515,3.27,4.23,6.15113529677814,8.446273508999024,-0.9600000000000004
2024-12-20,4.5125,4.515,4.528544999999999,0.0023295811744588057,3.27,4.24,5.713382201785314,8.410221341929791,-0.9700000000000002
2024-12-23,4.489,4.493,4.506479,-0.005221363859204242,3.26,4.25,5.868769002996822,8.454387142731933,-0.9900000000000002
2024-12-24,4.489,4.492,4.505476,0.0,3.26,4.25,5.692208600870766,8.454207287535652,-0.9900000000000002
2024-12-26,4.4685,4.471,4.484413,-0.004577177960485512,3.26,4.26,5.6060166092940245,8.09335454974728,-1.0
2024-12-27,4.477,4.48,4.49344,0.0019003974195190843,3.26,4.25,5.198307988404622,8.097782860586934,-0.9900000000000002
2024-12-30,4.469,4.472,4.485416,-0.0017885093075140635,3.26,4.25,5.198422166190673,8.104816778433472,-0.9900000000000002
2024-12-31,4.47,4.473,4.486419,0.00022373867416281001,3.26,4.22,5.149410591628067,8.102962013242252,-0.96
2025-01-02,4.4775,4.48,4.49344,0.001676446327252501,3.26,4.26,5.165595518305428,8.1054803646877,-1.0
2025-01-03,4.495,4.498,4.511494,0.003900812970853762,3.26,4.25,5.276783529382128,8.019354144805794,-0.9900000000000002
2025-01-06,4.513,4.516,4.529547999999999,0.003996452921280369,3.26,4.24,5.382671586737396,8.038633504202974,-0.9800000000000004
2025-01-07,4.51,4.513,4.526539,-0.0006649673302769887,3.26,4.24,5.390693106004262,8.024249257066387,-0.9800000000000004
2025-01-08,4.4995,4.502,4.515505999999999,-0.002330874022720808,3.25,4.24,5.35064901890695,8.000621968990577,-0.9900000000000002
2025-01-09,4.4995,4.502,4.515505999999999,0.0,3.25,4.25,5.304663300632706,7.98743671631498,-1.0
2025-01-10,4.4935,4.496,4.509488,-0.0013343713755751274,3.25,4.24,5.229587220305987,7.96982402899972,-0.9900000000000002
2025-01-13,4.509,4.511,4.524533,0.0034434913226562003,3.25,4.24,5.270350880373812,7.800202941604763,-0.9900000000000002
2025-01-14,4.5015,4.504,4.517511999999999,-0.0016647248725527586,3.26,4.24,5.289783344614145,7.702851435773225,-0.9800000000000004
2025-01-15,4.506,4.508,4.521523999999999,0.0009991674436582443,3.26,4.23,5.102237000164398,7.677576560495576,-0.9700000000000006
2025-01-16,4.4975,4.5,4.5135,-0.0018881551675018482,3.26,4.24,5.121660102978131,7.686899928767932,-0.9800000000000004
2025-01-17,4.5015,4.504,4.517511999999999,0.0008889877238436039,3.26,4.24,5.116672846717804,7.670128988785323,-0.9800000000000004
2025-01-20,4.5005,4.503,4.516508999999999,-0.00022217285139181087,3.26,4.24,4.523387627896254,7.659217664199469,-0.9800000000000004
2025-01-21,4.4745,4.477,4.490431,-0.005793888074226983,3.25,4.24,4.780871450092064,7.670201240502478,-0.9900000000000002
2025-01-22,4.447,4.449,4.462346999999999,-0.0061649021122163195,3.26,4.25,5.145287816309145,7.745052839585324,-0.9900000000000002
2025-01-23,4.444,4.448,4.4613439999999995,-0.0006748397511759929,3.25,4.26,5.141016625992162,7.717463792256963,-1.0099999999999998
2025-01-24,4.415,4.42,4.43326,-0.006547037721460036,3.25,4.26,5.491518089395551,7.6613022474291945,-1.0099999999999998
2025-01-27,4.3725,4.375,4.388125,-0.009672906145303362,3.25,4.26,6.120191409484143,7.688199195709387,-1.0099999999999998
2025-01-28,4.403,4.406,4.419217999999999,0.006951198862996666,3.25,4.27,6.345272104247672,7.760542864337397,-1.0199999999999996
2025-01-31,4.42,4.423,4.436268999999999,0.003853569315990013,3.26,4.26,6.438202929179653,7.20535964428802,-1.0
2025-02-03,4.495,4.498,4.511494,0.016825971833976938,3.25,4.25,8.081335045127238,7.617820737064969,-1.0
2025-02-04,4.457,4.459,4.472376999999999,-0.008489773959164948,3.25,4.24,8.379279868154182,7.584231941747187,-0.9900000000000002
2025-02-05,4.43,4.433,4.446299,-0.0060763099073744,3.25,4.23,8.218358036241876,7.35555783106125,-0.9800000000000004
2025-02-06,4.4275,4.43,4.443289999999999,-0.0005644933821926656,3.25,4.25,8.17330753965167,7.348217971760033,-1.0
2025-02-07,4.441,4.444,4.457331999999999,0.003044485635113503,3.25,4.25,8.121086598870948,7.328038604975247,-1.0
2025-02-10,4.468,4.47,4.483409999999999,0.006061304896989084,3.25,4.27,8.331605189422657,7.340301329795283,-1.0199999999999996
2025-02-12,4.465,4.467,4.480400999999999,-0.00067166687849185,3.25,4.26,8.22777159174332,6.9763135503051,-1.0099999999999998
2025-02-13,4.4605,4.463,4.476388999999999,-0.0010083469567614411,3.25,4.25,8.211762299581727,6.974853891199137,-1.0
2025-02-14,4.4425,4.445,4.458335,-0.004043586325031656,3.27,4.26,8.2772533049423,6.730397460264317,-0.9899999999999998
2025-02-17,4.4295,4.432,4.445296,-0.0029305701767192716,3.27,4.26,8.313685291733117,6.726727285356208,-0.9899999999999998
2025-02-18,4.446,4.448,4.4613439999999995,0.0037181046720546895,3.27,4.26,8.376753772437949,6.583832748197921,-0.9899999999999998
2025-02-19,4.442,4.446,4.459337999999999,-0.0009000900697688774,3.27,4.26,8.28583369615163,6.567056465453064,-0.9899999999999998
2025-02-20,4.4275,4.43,4.443289999999999,-0.00326963479738418,3.25,4.25,8.218511855774224,6.592631541369394,-1.0
2025-02-21,4.4175,4.42,4.43326,-0.002261165463137038,3.25,4.25,8.231983800172546,6.602211795996175,-1.0
2025-02-24,4.3985,4.401,4.414203,-0.004310351501122467,3.25,4.24,8.286068033045725,6.643094686932059,-0.9900000000000002
2025-02-25,4.4135,4.417,4.430250999999999,0.0034044517675584363,3.25,4.23,8.37139525251841,6.660498467223795,-0.9800000000000004
2025-02-26,4.4225,4.425,4.438274999999999,0.002037121573652767,3.25,4.23,8.404174024917662,6.654929298833795,-0.9800000000000004
2025-02-27,4.446,4.448,4.4613439999999995,0.005299668490201359,3.25,4.24,8.49715561698369,6.6906251372948615,-0.9900000000000002
2025-02-28,4.4655,4.468,4.4814039999999995,0.004376374599798893,3.25,4.24,8.603014060408864,6.710799476669712,-0.9900000000000002
2025-03-03,4.4635,4.466,4.479398,-0.00044797850452393817,3.26,4.25,8.594716799023983,6.711754052658628,-0.9900000000000002
2025-03-04,4.468,4.47,4.483409999999999,0.001007669569674574,3.26,4.25,8.58966135566446,6.705626227475431,-0.9900000000000002
2025-03-05,4.4475,4.45,4.463349999999999,-0.004598740649101041,3.26,4.24,8.674957748816077,6.710487040569882,-0.9800000000000004
2025-03-06,4.4275,4.43,4.443289999999999,-0.004507049883001546,3.25,4.24,8.755742140476931,6.72670925006027,-0.9900000000000002
2025-03-07,4.4295,4.432,4.445296,0.0004516201950983678,3.27,4.24,8.616402860013723,6.713101293182226,-0.9700000000000002
2025-03-10,4.419,4.422,4.4352659999999995,-0.002373284721347124,3.25,4.24,8.462247337671307,6.7256741800784,-0.9900000000000002
2025-03-11,4.4325,4.435,4.4483049999999995,0.0030503328176230138,3.25,4.23,8.513207407602586,6.734579107598902,-0.9800000000000004
2025-03-12,4.433,4.436,4.449307999999999,0.00011279679669051745,3.25,4.22,8.28990917233496,6.722977790217712,-0.9699999999999998
2025-03-13,4.428,4.43,4.443289999999999,-0.001128540916526033,3.25,4.23,7.764658323295144,6.662995105273789,-0.9800000000000004
2025-03-14,4.445,4.447,4.460341,0.003831854119477507,3.26,4.23,7.587279095549506,6.668917153440142,-0.9700000000000006
2025-03-17,4.4455,4.449,4.462346999999999,0.0001124796131888317,3.25,4.24,7.512835940394014,6.629527799309241,-0.9900000000000002
2025-03-19,4.4305,4.433,4.446299,-0.0033799040738367037,3.25,4.23,5.6854722787717815,6.652914736152782,-0.9800000000000004
2025-03-20,4.426,4.428,4.441284,-0.00101620287636206,3.26,4.22,5.158984563995502,6.5411631030141955,-0.96
2025-03-21,4.423,4.426,4.439278,-0.00067804274266825,3.27,4.22,4.855983988399778,6.530439626307524,-0.9499999999999997
2025-03-24,4.4335,4.437,4.450311,0.0023711409517350734,3.28,4.22,4.903405077632343,6.430893955459109,-0.94
2025-03-25,4.4395,4.442,4.4553259999999995,0.0013524176523196374,3.28,4.22,4.8375474084662615,6.386126467932145,-0.94
2025-03-26,4.4245,4.427,4.440280999999999,-0.003384479764976689,3.25,4.22,4.574689750507707,6.347599654082689,-0.9699999999999998
2025-03-27,4.432,4.435,4.4483049999999995,0.0016936717197151285,3.35,4.23,4.610390932687779,6.267336592285673,-0.8800000000000003
2025-03-28,4.433,4.435,4.4483049999999995,0.00022560631793355768,3.35,4.24,4.606559740159437,6.14000562955726,-0.8900000000000001
2025-04-02,4.4475,4.45,4.463349999999999,0.003265584794936771,3.25,4.24,4.564358335887224,6.159699600032291,-0.9900000000000002
2025-04-03,4.465,4.47,4.483409999999999,0.003927073770609191,3.25,4.24,4.609369242337189,6.182466674393182,-0.9900000000000002
2025-04-04,4.418,4.42,4.43326,-0.010582109330536937,3.24,4.24,5.463032542549664,6.429763483213321,-1.0
2025-04-07,4.4675,4.47,4.483409999999999,0.011141863053520717,3.25,4.24,6.370436334923581,6.697953442615355,-0.9900000000000002
2025-04-08,4.4835,4.486,4.499457999999999,0.0035750233585190028,3.25,4.24,6.356211064873668,6.723609078543234,-0.9900000000000002
2025-04-09,4.502,4.505,4.518515,0.004117751074575349,3.25,4.24,6.3912600736118,6.757959649303179,-0.9900000000000002
2025-04-10,4.4765,4.479,4.492437,-0.005680251392466973,3.25,4.25,6.494799155357686,6.805507584088091,-1.0
2025-04-11,4.438,4.44,4.45332,-0.008637666581671422,3.29,4.25,6.96166430579634,6.943974821307612,-0.96
2025-04-14,4.423,4.425,4.438274999999999,-0.003385625624212407,3.25,4.23,7.013482540432987,6.947170968418057,-0.9800000000000004
2025-04-15,4.4115,4.415,4.4282449999999995,-0.0026034312061673504,3.25,4.23,6.867426805034619,6.954898624667259,-0.9800000000000004
2025-04-16,4.416,4.419,4.432256999999999,0.0010195412947719973,3.25,4.23,6.73820813156141,6.955506647668195,-0.9800000000000004
2025-04-17,4.412,4.414,4.427241999999999,-0.000906207583538432,3.25,4.25,6.739968261052244,6.900317565580472,-1.0
2025-04-18,4.409,4.412,4.425235999999999,-0.0006801950154553538,3.25,4.25,6.727363166798475,6.893259634177891,-1.0
2025-04-21,4.386,4.388,4.401164,-0.0052302563801041035,3.26,4.24,6.763653586895156,6.944727455977548,-0.9800000000000004
2025-04-22,4.378,4.38,4.39314,-0.001825650895025177,3.25,4.21,6.6683532463581034,6.832182849056302,-0.96
2025-04-23,4.408,4.41,4.423229999999999,0.0068290727499420445,3.25,4.21,6.985650290440895,6.91382343344814,-0.96
2025-04-24,4.3905,4.393,4.406178999999999,-0.003977956032700014,3.25,4.23,7.045015252602364,6.944171287410704,-0.9800000000000004
2025-04-25,4.374,4.378,4.391133999999999,-0.0037651935633373768,3.25,4.23,7.047382257024715,6.967668884617869,-0.9800000000000004
2025-04-28,4.374,4.376,4.3891279999999995,0.0,3.25,4.23,7.046685226731506,6.967499867907116,-0.9800000000000004
2025-04-29,4.334,4.336,4.3490079999999995,-0.009187019140408648,3.25,4.24,7.48770250250648,7.122060233966984,-0.9900000000000002
2025-04-30,4.3175,4.32,4.33296,-0.00381437207547064,3.25,4.23,7.411766052091889,7.10501949647193,-0.9800000000000004
2025-05-02,4.296,4.299,4.311897,-0.004992173832133018,3.25,4.24,7.4941764421647825,7.139204358444383,-0.9900000000000002
2025-05-05,4.2,4.203,4.215609,-0.02259983191724091,3.25,4.24,9.73004597033729,8.038766362225726,-0.9900000000000002
2025-05-06,4.232,4.235,4.247705,0.0075901692666755505,3.25,4.23,10.101458770498944,8.113199353446348,-0.9800000000000004
2025-05-07,4.2355,4.239,4.251716999999999,0.0008266903334703812,3.25,4.22,10.121415918629854,7.994932143953161,-0.9699999999999998
2025-05-08,4.267,4.27,4.282809999999999,0.007409619316394389,3.25,4.23,10.388269934104368,8.093623898774442,-0.9800000000000004
2025-05-09,4.3185,4.322,4.334966,0.011997115532340175,3.25,4.23,11.058777624753784,8.326040472883193,-0.9800000000000004
2025-05-13,4.3275,4.33,4.3429899999999995,0.0020818883300239843,3.26,4.25,11.066451510816076,8.336368092190117,-0.9900000000000002
2025-05-14,4.3145,4.317,4.329950999999999,-0.003008565102002203,3.24,4.25,11.06054840304683,8.318263283053708,-1.0099999999999998
2025-05-15,4.286,4.29,4.3028699999999995,-0.0066275459148399385,3.24,4.23,11.177897770316687,8.37400008633764,-0.9900000000000002
2025-05-16,4.2675,4.27,4.282809999999999,-0.0043257213649263715,3.27,4.23,11.13529412986502,8.395921361807023,-0.9600000000000004
2025-05-19,4.311,4.314,4.326942,0.010141720078538752,3.27,4.23,11.531170096196103,8.582501487818961,-0.9600000000000004
2025-05-20,4.285,4.288,4.300864,-0.0060493437152542295,3.24,4.22,11.281808879779472,8.626764882650368,-0.9799999999999995
2025-05-21,4.271,4.274,4.286822,-0.0032725601904137758,3.26,4.21,10.689627635929778,8.606911877540767,-0.9500000000000002
2025-05-22,4.259,4.262,4.274785999999999,-0.00281360091825289,3.26,4.23,10.585956272853112,8.580047858326708,-0.9700000000000006
2025-05-23,4.2535,4.255,4.267765,-0.0012922175072747066,3.26,4.22,10.44219519200981,8.580733952246593,-0.96
2025-05-26,4.2065,4.21,4.22263,-0.011111225425070703,3.24,4.22,10.728096104428154,8.753462798131434,-0.9799999999999995
2025-05-27,4.21,4.213,4.225638999999999,0.000831699685558851,3.25,4.22,10.574583646147344,8.756581350107687,-0.9699999999999998
2025-05-28,4.25,4.253,4.265759,0.009456335242035374,3.25,4.21,11.047272990280227,8.920435099057096,-0.96
2025-05-29,4.241,4.244,4.2567319999999995,-0.002119892443871896,3.25,4.22,11.043317647232568,8.89724107376676,-0.9699999999999998
2025-05-30,4.239,4.242,4.254726,-0.0004716981219534677,3.25,4.22,11.024378603377034,8.89574508347804,-0.9699999999999998
2025-06-03,4.25,4.253,4.265759,0.0025915905658253635,3.25,4.21,11.08344048995605,8.908175334654022,-0.96
2025-06-04,4.25,4.253,4.265759,0.0,3.25,4.21,11.08821524570133,8.906346678034298,-0.96
2025-06-05,4.2425,4.245,4.257734999999999,-0.0017662648100811307,3.23,4.15,11.024735576357354,8.904615745335672,-0.9200000000000004
2025-06-06,4.228,4.23,4.24269,-0.0034236501182531853,3.23,4.17,11.043476497550603,8.916281494214234,-0.94
2025-06-09,4.2385,4.241,4.253722999999999,0.002480365058332268,3.23,4.18,10.840082508080581,8.889736661875002,-0.9499999999999997
2025-06-10,4.2345,4.237,4.249711,-0.0009441756868067142,3.23,4.17,10.810748211480457,8.840020067406364,-0.94
2025-06-11,4.2405,4.243,4.255729,0.0014159294401010492,3.26,4.18,10.808455140792582,8.84606501497488,-0.9199999999999999
2025-06-12,4.2255,4.228,4.240683999999999,-0.003543589817217585,3.23,4.07,10.827796641573926,8.802300214790524,-0.8400000000000003
2025-06-13,4.2435,4.247,4.259740999999999,0.00425080342519446,3.23,4.12,10.660345397456036,8.698632620284384,-0.8900000000000001
2025-06-16,4.246,4.248,4.260744,0.0005889628534698765,3.23,4.13,10.62501537340737,8.612506965858186,-0.8999999999999999
2025-06-17,4.2395,4.242,4.254726,-0.001532025519143776,3.23,4.12,10.546532309952637,8.584235408368025,-0.8900000000000001
2025-06-18,4.248,4.25,4.26275,0.0020029461777171242,3.23,4.1,8.205423165178686,8.082601336924558,-0.8699999999999997
2025-06-19,4.2595,4.262,4.274785999999999,0.0027034985611202877,3.23,4.1,7.950499830666638,7.990820658982198,-0.8699999999999997
2025-06-20,4.254,4.256,4.268768,-0.0012920657227126764,3.23,4.09,7.960064505829168,7.936265107685779,-0.8599999999999999
2025-06-23,4.281,4.284,4.2968519999999994,0.006326910384763629,3.33,4.08,7.879986344516597,8.016829524571142,-0.75
2025-06-24,4.254,4.256,4.268768,-0.006326910384763629,3.23,4.05,7.241594406758218,8.056953327671053,-0.8199999999999998
2025-06-25,4.2385,4.241,4.253722999999999,-0.0036502837117220466,3.33,4.04,7.254448915405552,7.997434764283813,-0.71
2025-06-26,4.225,4.228,4.240683999999999,-0.003190172257186319,3.23,4.01,7.259675848804966,8.009294263326948,-0.7799999999999998
2025-06-30,4.217,4.22,4.232659999999999,-0.0018952860447143394,3.32,4.16,7.050387253425594,8.01190573093621,-0.8400000000000003
2025-07-01,4.1925,4.195,4.207585,-0.0058267600491959115,3.23,4.18,7.1333403009402145,8.038967601323217,-0.9499999999999997
2025-07-02,4.2165,4.22,4.232659999999999,0.005708185317332415,3.23,4.17,6.65326168403067,8.09912131312221,-0.94
2025-07-03,4.224,4.227,4.239681,0.0017771463714011393,3.23,4.23,6.495221058915646,8.076657079689062,-1.0000000000000004
2025-07-04,4.229,4.232,4.244695999999999,0.0011830120863911553,3.23,4.23,6.456892613259474,8.081760304492484,-1.0000000000000004
2025-07-07,4.234,4.238,4.250714,0.0011816142223219916,3.23,4.25,6.427081499335213,8.073603902297526,-1.02
2025-07-08,4.2385,4.241,4.253722999999999,0.0010622603536498687,3.23,4.23,6.428419023953759,8.07218899759551,-1.0000000000000004
2025-07-09,4.254,4.257,4.2697709999999995,0.0036502837117220466,3.23,4.23,5.6058164081552855,8.074571783978929,-1.0000000000000004
2025-07-10,4.2525,4.255,4.267765,-0.0003526714901656014,3.23,4.25,5.607928017547725,8.049263807458999,-1.02
2025-07-11,4.256,4.26,4.272779999999999,0.0008227067514634534,3.23,4.25,4.901392942846076,8.041358781008407,-1.02
2025-07-14,4.255,4.259,4.271777,-0.0002349900140057315,3.23,4.25,4.85924347648057,7.98288657007619,-1.02
2025-07-15,4.254,4.256,4.268768,-0.0002350452472921205,2.96,4.24,4.857266003794915,7.940506547047689,-1.2800000000000002
2025-07-16,4.252,4.254,4.266761999999999,-0.00047025629834385185,2.98,4.24,4.802512106327312,7.940500181281738,-1.2600000000000002
2025-07-17,4.247,4.249,4.261746999999999,-0.0011766091485674313,2.98,4.24,4.81493715146898,7.936861664208158,-1.2600000000000002
2025-07-18,4.245,4.248,4.260744,-0.00047103156782335454,3.01,4.24,4.788762701768675,7.907441892464995,-1.2300000000000004
2025-07-21,4.2395,4.242,4.254726,-0.001296482001390098,3.01,4.23,4.694613533932108,7.879781567125013,-1.2200000000000006
2025-07-22,4.232,4.235,4.247705,-0.001770643205922351,3.02,4.23,4.668166121354126,7.8810994904053855,-1.2100000000000004
2025-07-23,4.2255,4.228,4.240683999999999,-0.00153709755359821,3.02,4.22,4.68116730473017,7.876733085034777,-1.1999999999999997
2025-07-24,4.217,4.219,4.231657,-0.0020136222379774082,3.02,4.25,4.692026100416455,7.857705721794664,-1.23
2025-07-25,4.219,4.222,4.234666,0.00047415837777897707,2.96,4.26,4.585419438724208,7.8588062702199615,-1.2999999999999998
2025-07-28,4.2205,4.223,4.235669,0.0003554712994360276,3.0,4.27,4.403203200602017,7.859634873783106,-1.2699999999999996
2025-07-29,4.2425,4.245,4.257734999999999,0.005199113684606571,3.0,4.26,4.668032083390306,7.884426507235795,-1.2599999999999998
2025-07-30,4.235,4.237,4.249711,-0.0017693900222264247,3.01,4.27,4.675181482927673,7.886453167278773,-1.2599999999999998
2025-07-31,4.254,4.256,4.268768,0.004476388674027554,2.99,4.3,4.821560472665818,7.915834142454512,-1.3099999999999996
2025-08-01,4.2775,4.28,4.29284,0.005509010006166104,2.99,4.29,5.020341515433657,7.977720887072776,-1.2999999999999998
2025-08-04,4.2355,4.238,4.250714,-0.00986734189474281,2.99,4.3,5.789290349812803,8.134122946257877,-1.3099999999999996
2025-08-05,4.2305,4.233,4.245698999999999,-0.0011811955070502034,2.99,4.29,5.459470814645007,8.120558907414683,-1.2999999999999998
2025-08-06,4.2275,4.23,4.24269,-0.0007093875918200432,2.99,4.29,5.16389992276778,8.114419011632828,-1.2999999999999998
2025-08-07,4.2295,4.232,4.244695999999999,0.0004729809713337474,3.04,4.29,5.0623573916206945,8.101844048378458,-1.25
2025-08-08,4.2355,4.238,4.250714,0.0014176021275364992,3.04,4.29,4.9912892192357,8.099858222631982,-1.25
2025-08-11,4.2355,4.238,4.250714,0.0,3.0,4.28,4.9561243666578925,8.099370869058522,-1.2800000000000002
2025-08-12,4.233,4.236,4.248708,-0.0005904233506821566,3.0,4.24,4.629364550387196,8.074185781676341,-1.2400000000000002
2025-08-13,4.222,4.225,4.237674999999999,-0.002602012112657537,3.0,4.24,4.410300712509453,8.045559638616849,-1.2400000000000002
2025-08-14,4.1975,4.2,4.2126,-0.005819839456570275,3.0,4.28,4.691454039735729,7.917064522294062,-1.2800000000000002
2025-08-15,4.218,4.22,4.232659999999999,0.004871972087024057,3.0,4.28,4.903650740262878,7.721569378833405,-1.2800000000000002
2025-08-18,4.2235,4.226,4.238677999999999,0.0013030861288314544,2.95,4.28,4.9065066840022125,7.695781542276185,-1.33
2025-08-19,4.226,4.228,4.240683999999999,0.0005917510084507693,3.01,4.27,4.898854288833177,7.656266646908845,-1.2599999999999998
2025-08-20,4.226,4.228,4.240683999999999,0.0,2.99,4.27,4.76863317411663,7.6105721115125675,-1.2799999999999994
2025-08-21,4.2225,4.225,4.237674999999999,-0.0008285494940467597,2.99,4.3,4.771776085931241,7.4894245617707025,-1.3099999999999996
2025-08-22,4.2305,4.233,4.245698999999999,0.0018928196826002441,3.0,4.28,4.802388294464083,7.484979975982789,-1.2800000000000002
2025-08-25,4.2,4.203,4.215609,-0.007235664093095728,3.02,4.28,5.217461981401737,7.561677863432156,-1.2600000000000002
2025-08-26,4.215,4.216,4.228648,0.0035650661644959225,3.02,4.24,5.344728434270448,7.588548112035555,-1.2200000000000002
2025-08-27,4.2275,4.23,4.24269,0.0029612103367797626,3.0,4.24,5.42750965554508,7.610502578603458,-1.2400000000000002
2025-08-28,4.2275,4.23,4.24269,0.0,3.0,4.25,5.419680735328484,7.610833478846753,-1.25
2025-08-29,4.218,4.22,4.232659999999999,-0.002249719734015665,3.0,4.25,5.453153186300511,7.574270392423439,-1.25
2025-09-02,4.231,4.234,4.246701999999999,0.0030772896813475725,3.0,4.24,5.524487864062913,7.593171742830291,-1.2400000000000002
2025-09-03,4.2305,4.233,4.245698999999999,-0.0001181823555118644,2.98,4.19,5.50091326824096,7.494777226694635,-1.2100000000000004
2025-09-04,4.229,4.232,4.244695999999999,-0.00035463089206699827,2.98,4.17,5.483069009109903,7.471061892770105,-1.19
2025-09-08,4.222,4.224,4.2366719999999995,-0.0016566090642224918,2.98,4.11,5.472485888237741,7.452609507146625,-1.1300000000000003
2025-09-09,4.2105,4.213,4.225638999999999,-0.002727543938219279,2.98,4.09,5.5287718464908,7.462505869915299,-1.1099999999999999
2025-09-10,4.2125,4.215,4.227644999999999,0.0004748901905704539,2.98,4.08,5.529673475283934,7.314904234735355,-1.1
2025-09-11,4.2205,4.223,4.235669,0.0018973087631575236,2.98,4.07,5.3360421949464145,7.299980513585434,-1.0900000000000003
2025-09-12,4.2105,4.213,4.225638999999999,-0.0023721989537279775,2.98,4.09,5.35453849955801,7.264895033944602,-1.1099999999999999
2025-09-17,4.1915,4.194,4.206581999999999,-0.00452274039213485,3.0,4.02,5.30756846627674,6.246757338709029,-1.0199999999999996
2025-09-18,4.1955,4.198,4.2105939999999995,0.0009538572322123073,2.98,4.04,5.016116659789758,6.115079793700264,-1.06
2025-09-19,4.206,4.208,4.220624,0.002499554952521077,3.03,4.04,4.264672867481837,6.1286206262843,-1.0100000000000002
2025-09-22,4.21,4.212,4.224635999999999,0.0009505704137817705,3.0,4.02,4.268239043247706,5.999125213236041,-1.0199999999999996
2025-09-23,4.1975,4.2,4.2126,-0.002973537724731301,3.03,4.01,4.343259824237471,5.653965488640329,-0.98
2025-09-24,4.2005,4.203,4.215609,0.0007144558532061751,3.05,4.02,4.3472538277474015,5.6421641087536845,-0.9699999999999998
2025-09-25,4.2125,4.215,4.227644999999999,0.0028527298557152747,3.05,4.08,4.413886523851364,5.648645651759689,-1.0300000000000002
2025-09-26,4.22,4.223,4.235669,0.0017788323694403196,3.05,4.07,4.4502024917827026,5.554944498210619,-1.0200000000000005
2025-09-29,4.2115,4.214,4.226642,-0.0020162492746391703,3.05,4.06,4.48230917309742,5.519381183522209,-1.0099999999999998
2025-09-30,4.215,4.217,4.229651,0.0008307126805373599,3.05,4.05,4.430559917153316,5.240816810586336,-1.0
2025-10-01,4.213,4.216,4.228648,-0.00047460845693914067,3.0,4.02,4.083482157165816,5.1483585183855975,-1.0199999999999996
2025-10-02,4.2055,4.208,4.220624,-0.0017817905765247222,3.01,4.05,3.860305058416743,5.129078324000664,-1.04
2025-10-03,4.2145,4.217,4.229651,0.0021377680350449513,3.0,4.06,3.8940796841163596,5.1237809634862845,-1.0599999999999996
2025-10-06,4.214,4.216,4.228648,-0.00011864507340231256,2.95,4.06,3.889011509100191,5.119919158693024,-1.1099999999999994
2025-10-07,4.214,4.216,4.228648,0.0,2.95,4.03,3.889011509100191,4.7690939188493155,-1.08
2025-10-08,4.2195,4.222,4.234666,0.0013043222338866567,2.95,4.03,3.9031459681063527,4.772026958600791,-1.08
2025-10-09,4.2145,4.217,4.229651,-0.0011856771604843441,2.95,4.03,3.8736615686397404,4.501061341625447,-1.08
2025-10-10,4.2215,4.224,4.2366719999999995,0.0016595546720177268,2.95,4.02,3.2651487040526574,4.497304113201176,-1.0699999999999994
2025-10-13,4.224,4.226,4.238677999999999,0.000592031276542837,2.95,4.02,3.106374590926049,4.498010360752187,-1.0699999999999994
2025-10-14,4.2255,4.228,4.240683999999999,0.0003550505984397656,2.96,4.02,2.985141708949389,4.476486767148397,-1.0599999999999996
2025-10-15,4.2245,4.227,4.239681,-0.0002366863916376527,2.95,4.03,2.9858211443396216,4.476565798551623,-1.08
2025-10-16,4.2275,4.23,4.24269,0.0007098911798359975,2.95,4.03,2.916490080349514,4.469119030700807,-1.08
2025-10-17,4.226,4.228,4.240683999999999,-0.00035488259673344125,2.95,4.01,2.7757130946269992,4.43267199267995,-1.0599999999999996
2025-10-21,4.226,4.228,4.240683999999999,0.0,2.99,3.95,2.775633007909329,4.41267601395939,-0.96
2025-10-22,4.2295,4.232,4.244695999999999,0.0008278635680671886,2.96,3.95,2.7849606509238756,4.412275935186149,-0.9900000000000002
2025-10-23,4.23,4.232,4.244695999999999,0.00011821029625447288,3.0,3.95,2.7401470012823297,4.405713713756164,-0.9500000000000002
2025-10-24,4.2265,4.229,4.241687,-0.0008277656713413517,3.0,3.94,2.6249175226125923,4.367617558152668,-0.94
2025-10-27,4.214,4.216,4.228648,-0.0029619120048478553,3.0,3.94,2.7702405967962496,4.33561599591766,-0.94
2025-10-28,4.201,4.204,4.216612,-0.003089723194752425,3.0,3.91,2.85117864481955,4.363214611793059,-0.9100000000000001
2025-10-29,4.1905,4.193,4.205578999999999,-0.0025025336304211887,3.0,3.87,2.860224342175156,4.37512364495978,-0.8700000000000001
2025-10-30,4.1975,4.2,4.2126,0.0016690514127348788,3.02,3.91,2.5894417149677955,4.370871084618886,-0.8900000000000001
2025-10-31,4.192,4.194,4.206581999999999,-0.0013111629508175682,3.02,3.91,2.603736455547613,4.348673567160674,-0.8900000000000001
2025-11-03,4.1975,4.2,4.2126,0.0013111629508175682,2.96,3.92,2.5250911158399627,4.351597676741784,-0.96
2025-11-04,4.2045,4.207,4.219620999999999,0.0016662703212571017,2.99,3.88,2.5584634260975894,4.223215026555578,-0.8899999999999997
2025-11-05,4.1945,4.197,4.209591,-0.002381236986603641,2.99,3.85,2.5047155901852216,4.111269514894211,-0.8599999999999999
2025-11-06,4.1825,4.185,4.1975549999999995,-0.002864989425370057,2.99,3.87,2.6249891032713095,4.094439387328816,-0.8799999999999999
2025-11-07,4.176,4.178,4.1905339999999995,-0.0015553032985045068,2.99,3.86,2.4955265310371773,4.069103527603667,-0.8699999999999997
2025-11-10,4.167,4.169,4.181506999999999,-0.0021574981400211968,2.99,3.9,2.4726197905937037,4.072560234548997,-0.9099999999999997
2025-11-11,4.1515,4.154,4.166461999999999,-0.0037266377203679646,2.99,3.9,2.614133021947401,4.004002520789231,-0.9099999999999997
2025-11-12,4.1305,4.133,4.145398999999999,-0.0050712496995255485,2.95,3.88,2.901204978284118,3.966663813196114,-0.9299999999999997
2025-11-13,4.131,4.133,4.145398999999999,0.00012104339420471177,2.95,3.9,2.909904135375084,3.9526036875132764,-0.9499999999999997
2025-11-14,4.1325,4.135,4.147404999999999,0.00036304229841466196,2.95,3.89,2.9041378617539424,3.946578663520276,-0.94
2025-11-17,4.1505,4.153,4.165458999999999,0.004346258199910968,2.95,3.9,3.144562131053804,4.014177960800786,-0.9499999999999997
2025-11-18,4.1765,4.179,4.191536999999999,0.006244766300870674,2.95,3.88,3.704398567081725,4.15239260280591,-0.9299999999999997
2025-11-19,4.148,4.15,4.16245,-0.006847284846543067,2.95,3.87,4.160091524822837,4.2497788944252175,-0.9199999999999999
2025-11-20,4.1645,4.167,4.179500999999999,0.003969930025977453,2.95,3.9,4.330269788832586,4.3088396797101405,-0.9499999999999997
2025-11-21,4.144,4.146,4.158437999999999,-0.004934715436076376,3.05,3.89,4.518789686470587,4.376100366617445,-0.8400000000000003
2025-11-24,4.1415,4.144,4.156432,-0.0006034639010001897,2.95,3.89,4.469428452574903,4.376388517472769,-0.94
2025-11-25,4.132,4.134,4.146402,-0.0022964897987896027,3.0,3.9,4.478760237089509,4.389092575982709,-0.8999999999999999
2025-11-26,4.1325,4.135,4.147404999999999,0.00012099945565013925,2.95,3.92,4.474326171381814,4.389647134616621,-0.9699999999999998
2025-11-27,4.131,4.133,4.145398999999999,-0.00036304229841466196,3.08,3.92,4.47323628530629,4.387245090303186,-0.8399999999999999
2025-11-28,4.129,4.131,4.143393,-0.00048426151067459955,3.08,3.91,4.452804522037516,4.387259594397143,-0.8300000000000001
2025-12-01,4.134,4.137,4.149410999999999,0.0012102143556236289,3.08,3.85,4.488925645584525,4.391314960105499,-0.77
2025-12-02,4.1325,4.135,4.147404999999999,-0.0003629105465343674,3.0,3.78,4.485001926760563,4.384096555343485,-0.7799999999999998
2025-12-03,4.1295,4.132,4.1443959999999995,-0.0007262164444075125,3.0,3.71,4.460167434658723,4.379528481124807,-0.71
2025-12-04,4.1175,4.12,4.132359999999999,-0.0029101511989764184,2.95,3.68,4.4923786998071416,4.39227074011468,-0.73
2025-12-05,4.115,4.117,4.129351,-0.0006073489406250854,2.95,3.66,4.493134545849458,4.390843208431837,-0.71
2025-12-08,4.108,4.11,4.12233,-0.0017025420627214682,3.05,3.67,4.4573829024262945,4.395946694552377,-0.6200000000000001
2025-12-09,4.118,4.12,4.132359999999999,0.002431316539285966,3.05,3.66,4.503211880161856,4.321677426061895,-0.6100000000000003
2025-12-10,4.121,4.123,4.135369,0.0007282437510827133,3.05,3.64,4.485983177814785,4.318346034769316,-0.5900000000000003
2025-12-11,4.107,4.109,4.121327,-0.0034030173822587884,2.95,3.62,4.508032651074834,4.272449167815435,-0.6699999999999999
2025-12-12,4.101,4.103,4.115308999999999,-0.0014619885644995279,3.05,3.61,4.509943855646702,4.157580733162937,-0.56
2025-12-15,4.0895,4.092,4.104276,-0.0028081332170304396,3.05,3.62,4.505835413012772,3.8630827229749523,-0.5700000000000003
2025-12-16,4.085,4.088,4.100263999999999,-0.0011009848809255818,3.06,3.61,4.441460370317259,3.862640725405951,-0.5499999999999998
2025-12-17,4.0855,4.088,4.100263999999999,0.0001223915306589607,3.06,3.58,4.431160589564059,3.8631940283628805,-0.52
2025-12-18,4.0885,4.091,4.103273,0.0007340347772697431,3.0,3.56,4.413637143896119,3.8650718818634653,-0.56
2025-12-19,4.0835,4.086,4.0982579999999995,-0.0012236908037015493,2.95,3.57,4.40947418708898,3.8556108101248885,-0.6199999999999997
2025-12-22,4.079,4.081,4.093243,-0.0011026034807719576,2.95,3.57,4.390704013603202,3.8567369649917307,-0.6199999999999997
2025-12-23,4.0675,4.07,4.08221,-0.0028233002243656102,2.95,3.56,4.344360324941697,3.8775999646299497,-0.6099999999999999
2025-12-24,4.058,4.061,4.073182999999999,-0.0023383187074328404,2.95,3.58,4.173226427529649,3.873692103516566,-0.6299999999999999
2025-12-26,4.037,4.04,4.0521199999999995,-0.005188399532819021,2.95,3.56,4.373491730631835,3.850232459763491,-0.6099999999999999
2025-12-29,4.054,4.057,4.069171,0.004202206159004573,2.95,3.54,4.595615141204198,3.8256547765484137,-0.5899999999999999
2025-12-30,4.0535,4.056,4.068168,-0.0001233425841837832,2.95,3.5,4.35029613349808,3.814675955493935,-0.5499999999999998
2025-12-31,4.057,4.06,4.0721799999999995,0.0008630787786856331,2.95,3.59,3.8444676274324756,3.8170564794054016,-0.6399999999999997
2026-01-02,4.0575,4.06,4.0721799999999995,0.00012323618229892475,2.95,3.58,3.4261628240920743,3.817526693622338,-0.6299999999999999
2026-01-05,4.076,4.079,4.091237,0.004549094953869126,2.95,3.57,3.4986244739546897,3.9075059252516655,-0.6199999999999997
2026-01-06,4.0555,4.058,4.070174,-0.005042130832215941,2.95,3.55,3.5099996515763676,3.964566692526618,-0.5999999999999996
2026-01-07,4.0505,4.053,4.0651589999999995,-0.0012336542398534434,3.05,3.55,3.5129388708324565,3.7982477357570725,-0.5
2026-01-08,4.0625,4.065,4.077195,0.002958217367446947,2.99,3.56,3.638577488946498,3.78161910908581,-0.5699999999999998
2026-01-09,4.064,4.066,4.0781979999999995,0.0003691626203248255,2.99,3.56,3.643353465735238,3.740855736108796,-0.5699999999999998
2026-01-12,4.0665,4.069,4.081206999999999,0.0006149683485121571,2.95,3.57,3.65887490749826,3.7443094436320274,-0.6199999999999997
2026-01-13,4.056,4.058,4.070174,-0.0025854123358108883,2.95,3.57,3.707222104157008,3.7493431878883507,-0.6199999999999997
2026-01-14,4.0545,4.057,4.069171,-0.0003698908864069317,2.95,3.57,3.668460011727548,3.7019767509730066,-0.6199999999999997
2026-01-15,4.049,4.051,4.063153,-0.0013574383524508349,3.02,3.6,3.6730822000379666,3.7044163675354986,-0.5800000000000001
2026-01-16,4.0605,4.063,4.075188999999999,0.002836181690304418,3.02,3.6,3.8117183506416463,3.7458958156268345,-0.5800000000000001
2026-01-19,4.054,4.056,4.068168,-0.0016020707105202092,3.02,3.6,3.7601908311530567,3.745410210945821,-0.5800000000000001
2026-01-20,4.0525,4.055,4.067164999999999,-0.0003700734021141461,3.05,3.61,3.76033013518636,3.725561963843128,-0.56
2026-01-21,4.056,4.058,4.070174,0.000863291661187704,2.94,3.62,3.763161677682772,3.7287837488662046,-0.6800000000000002
2026-01-22,4.045,4.048,4.060143999999999,-0.002715715778426997,3.05,3.64,3.719140696489847,3.7274846330541926,-0.5900000000000003
2026-01-23,4.013,4.016,4.028047999999999,-0.00794245922567538,2.94,3.63,4.260446078162109,3.91948282989711,-0.69
2026-01-26,3.9695,3.972,3.9839159999999993,-0.0108989491017486,2.94,3.63,5.113834923318432,4.235686341163556,-0.69
2026-01-27,3.9575,3.96,3.9718799999999996,-0.0030276294100008982,2.94,3.63,5.142582952437517,4.246587701564848,-0.69
2026-01-28,3.9205,3.923,3.9347689999999997,-0.009393316084190584,3.0,3.64,5.6518839165923795,4.457960450334401,-0.6400000000000001
2026-01-29,3.933,3.936,3.9478079999999993,0.0031832967608329543,2.94,3.64,5.806316303150554,4.497992084931503,-0.7000000000000002
2026-01-30,3.941,3.943,3.9548289999999997,0.002032004763194095,2.94,3.63,5.8719442403913105,4.506103187049582,-0.69
2026-02-03,3.943,3.946,3.9578379999999997,0.0005073566826234721,2.94,3.63,5.865819740045412,4.5043946533463455,-0.69
2026-02-04,3.9275,3.93,3.9417899999999997,-0.003938763747850738,2.94,3.63,5.918996492020115,4.495950019630915,-0.69
2026-02-05,3.949,3.952,3.9638559999999994,0.005459291156872936,2.95,3.64,6.234957503927512,4.596283719438713,-0.69
2026-02-06,3.9545,3.957,3.9688709999999996,0.0013917886728225248,2.95,3.63,6.252183900299349,4.604806167700139,-0.6799999999999997
2026-02-09,3.936,3.939,3.950817,-0.00468919178732774,2.94,3.63,6.3344843429623365,4.645322583499194,-0.69
2026-02-10,3.9245,3.927,3.9387809999999996,-0.002926024605275579,2.94,3.63,6.238244954689963,4.659134810927858,-0.69
2026-02-11,3.926,3.928,3.9397839999999995,0.00038214126953795,2.94,3.63,6.06021420387049,4.660138516658917,-0.69
2026-02-12,3.907,3.91,3.9217299999999997,-0.0048512797813358155,2.98,3.64,6.150324845767577,4.683596238604838,-0.6600000000000001
2026-02-13,3.9005,3.903,3.9147089999999998,-0.0016650660267027995,3.04,3.63,6.119235531626251,4.683983955719841,-0.5899999999999999
2026-02-16,3.8995,3.902,3.913706,-0.0002564102578150873,3.04,3.63,6.112487206885042,4.682848923151886,-0.5899999999999999
2026-02-19,3.916,3.918,3.9297539999999995,0.004222384879848162,3.04,3.63,6.085884848086373,4.746098045517969,-0.5899999999999999
2026-02-20,3.91,3.913,3.9247389999999993,-0.001533350670989364,2.97,3.63,5.98426727946962,4.7471934639226845,-0.6599999999999997
2026-02-23,3.891,3.893,3.9046789999999993,-0.004871179994857977,2.97,3.63,6.077242500471104,4.77578687957974,-0.6599999999999997
2026-02-24,3.8985,3.901,3.9127029999999996,0.0019256697651011123,2.95,3.63,6.020903128906285,4.792813723896023,-0.6799999999999997
2026-02-25,3.8935,3.896,3.9076879999999994,-0.0012833677326138382,3.05,3.62,5.998346475490696,4.788592152785204,-0.5700000000000003
2026-02-26,3.8875,3.89,3.9016699999999997,-0.0015422185295512758,2.96,3.64,5.966983588338088,4.788383622966866,-0.6800000000000002
2026-02-27,3.8845,3.887,3.8986609999999997,-0.0007720020970141128,2.96,3.63,5.961477938681472,4.7804828178911025,-0.6699999999999999
2026-03-02,3.905,3.907,3.9187209999999997,0.0052635078833107585,2.96,3.64,6.265202149593331,4.891124105821694,-0.6800000000000002
2026-03-03,3.9255,3.928,3.9397839999999995,0.005235948364524123,2.95,3.64,6.540949088741342,4.99509569881153,-0.69
2026-03-04,3.9475,3.95,3.9618499999999996,0.0055887354914867515,2.95,3.64,6.728383512966279,5.101939271729913,-0.69
2026-03-05,3.9445,3.947,3.9588409999999996,-0.0007602635946526437,2.95,3.65,6.725617042972888,5.099742291220211,-0.6999999999999997
2026-03-06,3.9485,3.951,3.9628529999999995,0.0010135564024913446,2.95,3.64,6.747238434764934,5.108517678307524,-0.69
2026-03-09,3.9695,3.972,3.9839159999999993,0.005304382227532267,2.96,3.64,6.9654268966545265,5.193997742321194,-0.6800000000000002
2026-03-10,3.936,3.938,3.949814,-0.008475162993023977,2.96,3.64,7.300863101469446,5.341295240093522,-0.6800000000000002
2026-03-11,3.923,3.926,3.937778,-0.0033083119625914037,2.96,3.64,7.031582461120128,5.350586080124077,-0.6800000000000002
2026-03-12,3.9305,3.933,3.9447989999999993,0.0019099770242585468,2.96,3.65,6.375409285267689,5.353799387204132,-0.69
2026-03-13,3.931,3.934,3.9458019999999996,0.00012720218804918026,2.96,3.64,6.324739541978519,5.354790332200725,-0.6800000000000002
2026-03-16,3.9335,3.936,3.9478079999999993,0.0006357683474367271,2.98,3.65,5.698175041326516,5.348746127912355,-0.6699999999999999
2026-03-17,3.9225,3.925,3.9367749999999995,-0.0028004091621094407,2.97,3.64,5.681650646950677,5.344499708518057,-0.6699999999999999
2026-03-18,3.911,3.914,3.9257419999999996,-0.002936109851673585,2.97,3.63,5.702897034595784,5.350035714150726,-0.6599999999999997
2026-03-19,3.9385,3.941,3.9528229999999995,0.007006844387864808,2.97,3.63,6.077193740607939,5.494053934733515,-0.6599999999999997
2026-03-24,3.947,3.95,3.9618499999999996,0.0021558565194681467,2.97,3.63,5.993394705480112,5.512146908071221,-0.6599999999999997
2026-03-25,3.9555,3.959,3.9708769999999998,0.0021512187986039155,2.97,3.63,5.813456631497855,5.525401134128811,-0.6599999999999997
2026-03-26,3.9945,3.998,4.009994,0.009811399460645687,2.97,3.63,6.458124338592267,5.766155294821481,-0.6599999999999997
2026-03-27,4.0075,4.01,4.022029999999999,0.003249190561611437,2.97,3.63,6.329981306353082,5.744504917205289,-0.6599999999999997
2026-03-30,4.0215,4.023,4.035068999999999,0.0034873618604154277,2.97,3.63,6.292336503698118,5.779597154193701,-0.6599999999999997
2026-03-31,4.0375,4.04,4.0521199999999995,0.003970721186788317,2.98,3.64,6.3565704692472895,5.822656184364514,-0.6600000000000001
2026-04-01,4.035,4.038,4.050114,-0.000619386826862689,2.97,3.63,6.136431634116651,5.770520208902233,-0.6599999999999997
2026-04-02,4.0315,4.035,4.047104999999999,-0.0008677865789723516,2.98,3.63,6.109793979784811,5.66337515364037,-0.6499999999999999
2026-04-03,4.034,4.036,4.048107999999999,0.0006199243890803174,3.0,3.63,6.098142124908958,5.5592840324469215,-0.6299999999999999
2026-04-06,4.032,4.034,4.046101999999999,-0.0004959087629525794,2.97,3.63,6.043332630690716,5.511966268298025,-0.6599999999999997
2026-04-07,4.037,4.039,4.051117,0.0012393111017363623,2.97,3.59,5.996654836019236,5.463458288132865,-0.6199999999999997
2026-04-08,3.99,3.992,4.003976,-0.011710610969031698,2.97,3.58,6.851700170698859,5.787957229362757,-0.6099999999999999
2026-04-09,3.983,3.986,3.9979579999999997,-0.0017559267022648761,2.97,3.57,6.883901114775627,5.783684543513255,-0.5999999999999996
2026-04-10,3.969,3.972,3.9839159999999993,-0.003521130398578931,2.97,3.59,6.97035343616082,5.8063163037645324,-0.6199999999999997
2026-04-13,3.975,3.978,3.989934,0.0015105743053669407,3.0,3.6,6.943398505264067,5.815554357251097,-0.6000000000000001
2026-04-14,3.956,3.958,3.969874,-0.004791334345829679,2.99,3.62,7.115149268337295,5.861218981673755,-0.6299999999999999
2026-04-15,3.95,3.952,3.9638559999999994,-0.0015178348474349512,2.99,3.63,7.000102773038913,5.856777088444723,-0.6399999999999997
2026-04-16,3.95,3.952,3.9638559999999994,0.0,3.02,3.61,6.847429392897114,5.857342737712727,-0.5899999999999999
2026-04-17,3.956,3.958,3.969874,0.0015178348474349512,3.01,3.6,6.668739622362849,5.866937347110437,-0.5900000000000003
2026-04-20,3.9545,3.957,3.9688709999999996,-0.0003792427831308398,2.97,3.6,6.665522597881089,5.852484011106657,-0.6299999999999999
2026-04-21,3.956,3.958,3.969874,0.0003792427831308398,2.97,3.58,6.660372325784617,5.854055445809745,-0.6099999999999999
2026-04-22,3.9565,3.959,3.9708769999999998,0.00012638230664552275,2.97,3.58,6.472731037578211,5.85086643765419,-0.6099999999999999
2026-04-23,3.9655,3.968,3.9799039999999994,0.002272154474126209,2.97,3.61,5.997741004946818,5.8487323597248695,-0.6399999999999997
2026-04-24,3.972,3.974,3.985922,0.0016377956416888662,2.97,3.6,5.913551818038816,5.855761282067309,-0.6299999999999999
2026-04-27,3.9525,3.955,3.966865,-0.004921456081436126,2.97,3.61,6.0921150464766365,5.8831906912145,-0.6399999999999997
2026-04-28,3.9475,3.95,3.9618499999999996,-0.0012658229538300425,2.97,3.59,6.10664535268817,5.882304161305637,-0.6199999999999997
2026-04-29,3.9505,3.953,3.9648589999999992,0.0007596860329908139,2.97,3.58,6.107625757089982,5.871643770715954,-0.6099999999999999
2026-04-30,3.9705,3.973,3.9849189999999997,0.005049878172477706,2.97,3.61,6.2018519238743295,5.940190929033644,-0.6399999999999997
2026-05-04,3.956,3.958,3.969874,-0.0036586175926629494,3.0,3.6,6.23910274917268,5.965929531177455,-0.6000000000000001
2026-05-05,3.965,3.967,3.9789009999999996,0.002272441326345742,3.0,3.59,5.946235925569306,5.979440637249287,-0.5899999999999999
2026-05-06,3.9535,3.956,3.9678679999999997,-0.002904592557966712,2.97,3.59,5.984093988441404,5.993067896712827,-0.6199999999999997
2026-05-07,3.908,3.911,3.9227329999999996,-0.011575528348308328,2.97,3.61,6.829043325885095,6.279226862940249,-0.6399999999999997
2026-05-08,3.9195,3.922,3.933766,0.002938360466103518,2.97,3.61,6.197036603390082,6.292239274760601,-0.6399999999999997
2026-05-11,3.9285,3.931,3.9427929999999995,0.002293578987099476,2.97,3.6,6.15105025756726,6.299815898963661,-0.6299999999999999
2026-05-12,3.935,3.938,3.949814,0.0016532082356273126,2.97,3.6,6.065872623772319,6.255217257724589,-0.6299999999999999
2026-05-13,3.9275,3.93,3.9417899999999997,-0.0019077907217273093,2.98,3.6,5.907658811216684,6.214553479315098,-0.6200000000000001
2026-05-14,3.9295,3.932,3.9437959999999994,0.0005091001764532255,3.04,3.61,5.921698249574106,6.216113909796124,-0.5699999999999998
2026-05-15,3.9445,3.948,3.9598439999999995,0.003810012228914861,3.0,3.6,6.075941155950919,6.251789933595004,-0.6000000000000001
2026-05-18,3.9775,3.98,3.9919399999999996,0.008331277676797422,3.03,3.59,6.611922676553496,6.416682231812495,-0.56
2026-05-19,3.9745,3.977,3.9889309999999996,-0.0007545271987745572,3.02,3.56,6.6124350101647,6.366213760801872,-0.54
2026-05-20,3.978,3.98,3.9919399999999996,0.0008802264007503613,3.04,3.55,6.605142508073121,6.317729533013006,-0.5099999999999998
2026-05-21,3.969,3.972,3.9839159999999993,-0.002265006630852273,3.0,3.61,5.718744624465044,6.324794043906968,-0.6099999999999999
2026-05-22,3.964,3.966,3.9778979999999997,-0.0012605573331867514,2.97,3.61,5.708644826983955,6.304020449736054,-0.6399999999999997
2026-05-25,3.9555,3.958,3.969874,-0.0021466009884276716,2.97,3.61,5.651925723413023,6.3108193778539405,-0.6399999999999997
2026-05-26,3.966,3.969,3.9809069999999993,0.002651014618290315,2.97,3.62,5.689940420482965,6.328355877721241,-0.6499999999999999
2026-05-28,3.982,3.985,3.9969549999999994,0.004026175544400434,2.97,3.63,5.6284750950190015,6.356741153991183,-0.6599999999999997
2026-05-29,3.9655,3.968,3.9799039999999994,-0.0041522551007673325,2.98,3.63,5.749574990848614,6.390942042039062,-0.6499999999999999
2026-06-03,3.9825,3.985,3.9969549999999994,0.004277812260829128,2.97,3.62,5.873476886134452,6.432637413863733,-0.6499999999999999
2026-06-04,4.0155,4.018,4.030053999999999,0.008252109844313349,2.97,3.62,6.305864268500273,6.567070689730127,-0.6499999999999999
2026-06-05,4.036,4.039,4.051117,0.005092229844982699,2.97,3.62,6.437765544300222,6.61972864555898,-0.6499999999999999
2026-06-08,4.0705,4.073,4.085219,0.00851173954053297,3.01,3.62,6.824609654815681,6.77261877679029,-0.6100000000000003
2026-06-09,4.064,4.066,4.0781979999999995,-0.0015981317557147712,2.98,3.6,6.860923986692671,6.776764496366878,-0.6200000000000001
2026-06-10,4.063,4.066,4.0781979999999995,-0.00024609327059099684,2.97,3.61,6.855774115133399,6.761098114560027,-0.6399999999999997
2026-06-11,4.0675,4.07,4.08221,0.0011069431054659962,2.97,3.61,6.851927270322081,6.626457284634133,-0.6399999999999997
2026-06-12,4.0585,4.061,4.073182999999999,-0.002215112891962301,2.99,3.6,6.69902067639063,6.370873401002143,-0.6099999999999999
2026-06-15,4.048,4.05,4.062149999999999,-0.0025905152339289472,2.98,3.6,6.746762077167307,6.364930093485068,-0.6200000000000001
2026-06-16,4.0625,4.065,4.077195,0.0035756156706914233,3.03,3.58,6.793124432399692,6.175645333829726,-0.5500000000000003
2026-06-18,4.091,4.094,4.106282,0.006990891291405621,3.03,3.6,6.917525276469629,6.2566507230574455,-0.5700000000000003
2026-06-19,4.137,4.14,4.152419999999999,0.01118144853201275,2.98,3.6,7.371909189839301,6.50505254087743,-0.6200000000000001
2026-06-22,4.153,4.156,4.168467999999999,0.0038600771693422242,2.98,3.57,7.400832462420814,6.528735375155055,-0.5899999999999999
2026-06-23,4.1405,4.143,4.155428999999999,-0.003014411156998742,3.01,3.56,7.406634998992145,6.512446090154181,-0.5500000000000003
2026-06-24,4.1405,4.143,4.155428999999999,0.0,3.01,3.56,6.302974839003485,6.460658666073551,-0.5500000000000003
2026-06-25,4.1115,4.115,4.127345,-0.007028628062804465,3.01,3.62,6.805816938621366,6.581233710320508,-0.6100000000000003
2026-06-26,4.1015,4.104,4.116312,-0.0024351649681457754,3.01,3.62,6.9009162151797545,6.542257296932015,-0.6100000000000003
2026-06-29,4.0655,4.068,4.080203999999999,-0.008816023794912198,3.01,3.63,7.512333746969059,6.70082962110196,-0.6200000000000001
2026-06-30,4.07,4.073,4.085219,0.001106262788748369,3.05,3.61,7.458501501068669,6.701894291390147,-0.56
2026-07-01,4.093,4.096,4.108288,0.005635198055762292,3.04,3.57,7.56516269840013,6.698945548414439,-0.5299999999999998
2026-07-02,4.085,4.087,4.099260999999999,-0.0019564691982998372,3.04,3.61,7.587384573077663,6.7018097142104525,-0.5699999999999998
2026-07-03,4.069,4.072,4.084216,-0.0039244592924132515,3.0,3.61,7.411145467204791,6.74172909110492,-0.6099999999999999
2026-07-06,4.077,4.079,4.091237,0.0019641548175635126,2.99,3.61,7.404811255474404,6.716709910676712,-0.6199999999999997
2026-07-07,4.0745,4.077,4.089231,-0.0006133840589790385,2.97,3.59,7.416903135026266,6.710788632306739,-0.6199999999999997
2026-07-08,4.0775,4.08,4.092239999999999,0.0007360157348945684,2.98,3.57,7.359954702842156,6.650028175106169,-0.5899999999999999
2026-07-09,4.08,4.082,4.094245999999999,0.0006129329030384323,3.0,3.63,7.332163421917278,6.645799035824558,-0.6299999999999999
2026-07-10,4.0675,4.07,4.08221,-0.0030684283050146366,3.0,3.63,7.37088409300842,6.666086338006622,-0.6299999999999999
2026-07-13,4.081,4.084,4.096251999999999,0.003313496312613129,2.97,3.64,7.386803388668076,6.6737726225433365,-0.6699999999999999
2026-07-14,4.078,4.08,4.092239999999999,-0.0007353842714052927,3.01,3.64,7.3434359821754285,6.673571645035523,-0.6300000000000003
2026-07-15,4.0705,4.073,4.085219,-0.0018408301203680644,3.03,3.64,7.23794486154064,6.636979001003654,-0.6100000000000003
2026-07-16,4.0725,4.075,4.087225,0.0004912194621675692,2.98,3.67,7.165917907667195,6.587633163231148,-0.69
2026-07-17,4.08,4.082,4.094245999999999,0.0018399269220072956,2.98,3.65,6.8145549175689935,6.533810803933464,-0.6699999999999999
2026-07-20,4.089,4.092,4.104276,0.0022034529664349822,2.98,3.64,6.696959299160776,6.5381543091005785,-0.6600000000000001
2026-07-21,4.0895,4.092,4.104276,0.00012227181038637625,3.01,3.64,6.243807360676821,6.537486103951892,-0.6300000000000003
2026-07-22,4.0955,4.098,4.110294,0.0014660967806281455,3.05,3.65,6.232183419512408,6.487142329700064,-0.6000000000000001
2026-07-23,4.0865,4.089,4.101267,-0.002199951999472427,3.05,3.73,6.271502622214264,6.328545439506561,-0.6800000000000002
2026-07-24,4.0935,4.096,4.108288,0.0017114918603182705,3.05,3.71,6.281604079834481,6.3005616804920175,-0.6600000000000001
2026-07-27,4.084,4.086,4.0982579999999995,-0.002323449531946631,3.05,3.69,6.285319497098454,6.3130282770054,-0.6400000000000001
2026-07-28,4.0865,4.089,4.101267,0.0006119576716283603,3.05,3.64,6.229665546370083,6.312900471601002,-0.5900000000000003
2026-07-29,4.0895,4.092,4.104276,0.0007338552188442815,3.05,3.61,6.154429141960653,6.313011868090919,-0.56
2026-07-30,4.0875,4.09,4.102269999999999,-0.0004891769695198889,3.05,3.64,5.811704774266865,6.2913116108110305,-0.5900000000000003
2026-07-31,4.09,4.092,4.104276,0.0006114338313385481,3.04,3.63,4.750594492073361,6.265074639939418,-0.5899999999999999
2026-08-03,4.092,4.095,4.107284999999999,0.0004888780346696819,2.97,3.64,4.586728328588066,6.167492813715214,-0.6699999999999999
2026-08-04,4.0945,4.097,4.109291,0.0006107616387258652,3.0,3.62,4.533605541021408,6.160629126966934,-0.6200000000000001
2026-08-05,4.0915,4.094,4.106282,-0.0007329587428066553,3.0,3.62,4.533350763145047,6.156418960359049,-0.6200000000000001
2026-08-06,4.0875,4.09,4.102269999999999,-0.00097811476192744,3.0,3.65,4.080786287132338,5.949436146268501,-0.6499999999999999
2026-08-07,4.0905,4.093,4.1052789999999995,0.0007336757482439005,3.0,3.64,4.032701080542115,5.92845216171477,-0.6400000000000001
2026-08-10,4.089,4.091,4.103273,-0.00036677058911038785,3.0,3.64,3.0733102317307774,5.903476953059236,-0.6400000000000001
2026-08-11,4.0925,4.095,4.107284999999999,0.0008555888806476286,2.98,3.64,3.0676846777041686,5.86983092282215,-0.6600000000000001
2026-08-12,4.092,4.094,4.106282,-0.00012218217377291118,3.0,3.62,2.5962300012516035,5.8685743095274425,-0.6200000000000001
2026-08-13,4.087,4.089,4.101267,-0.0012226435072397734,3.0,3.64,2.5567884062376773,5.870626948507277,-0.6400000000000001
2026-08-14,4.0855,4.088,4.100263999999999,-0.00036708473951518883,2.99,3.64,2.27240107276956,5.870722230646617,-0.6499999999999999
2026-08-17,4.077,4.081,4.093243,-0.0020826960055086996,2.98,3.64,2.2919269952368415,5.881590592372001,-0.6600000000000001
2026-08-18,4.054,4.057,4.069171,-0.005657375807307963,2.98,3.63,2.81562500769916,5.95726897917863,-0.6499999999999999
2026-08-19,4.0625,4.066,4.0781979999999995,0.0020944996260474635,3.02,3.62,2.8803176048254033,5.624392211458601,-0.6000000000000001
2026-08-20,4.0415,4.044,4.056131999999999,-0.005182637464093753,3.02,3.65,3.2212686822748067,5.68701508632679,-0.6299999999999999
2026-08-21,4.0455,4.048,4.060143999999999,0.000989242073994978,2.98,3.65,3.1334696593372846,5.654291718078337,-0.6699999999999999
2026-08-24,4.0405,4.043,4.055129,-0.0012367055743918165,2.98,3.64,2.9655597288874938,5.65511606735734,-0.6600000000000001
2026-08-26,4.027,4.03,4.04209,-0.0033467648220482094,2.98,3.65,3.090345031078959,5.62422952962778,-0.6699999999999999
2026-08-27,4.028,4.03,4.04209,0.0002482929869986883,2.98,3.66,3.0660716173066227,5.616735940999307,-0.6800000000000002
2026-08-28,4.0275,4.031,4.043092999999999,-0.00012413878732342454,2.98,3.69,3.0565754674591235,5.616910317347428,-0.71
2026-09-01,4.0353,4.038,4.050114,0.0019348123315161558,3.0,3.69,3.0626554941200994,5.620079430137718,-0.69
2026-09-02,4.044,4.0465,4.0586395,0.0021536527577163955,3.0,3.66,3.05905509494912,5.628401218762216,-0.6600000000000001
2026-09-03,4.043,4.046,4.058138,-0.0002473104995910358,2.99,3.7,3.0557724358413685,5.628966091856738,-0.71
2026-09-04,4.0455,4.049,4.061147,0.0006181616071232465,2.98,3.66,3.0209128796375375,5.629282308280623,-0.6800000000000002
2026-09-07,4.0495,4.052,4.064155999999999,0.0009882644411505215,3.04,3.66,2.9979418031724108,5.620297673095977,-0.6200000000000001
2026-09-08,4.0555,4.059,4.071177,0.0014805678213547502,2.98,3.66,2.98517663463283,5.61924633777393,-0.6800000000000002
2026-09-09,4.07,4.072,4.084216,0.0035690149262412874,3.05,3.66,3.1251947858631466,5.578259082812065,-0.6100000000000003
2026-09-10,4.062,4.066,4.0781979999999995,-0.0019675362963107457,3.05,3.78,3.162294649439529,5.585158607187907,-0.73
2026-09-11,4.0755,4.078,4.090234,0.0033179753941821044,3.05,3.79,3.3137032667351423,5.607252853700017,-0.7400000000000002
2026-09-14,4.0725,4.075,4.087225,-0.0007363770583119766,3.0,3.8,3.3169062919834853,5.553148817370195,-0.7999999999999998
2026-09-15,4.08,4.082,4.094245999999999,0.0018399269220072956,3.01,3.79,3.359367170011634,5.518789970207683,-0.7800000000000002
2026-09-17,4.0975,4.1,4.112299999999999,0.004280043219777374,3.01,3.83,3.5872760451519436,5.548807076774532,-0.8200000000000003
2026-09-18,4.078,4.081,4.093243,-0.0047703594835841745,3.01,3.83,3.843381152582298,5.588578558828344,-0.8200000000000003
2026-09-21,4.077,4.079,4.091237,-0.00024524831514716183,3.01,3.83,3.839380361365353,5.213302974359442,-0.8200000000000003
